﻿AMBALAL SARABHAI ENTERPRISES LTD  (500009) Statement of  CASH FLOW
Fiscal year ends in March. INR in millions except per share data.,2017-03,2018-03,2019-03,2020-03,2021-03,TTM
Cash Flows From Operating Activities
Net income,-149,80,82,149,325,591
Depreciation & amortization,45,21,21,26,24,23
Investments losses (gains),-0,-0,-0,-0,-0,-0
Change in working capital,37,165,166,-61,-80,-153
Inventory,-2,-6,-6,-15,5,12
Other working capital,39,170,172,-46,-84,-165
Other non-cash items,119,-339,-81,-183,-293,-427
Net cash provided by operating activities,51,-74,188,-69,-23,34
Cash Flows From Investing Activities
"Investments in property, plant, and equipment",-55,-116,-104,-37,-25,-73
"Property, plant, and equipment reductions",12,268,1,5,114,148
"Acquisitions, net",,,,276,,
Sales/Maturities of investments,0,,,,,
Other investing activities,10,24,10,-75,11,17
Net cash used for investing activities,-32,176,-92,169,101,92
Cash Flows From Financing Activities
Other financing activities,-65,-21,-61,-142,-58,-131
Net cash provided by (used for) financing activities,-65,-21,-61,-142,-58,-131
Net change in cash,-46,81,35,-42,20,-5
Cash at beginning of period,100,54,135,170,128,122
Cash at end of period,55,135,170,128,147,117
Free Cash Flow
Operating cash flow,51,-74,188,-69,-23,34
Capital expenditure,-55,-116,-104,-37,-25,-73
Free cash flow,-3,-189,84,-106,-48,-39
