﻿BALRAMPUR CHINI MILLS LTD  (500038) CashFlowFlag INCOME STATEMENT
Fiscal year ends in March. INR in millions except per share data.,2017-03,2018-03,2019-03,2020-03,2021-03,TTM
Revenue,34601,43425,42858,44626,46725,44466
Cost of revenue,22204,35564,31586,36036,35675,33007
Gross profit,12398,7862,11272,8590,11050,11459
Operating expenses
"Sales, General and administrative",112,268,870,755,1223,
Other operating expenses,4071,3993,4432,1983,3803,5579
Total operating expenses,4183,4261,5302,2738,5026,5579
Operating income,8215,3601,5970,5852,6023,5881
Interest Expense,548,516,405,638,389,323
Other income (expense),-317,366,453,467,457,448
Income before taxes,7349,3452,6018,5681,6092,6005
Provision for income taxes,1422,1135,260,487,1294,1408
Net income from continuing operations,5928,2317,5758,5194,4798,4597
Other,2,,,,,
Net income,5930,2317,5758,5194,4798,4597
Net income available to common shareholders,5930,2317,5758,5194,4798,4597
Earnings per share
Basic,24.29,9.86,25.21,23.44,22.48,21.88
Diluted,24.28,9.86,25.21,23.44,22.48,21.88
Weighted average shares outstanding
Basic,244,235,228,222,213,208
Diluted,244,235,228,222,213,208
EBITDA,8948,4920,7381,7333,7600,7460
