﻿CIPLA LTD  (500087) CashFlowFlag INCOME STATEMENT
Fiscal year ends in March. INR in millions except per share data.,2017-03,2018-03,2019-03,2020-03,2021-03,TTM
Revenue,142017,149801,161556,168261,190232,210190
Cost of revenue,58913,60542,63610,66094,80204,88398
Gross profit,83104,89259,97946,102168,110028,121792
Operating expenses
Research and development,2803,2686,3569,3545,1327,
"Sales, General and administrative",12087,13453,15772,17606,16764,
Other operating expenses,51778,54267,58254,59912,59429,85607
Total operating expenses,66668,70407,77594,81062,77521,85607
Operating income,16436,18852,20351,21105,32507,36184
Interest Expense,877,1092,1638,1892,1530,1080
Other income (expense),-3337,-1065,2078,2569,1923,787
Income before taxes,12222,16695,20791,21782,32901,35892
Provision for income taxes,1798,2501,5695,6312,8888,9909
Other income,-70,-28,-172,-475,-128,-108
Net income from continuing operations,10354,14166,14924,14995,23885,25875
Other,-290,-60,353,470,164,-194
Net income,10064,14105,15277,15465,24049,25681
Net income available to common shareholders,10064,14105,15277,15465,24049,25681
Earnings per share
Basic,12.52,17.53,18.97,19.19,29.82,31.83
Diluted,12.50,17.50,18.93,19.16,29.79,31.80
Weighted average shares outstanding
Basic,804,805,805,806,806,807
Diluted,805,806,807,807,807,808
EBITDA,26328,31015,35692,35421,45107,46794
