﻿CG POWER & INDUSTRIAL SOLUTIONS LTD  (500093) CashFlowFlag INCOME STATEMENT
Fiscal year ends in March. INR in millions except per share data.,2018-03,2019-03,2020-03,2021-03,2022-03,TTM
Revenue,61886,78978,50513,29239,55614,55614
Cost of revenue,44390,52418,33566,19858,39361,39361
Gross profit,17496,26560,16947,9381,16253,16253
Operating expenses
"Sales, General and administrative",2666,3900,2065,1050,,
"Restructuring, merger and acquisition",,954,,,,
Other operating expenses,11772,19827,15878,9452,10710,10710
Total operating expenses,14438,24681,17942,10503,10710,10710
Operating income,3058,1879,-996,-1122,5543,5543
Interest Expense,2193,3830,3240,1971,682,682
Other income (expense),-4050,-2638,-18548,17364,5496,5496
Income before taxes,-3185,-4590,-22784,14272,10357,10357
Provision for income taxes,748,326,-1185,1476,1223,1223
Net income from continuing operations,-3934,-4915,-21599,12795,9134,9134
Net income from discontinuing ops,-7726,-156,-70,1,-4,-4
Other,20,36,75,156,,
Net income,-11639,-5035,-21594,12952,9131,9131
Net income available to common shareholders,-11639,-5035,-21594,12952,9131,9131
Earnings per share
Basic,-18.57,-8.03,-34.45,14.92,6.72,6.72
Diluted,-18.57,-8.03,-34.45,14.10,6.35,6.35
Weighted average shares outstanding
Basic,627,627,627,868,1359,1359
Diluted,627,627,627,919,1438,1438
EBITDA,500,1493,-17428,17626,12051,12051
