﻿BAJAJ ELECTRICALS LTD  (500031) CashFlowFlag BALANCE SHEET
Fiscal year ends in March. INR in millions except per share data.,2017-03,2018-03,2019-03,2020-03,2021-03
Assets
Current assets
Cash
Cash and cash equivalents,251,258,112,1016,456
Short-term investments,0,39,42,22,152
Total cash,251,297,154,1039,609
Receivables,13494,17488,26242,20490,15122
Inventories,5948,5821,8302,6989,9864
Prepaid expenses,422,1787,2974,2463,2375
Other current assets,1208,1372,2232,2010,1729
Total current assets,21323,26764,39905,32990,29698
Non-current assets
"Property, plant and equipment"
"Gross property, plant and equipment",3792,4042,4891,6367,7409
Accumulated Depreciation,-561,-882,-1321,-1962,-2308
"Net property, plant and equipment",3232,3161,3570,4405,5101
Goodwill,,,249,264,264
Intangible assets,0,61,239,177,194
Deferred income taxes,559,735,575,451,525
Other long-term assets,5608,3938,7251,7384,6895
Total non-current assets,9399,7894,11885,12682,12979
Total assets,30722,34659,51790,45672,42677
Liabilities and stockholders' equity
Liabilities
Current liabilities
Short-term debt,6073,7116,13774,8821,4451
Capital leases,,,,255,165
Accounts payable,6149,16820,11041,9099,9602
Taxes payable,296,229,96,96,238
Other current liabilities,8519,225,13269,11340,10959
Total current liabilities,21037,24390,38180,29611,25415
Non-current liabilities
Long-term debt,170,115,2126,799,256
Capital leases,,,,732,221
Accrued liabilities,,,22,,
Pensions and other benefits,726,637,630,730,691
Other long-term liabilities,158,152,273,318,312
Total non-current liabilities,1054,904,3051,2579,1480
Total liabilities,22091,25294,41230,32189,26895
Stockholders' equity
Common stock,203,206,206,228,230
Additional paid-in capital,2466,2427,3022,6490,6728
Retained earnings,1325,1862,2923,2312,4092
Accumulated other comprehensive income,4637,4869,4409,4453,4732
Total stockholders' equity,8631,9365,10559,13483,15782
Total liabilities and stockholders' equity,30722,34659,51790,45672,42677
