﻿ORIENTAL AROMATICS LTD  (500078) Statement of  CASH FLOW
Fiscal year ends in March. INR in millions except per share data.,2017-03,2018-03,2019-03,2020-03,2021-03,TTM
Cash Flows From Operating Activities
Net income,377,430,832,1029,1370,1265
Depreciation & amortization,116,148,178,190,175,163
Investments losses (gains),-1,,,,7,
Change in working capital,3,-321,-1154,724,-1042,-966
Inventory,29,-184,-701,406,-652,-523
Other working capital,-25,-137,-453,319,-390,-443
Other non-cash items,-75,-96,-90,-134,-336,-309
Net cash provided by operating activities,421,160,-234,1809,173,153
Cash Flows From Investing Activities
"Investments in property, plant, and equipment",-198,-308,-129,-99,-350,-538
"Property, plant, and equipment reductions",1,2,4,2,1,
Other investing activities,,,,,,1
Net cash used for investing activities,-197,-307,-124,-96,-349,-537
Cash Flows From Financing Activities
Debt repayment,-171,,,-135,-76,
Dividend paid,-9,-47,-20,-142,-84,
Other financing activities,-41,195,377,-1313,318,405
Net cash provided by (used for) financing activities,-222,148,357,-1591,157,405
Net change in cash,2,2,-2,123,-19,21
Cash at beginning of period,19,44,46,50,173,52
Cash at end of period,22,46,44,173,154,73
Free Cash Flow
Operating cash flow,421,160,-234,1809,173,153
Capital expenditure,-198,-308,-129,-99,-350,-538
Free cash flow,223,-148,-363,1711,-177,-385
