﻿BHARAT ELECTRONICS LTD  (500049) CashFlowFlag INCOME STATEMENT
Fiscal year ends in March. INR in millions except per share data.,2017-03,2018-03,2019-03,2020-03,2021-03,TTM
Revenue,83246,100776,118547,126366,138497,156425
Cost of revenue,44289,55303,59563,71025,80008,94635
Gross profit,38957,45473,58984,55340,58490,61791
Operating expenses
"Sales, General and administrative",330,492,424,428,418,
Other operating expenses,22236,24734,30964,28483,29431,27858
Total operating expenses,22566,25226,31388,28910,29849,27858
Operating income,16392,20247,27596,26430,28640,33932
Interest Expense,121,17,123,30,58,58
Other income (expense),3818,-422,-1190,-1616,836,1837
Income before taxes,20089,19808,26283,24784,29418,35711
Provision for income taxes,4855,5498,7803,6858,8724,10074
Other income,,,386,321,304,496
Net income from continuing operations,15234,14310,18867,18247,20998,26133
Other,2,7,-3,-9,-8,-5
Net income,15236,14317,18864,18238,20989,26128
Net income available to common shareholders,15236,14317,18864,18238,20989,26128
Earnings per share
Basic,5.94,5.83,7.74,7.49,8.61,10.72
Diluted,5.94,5.83,7.74,7.49,8.61,10.72
Weighted average shares outstanding
Basic,2565,2456,2437,2437,2437,2436
Diluted,2565,2456,2437,2437,2437,2436
EBITDA,22326,22542,29787,28532,33349,39688
