﻿QUEST CAPITAL MARKETS LTD  (500069) CashFlowFlag BALANCE SHEET
Fiscal year ends in March. INR in millions except per share data.,2017-03,2018-03,2019-03,2020-03,2021-03
Assets
Current assets
Cash
Cash and cash equivalents,41,63,131,3,285
Short-term investments,,,,1796,4157
Total cash,41,63,131,1800,4442
Receivables,4,17,3,3,2
Inventories,1,3,27,,
Prepaid expenses,,18,24,,
Other current assets,302,259,303,350,414
Total current assets,349,359,488,2153,4857
Non-current assets
"Property, plant and equipment"
"Gross property, plant and equipment",11,10,11,12,13
Accumulated Depreciation,-7,-8,-9,-4,-7
"Net property, plant and equipment",4,3,2,8,6
Deferred income taxes,1,1,1,2,
Other long-term assets,443,421,412,132,76
Total non-current assets,448,425,415,142,82
Total assets,797,784,902,2295,4939
Liabilities and stockholders' equity
Liabilities
Current liabilities
Short-term debt,186,150,14,1,
Accounts payable,3,11,2,2,3
Other current liabilities,20,19,25,0,1
Total current liabilities,209,181,41,3,4
Non-current liabilities
Long-term debt,,,,2,
Deferred taxes liabilities,,,,,104
Pensions and other benefits,,2,2,,
Minority interest,7,7,7,2,
Other long-term liabilities,2,0,,3,3
Total non-current liabilities,9,9,9,7,107
Total liabilities,218,190,50,10,111
Stockholders' equity
Common stock,100,100,100,100,100
Additional paid-in capital,123,123,123,123,123
Retained earnings,120,70,104,93,233
Accumulated other comprehensive income,235,301,526,1969,4372
Total stockholders' equity,578,594,852,2284,4828
Total liabilities and stockholders' equity,797,784,902,2295,4939
