﻿BATA INDIA LTD  (500043) CashFlowFlag BALANCE SHEET
Fiscal year ends in March. INR in millions except per share data.,2017-03,2018-03,2019-03,2020-03,2021-03
Assets
Current assets
Cash
Cash and cash equivalents,618,545,586,152,545
Short-term investments,4590,5353,7801,9456,10392
Total cash,5208,5898,8387,9608,10937
Receivables,694,894,664,633,794
Inventories,7138,7652,8394,8737,6083
Prepaid expenses,195,218,227,212,207
Other current assets,385,887,734,842,557
Total current assets,13619,15549,18405,20032,18578
Non-current assets
"Property, plant and equipment"
"Gross property, plant and equipment",4281,4991,5809,19173,14963
Accumulated Depreciation,-1373,-1921,-2509,-5350,-3499
"Net property, plant and equipment",2908,3070,3300,13823,11464
Intangible assets,70,16,38,70,67
Deferred income taxes,1004,1055,1098,1110,1384
Other long-term assets,1630,1725,1900,2290,1832
Total non-current assets,5612,5865,6336,17292,14747
Total assets,19231,21414,24741,37325,33325
Liabilities and stockholders' equity
Liabilities
Current liabilities
Capital leases,,,,2138,1726
Accounts payable,4084,4798,5158,5034,4397
Deferred income taxes,,,,67,177
Taxes payable,114,179,357,,
Other current liabilities,750,631,783,769,826
Total current liabilities,4948,5608,6297,8007,7126
Non-current liabilities
Capital leases,,,,10353,8597
Other long-term liabilities,1040,1059,1025,25,21
Total non-current liabilities,1040,1059,1025,10379,8617
Total liabilities,5988,6667,7322,18385,15744
Stockholders' equity
Common stock,643,643,643,643,643
Additional paid-in capital,,501,501,501,501
Retained earnings,,12104,14776,16296,14938
Accumulated other comprehensive income,12601,1499,1499,1499,1499
Total stockholders' equity,13243,14747,17418,18939,17581
Total liabilities and stockholders' equity,19231,21414,24741,37325,33325
