﻿BLUE STAR LTD  (500067) Statement of  CASH FLOW
Fiscal year ends in March. INR in millions except per share data.,2018-03,2019-03,2020-03,2021-03,2022-03,TTM
Cash Flows From Operating Activities
Net income,2007,2511,2060,1452,2498,2498
Depreciation & amortization,638,749,880,923,860,860
Investments losses (gains),-49,50,-75,-31,-24,-24
Stock based compensation,8,,,,,
Change in working capital,-1945,-432,2072,1051,-2322,-2322
Inventory,-2375,1478,-5,-126,-2618,-2618
Other working capital,430,-1910,2076,1177,297,297
Other non-cash items,-421,-245,-362,104,-94,-94
Net cash provided by operating activities,238,2634,4574,3498,918,918
Cash Flows From Investing Activities
"Investments in property, plant, and equipment",-993,-1028,-860,-635,-2179,-2179
"Property, plant, and equipment reductions",70,191,46,809,,
"Acquisitions, net",-54,,,35,,
Purchases of investments,,,,-2791,,
Sales/Maturities of investments,0,,,,1367,1367
Other investing activities,52,138,-68,186,122,122
Net cash used for investing activities,-925,-698,-882,-2396,-690,-690
Cash Flows From Financing Activities
Debt issued,1550,,500,3500,686,686
Debt repayment,-50,,-31,-532,-32,-32
Common stock issued,129,98,,,,
Dividend paid,-865,-1154,-2301,-12,-388,-388
Other financing activities,-276,-753,164,-3651,-1134,-1134
Net cash provided by (used for) financing activities,488,-1808,-1669,-696,-868,-868
Effect of exchange rate changes,,,,11,17,17
Net change in cash,-199,128,2023,418,-623,-623
Cash at beginning of period,398,711,839,2862,3279,3279
Cash at end of period,199,839,2862,3279,2656,2656
Free Cash Flow
Operating cash flow,238,2634,4574,3498,918,918
Capital expenditure,-993,-1028,-860,-635,-2179,-2179
Free cash flow,-755,1606,3714,2863,-1261,-1261
