﻿AMBALAL SARABHAI ENTERPRISES LTD  (500009) CashFlowFlag BALANCE SHEET
Fiscal year ends in March. INR in millions except per share data.,2017-03,2018-03,2019-03,2020-03,2021-03
Assets
Current assets
Cash
Cash and cash equivalents,148,135,170,128,147
Short-term investments,0,4,,,
Total cash,148,139,170,128,147
Receivables,334,341,347,288,388
Inventories,146,144,150,164,160
Prepaid expenses,,71,133,112,229
Other current assets,104,440,363,347,282
Total current assets,732,1136,1163,1040,1206
Non-current assets
"Property, plant and equipment"
"Gross property, plant and equipment",801,538,646,435,441
Accumulated Depreciation,-255,-55,-75,-100,-109
"Net property, plant and equipment",546,482,571,334,332
Goodwill,,245,245,245,245
Intangible assets,248,1,1,1,0
Deferred income taxes,,69,65,34,23
Other long-term assets,48,69,129,211,294
Total non-current assets,842,867,1010,825,895
Total assets,1575,2003,2173,1864,2101
Liabilities and stockholders' equity
Liabilities
Current liabilities
Short-term debt,439,321,315,255,225
Capital leases,,,,5,1
Accounts payable,276,391,468,400,504
Taxes payable,,12,7,1,1
Other current liabilities,548,831,923,674,555
Total current liabilities,1263,1554,1713,1335,1285
Non-current liabilities
Long-term debt,58,111,88,45,52
Capital leases,,,,3,2
Deferred taxes liabilities,3,28,28,,
Pensions and other benefits,,44,38,34,22
Minority interest,,-0,-0,-0,-0
Other long-term liabilities,56,,,,
Total non-current liabilities,117,183,154,82,76
Total liabilities,1380,1737,1867,1417,1362
Stockholders' equity
Common stock,766,766,766,766,766
Additional paid-in capital,,106,106,106,106
Retained earnings,-1241,-1171,-1131,-990,-699
Accumulated other comprehensive income,669,563,565,565,566
Total stockholders' equity,195,265,306,448,739
Total liabilities and stockholders' equity,1575,2003,2173,1864,2101
