﻿CESC LTD  (500084) Statement of  CASH FLOW
Fiscal year ends in March. INR in millions except per share data.,2017-03,2018-03,2019-03,2020-03,2021-03,TTM
Cash Flows From Operating Activities
Net income,11905,13537,15718,16686,17515,18695
Depreciation & amortization,8164,8110,7638,7814,8666,
Investments losses (gains),-398,341,-587,-583,-288,
Stock based compensation,,26,,,,
Change in working capital,-5868,-6336,-9778,-5046,-6240,6000
Inventory,-1486,2581,-1179,-179,1225,
Other working capital,-4381,-8917,-8600,-4867,-7465,6000
Other non-cash items,12672,8642,9949,11162,8532,16460
Net cash provided by operating activities,26475,24321,22939,30033,28185,41155
Cash Flows From Investing Activities
"Investments in property, plant, and equipment",-14720,-8944,-8378,-7464,-6828,
"Property, plant, and equipment reductions",220,131,61,54,84,
"Acquisitions, net",-322,,,,,
Purchases of investments,,-1561,,,-5880,
Sales/Maturities of investments,,1873,467,5767,300,
Other investing activities,-40,-1313,981,12,-2568,-14992
Net cash used for investing activities,-14862,-9814,-6870,-1631,-14892,-14992
Cash Flows From Financing Activities
Debt issued,24789,19385,15995,17778,25149,
Debt repayment,-16035,-18574,-19106,-22669,-15985,
Common stock issued,158,22,,,,
Dividend paid,-1329,-1578,-2314,-2643,-5940,
Other financing activities,-15174,-13745,-11948,-13764,-20744,-14821
Net cash provided by (used for) financing activities,-7592,-14490,-17372,-21299,-17521,-14821
Net change in cash,4021,17,-1303,7103,-4228,11342
Cash at beginning of period,8527,12547,6322,5026,12624,8470
Cash at end of period,12547,12565,5019,12129,8396,19812
Free Cash Flow
Operating cash flow,26475,24321,22939,30033,28185,41155
Capital expenditure,-14720,-8944,-8378,-7464,-6828,
Free cash flow,11755,15377,14561,22569,21357,34327
