﻿AEGIS LOGISTICS LTD  (500003) CashFlowFlag BALANCE SHEET
Fiscal year ends in March. INR in millions except per share data.,2017-03,2018-03,2019-03,2020-03,2021-03
Assets
Current assets
Cash
Cash and cash equivalents,531,949,3534,2225,2968
Short-term investments,,632,487,438,344
Total cash,531,1581,4021,2663,3313
Receivables,7059,3469,2285,4540,942
Inventories,218,260,338,421,524
Prepaid expenses,412,301,327,271,322
Other current assets,165,659,613,1105,917
Total current assets,8384,6270,7584,8999,6018
Non-current assets
"Property, plant and equipment"
"Gross property, plant and equipment",10372,14524,15441,20869,24433
Accumulated Depreciation,-2553,-470,-969,-1702,-2469
"Net property, plant and equipment",7819,14054,14472,19167,21964
Goodwill,13,13,13,13,13
Intangible assets,6,13,10,9,6
Deferred income taxes,,650,954,473,402
Other long-term assets,1154,1140,1255,546,2419
Total non-current assets,8992,15870,16703,20208,24804
Total assets,17376,22139,24287,29207,30822
Liabilities and stockholders' equity
Liabilities
Current liabilities
Short-term debt,2091,2421,1822,2046,3041
Capital leases,,,,283,292
Accounts payable,6810,3788,4853,4015,747
Deferred income taxes,,776,834,,
Taxes payable,,,188,165,52
Other current liabilities,867,1506,1026,1135,925
Total current liabilities,9768,8491,8723,7644,5056
Non-current liabilities
Long-term debt,774,620,566,485,1123
Capital leases,,,,2883,2886
Deferred taxes liabilities,276,,,309,809
Deferred revenues,152,153,220,295,366
Pensions and other benefits,,,,,126
Minority interest,285,697,748,906,1090
Other long-term liabilities,99,106,117,139,
Total non-current liabilities,1587,1575,1651,5017,6401
Total liabilities,11354,10067,10374,12661,11457
Stockholders' equity
Common stock,334,334,334,340,351
Additional paid-in capital,1140,3060,3060,4224,6481
Retained earnings,2597,6721,8562,8769,10579
Accumulated other comprehensive income,1950,1958,1957,3213,1954
Total stockholders' equity,6022,12073,13913,16546,19365
Total liabilities and stockholders' equity,17376,22139,24287,29207,30822
