﻿CESC LTD  (500084) CashFlowFlag BALANCE SHEET
Fiscal year ends in March. INR in millions except per share data.,2017-03,2018-03,2019-03,2020-03,2021-03
Assets
Current assets
Cash
Cash and cash equivalents,11398,7675,5026,12129,8396
Short-term investments,10457,8215,9254,4764,7872
Total cash,21855,15890,14280,16893,16268
Receivables,15597,15374,17388,18529,23150
Inventories,8454,5826,7004,7184,5977
Prepaid expenses,3085,4811,4732,2358,1729
Other current assets,7723,2494,4092,5067,8850
Total current assets,56714,44394,47497,50031,55974
Non-current assets
"Property, plant and equipment"
"Gross property, plant and equipment",268813,268074,276099,285554,305404
Accumulated Depreciation,-20621,-29334,-39572,-49780,-63237
"Net property, plant and equipment",248192,238741,236527,235774,242167
Goodwill,20106,,,,
Intangible assets,2450,1694,1579,1472,1636
Deferred income taxes,4076,11,,,
Other long-term assets,47513,45034,49080,56443,58838
Total non-current assets,322337,285479,287186,293690,302641
Total assets,379051,329874,334683,343721,358615
Liabilities and stockholders' equity
Liabilities
Current liabilities
Short-term debt,40535,35300,42468,42308,31427
Capital leases,52,,,,318
Accounts payable,7890,6907,6778,6568,9392
Taxes payable,147,4364,4497,4839,3643
Other current liabilities,10652,10004,10863,11167,11846
Total current liabilities,59275,56574,64605,64882,56626
Non-current liabilities
Long-term debt,116180,110478,102253,97601,108988
Capital leases,41,64,67,2786,2038
Deferred taxes liabilities,38873,36410,39404,40053,41583
Deferred revenues,17872,16697,16272,17225,20670
Minority interest,12100,694,821,858,3963
Other long-term liabilities,28482,24755,21523,24041,26019
Total non-current liabilities,213549,189098,180340,182564,203261
Total liabilities,272824,245672,244945,247446,259888
Stockholders' equity
Common stock,1332,1332,1332,1332,1332
Additional paid-in capital,17660,,,,
Retained earnings,83322,80115,85581,91965,106654
Accumulated other comprehensive income,3912,2754,2825,2977,-9259
Total stockholders' equity,106227,84202,89738,96274,98728
Total liabilities and stockholders' equity,379051,329874,334683,343721,358615
