﻿EXIDE INDUSTRIES LTD  (500086) CashFlowFlag INCOME STATEMENT
Fiscal year ends in March. INR in millions except per share data.,2018-03,2019-03,2020-03,2021-03,2022-03,TTM
Revenue,118528,136223,131794,134753,127892,127892
Cost of revenue,65572,76024,69154,71311,86768,86768
Gross profit,52956,60198,62640,63443,41124,41124
Operating expenses
"Sales, General and administrative",17252,18430,20730,22804,,
Other operating expenses,20717,22553,24383,23274,31520,31520
Total operating expenses,37969,40983,45112,46078,31520,31520
Operating income,14986,19216,17527,17365,9604,9604
Interest Expense,1056,1071,966,1422,609,609
Other income (expense),-3451,-5655,-6843,-5199,611,611
Income before taxes,10479,12490,9719,10744,9606,9606
Provision for income taxes,3538,4017,2094,2713,2663,2663
Net income from continuing operations,6941,8474,7625,8031,6943,6943
Net income from discontinuing ops,,,,,36625,36625
Other,-31,-18,143,68,101,101
Net income,6910,8456,7768,8099,43669,43669
Net income available to common shareholders,6910,8456,7768,8099,43669,43669
Earnings per share
Basic,8.13,9.95,9.14,9.53,51.38,51.38
Diluted,8.13,9.95,9.14,9.53,51.38,51.38
Weighted average shares outstanding
Basic,850,850,850,850,850,850
Diluted,850,850,850,850,850,850
EBITDA,14207,16996,14860,16502,14611,14611
