﻿CHAMBAL FERTILISERS & CHEMICALS LTD  (500085) CashFlowFlag BALANCE SHEET
Fiscal year ends in March. INR in millions except per share data.,2017-03,2018-03,2019-03,2020-03,2021-03
Assets
Current assets
Cash
Cash and cash equivalents,1094,629,645,1461,8879
Short-term investments,105,0,285,40,45
Total cash,1200,629,930,1501,8924
Receivables,30362,25347,48274,55631,11746
Inventories,8494,7951,13231,11356,7891
Prepaid expenses,859,1277,1320,1298,1159
Other current assets,7785,2690,1296,3466,1755
Total current assets,48699,37894,65052,73252,31476
Non-current assets
"Property, plant and equipment"
"Gross property, plant and equipment",29490,54935,72684,73833,75162
Accumulated Depreciation,-1475,-1986,-3151,-5993,-8774
"Net property, plant and equipment",28016,52949,69533,67840,66388
Goodwill,339,341,362,,
Intangible assets,387,396,372,20,19
Deferred income taxes,4,13,11,376,
Other long-term assets,3127,3204,3933,3839,4585
Total non-current assets,31873,56902,74211,72075,70991
Total assets,80571,94795,139263,145327,102467
Liabilities and stockholders' equity
Liabilities
Current liabilities
Short-term debt,31866,25633,46310,56997,7716
Capital leases,,,,48,52
Accounts payable,2406,3197,9882,5415,3890
Taxes payable,58,12,33,49,45
Other current liabilities,9582,4412,9030,4274,3552
Total current liabilities,43912,33254,65255,66782,15255
Non-current liabilities
Long-term debt,14316,35157,44133,43920,31468
Capital leases,4,3,10,164,126
Deferred taxes liabilities,1833,2131,1905,,3089
Pensions and other benefits,77,66,106,149,171
Minority interest,-826,-874,-980,-1082,-130
Other long-term liabilities,19,2,2,,
Total non-current liabilities,15424,36486,45176,43152,34724
Total liabilities,59336,69740,110430,109934,49979
Stockholders' equity
Common stock,4162,4162,4162,4162,4162
Additional paid-in capital,67,67,67,67,67
Retained earnings,12368,15900,20586,29329,44127
Treasury stock,-176,-148,-122,-90,-66
Accumulated other comprehensive income,4815,5075,4140,1925,4198
Total stockholders' equity,21235,25056,28832,35393,52488
Total liabilities and stockholders' equity,80571,94795,139263,145327,102467
