﻿BATA INDIA LTD  (500043) CashFlowFlag INCOME STATEMENT
Fiscal year ends in March. INR in millions except per share data.,2017-03,2018-03,2019-03,2020-03,2021-03,TTM
Revenue,24727,26328,29291,30543,17078,23117
Cost of revenue,12007,12436,13331,13519,8727,11165
Gross profit,12720,13892,15960,17024,8351,11952
Operating expenses
"Sales, General and administrative",1169,1204,1487,1565,1600,
Other operating expenses,9240,9655,10215,9938,7709,10521
Total operating expenses,10409,10860,11702,11503,9309,10521
Operating income,2312,3032,4258,5521,-958,1431
Interest Expense,40,42,35,1177,1035,924
Other income (expense),67,380,554,529,827,448
Income before taxes,2339,3370,4777,4872,-1166,955
Provision for income taxes,749,1165,1487,1583,-273,260
Net income from continuing operations,1590,2205,3290,3290,-893,695
Net income,1590,2205,3290,3290,-893,695
Net income available to common shareholders,1590,2205,3290,3290,-893,695
Earnings per share
Basic,12.37,17.16,25.60,25.59,-6.95,5.40
Diluted,12.37,17.16,25.60,25.59,-6.95,5.40
Weighted average shares outstanding
Basic,129,129,129,129,129,129
Diluted,129,129,129,129,129,129
EBITDA,3029,4017,5453,9008,2517,4201
