﻿BPL LTD  (500074) CashFlowFlag INCOME STATEMENT
Fiscal year ends in March. INR in millions except per share data.,2017-03,2018-03,2019-03,2020-03,2021-03,TTM
Revenue,944,1233,1403,946,438,439
Cost of revenue,726,947,1175,842,294,287
Gross profit,218,286,228,104,144,152
Operating expenses
"Sales, General and administrative",66,85,67,117,43,
Other operating expenses,-45,110,132,140,89,126
Total operating expenses,22,195,200,257,132,126
Operating income,197,92,28,-153,12,26
Interest Expense,,11,0,15,16,15
Other income (expense),337,146,9,-5,-1,24
Income before taxes,534,226,37,-174,-5,35
Provision for income taxes,3,153,28,-211,209,
Other income,0,0,,,,-209
Net income from continuing operations,531,73,9,38,-215,-174
Net income,531,73,9,38,-215,-174
Net income available to common shareholders,531,73,9,38,-215,-174
Earnings per share
Basic,10.86,1.50,0.19,0.77,-4.39,-3.56
Diluted,10.86,1.50,0.19,0.77,-4.39,-3.56
Weighted average shares outstanding
Basic,49,49,49,49,49,49
Diluted,49,49,49,49,49,49
EBITDA,203,242,42,-151,28,67
