﻿CIPLA LTD  (500087) CashFlowFlag BALANCE SHEET
Fiscal year ends in March. INR in millions except per share data.,2017-03,2018-03,2019-03,2020-03,2021-03
Assets
Current assets
Cash
Cash and cash equivalents,6104,8535,5084,7424,7933
Short-term investments,8412,11123,21258,10165,23599
Total cash,14515,19658,26342,17589,31532
Receivables,24974,31024,41507,38913,34457
Inventories,34853,40447,39648,43776,46692
Prepaid expenses,3915,4432,4724,4583,4525
Other current assets,9803,12580,12046,12201,14889
Total current assets,88061,108141,124266,117062,132095
Non-current assets
"Property, plant and equipment"
"Gross property, plant and equipment",67484,74550,78370,85729,91210
Accumulated Depreciation,-10204,-16273,-23916,-30239,-35939
"Net property, plant and equipment",57279,58277,54454,55490,55271
Goodwill,26784,28147,28691,29340,30073
Intangible assets,27486,22880,19082,19001,18283
Deferred income taxes,1681,1876,2014,2398,3147
Other long-term assets,8240,9283,11126,13335,12650
Total non-current assets,121471,120464,115367,119564,119424
Total assets,209532,228605,239633,236626,251519
Liabilities and stockholders' equity
Liabilities
Current liabilities
Short-term debt,4681,4359,4862,4472,5528
Capital leases,,,,897,610
Accounts payable,15711,21191,19855,22927,20875
Taxes payable,240,31,587,93,181
Other current liabilities,12448,12745,12411,15543,18723
Total current liabilities,33081,38326,37715,43931,45916
Non-current liabilities
Long-term debt,36454,36621,38301,23693,12028
Capital leases,,,,1831,1979
Deferred taxes liabilities,7569,5033,4253,3652,2966
Deferred revenues,887,831,716,660,626
Pensions and other benefits,1405,1379,1214,1333,
Minority interest,4382,3524,3320,2943,2591
Other long-term liabilities,500,598,3992,953,2149
Total non-current liabilities,51197,47987,51795,35064,22338
Total liabilities,84278,86314,89510,78996,68254
Stockholders' equity
Common stock,1609,1610,1611,1612,1613
Additional paid-in capital,15052,15422,15746,16020,16133
Retained earnings,77741,89988,102513,111179,135370
Accumulated other comprehensive income,30852,35272,30252,28818,30150
Total stockholders' equity,125254,142292,150123,157630,183265
Total liabilities and stockholders' equity,209532,228606,239633,236626,251519
