﻿CENTURY TEXTILES & INDUSTRIES LTD  (500040) CashFlowFlag BALANCE SHEET
Fiscal year ends in March. INR in millions except per share data.,2018-03,2019-03,2020-03,2021-03,2022-03
Assets
Current assets
Cash
Cash and cash equivalents,1894,212,587,505,348
Short-term investments,253,57,158,732,2237
Total cash,2147,270,745,1237,2585
Receivables,4215,2039,1812,1578,2168
Inventories,11786,6990,13377,15083,23309
Prepaid expenses,3169,1116,469,1312,
Other current assets,2269,40895,1637,774,2317
Total current assets,23585,51310,18040,19984,30379
Non-current assets
"Property, plant and equipment"
"Gross property, plant and equipment",102155,65495,67251,68224,33867
Accumulated Depreciation,-40658,-29863,-31628,-33534,
"Net property, plant and equipment",61497,35632,35623,34690,33867
Intangible assets,48,26,89,87,78
Deferred income taxes,,,646,555,569
Other long-term assets,18184,14313,13078,11619,12496
Total non-current assets,79728,49971,49435,46951,47010
Total assets,103313,101281,67475,66935,77388
Liabilities and stockholders' equity
Liabilities
Current liabilities
Short-term debt,19770,5247,8324,1653,9337
Capital leases,,,20,27,23
Accounts payable,6818,5194,4926,6205,8580
Taxes payable,1710,266,359,281,
Other current liabilities,12261,49344,5186,6744,10478
Total current liabilities,40559,60051,18815,14911,28418
Non-current liabilities
Long-term debt,,19,5499,8650,3818
Capital leases,,122,154,206,185
Deferred taxes liabilities,2173,368,,,
Deferred revenues,9106,7780,6012,5715,
Pensions and other benefits,67,4,7,8,
Minority interest,,,1321,1430,1580
Other long-term liabilities,23929,5,872,971,6199
Total non-current liabilities,35276,8298,13865,16980,11782
Total liabilities,75834,68349,32680,31891,40200
Stockholders' equity
Common stock,1117,1117,1117,1117,1117
Additional paid-in capital,2208,9245,9245,7432,
Retained earnings,3697,8968,11580,12776,
Accumulated other comprehensive income,20456,13602,12853,13719,36071
Total stockholders' equity,27479,32932,34795,35044,37188
Total liabilities and stockholders' equity,103313,101281,67475,66935,77388
