﻿ATV PROJECTS INDIA LTD  (500028) CashFlowFlag BALANCE SHEET
Fiscal year ends in March. INR in millions except per share data.,2017-03,2018-03,2019-03,2020-03,2021-03
Assets
Current assets
Cash
Cash and cash equivalents,9,51,7,19,8
Short-term investments,,,,,54
Total cash,9,51,7,19,61
Receivables,470,328,64,47,70
Inventories,92,107,200,196,191
Other current assets,121,87,158,112,121
Total current assets,691,573,429,375,443
Non-current assets
"Property, plant and equipment"
"Gross property, plant and equipment",2717,3078,3154,3156,3113
Accumulated Depreciation,-930,-907,-933,-962,-948
"Net property, plant and equipment",1786,2171,2221,2193,2164
Other long-term assets,6,41,41,8,11
Total non-current assets,1793,2212,2262,2201,2176
Total assets,2483,2785,2691,2576,2619
Liabilities and stockholders' equity
Liabilities
Current liabilities
Accounts payable,56,30,22,20,24
Other current liabilities,91,181,152,113,120
Total current liabilities,147,211,175,133,144
Non-current liabilities
Long-term debt,1281,784,716,640,639
Deferred taxes liabilities,,3,3,2,2
Other long-term liabilities,-0,,,,
Total non-current liabilities,1281,787,719,642,641
Total liabilities,1428,998,894,775,785
Stockholders' equity
Common stock,526,526,526,526,526
Additional paid-in capital,1013,1013,1013,1013,1013
Retained earnings,-520,212,221,226,259
Accumulated other comprehensive income,37,37,37,37,37
Total stockholders' equity,1055,1787,1796,1801,1834
Total liabilities and stockholders' equity,2483,2785,2691,2576,2619
