﻿BAJAJ FINANCE LTD  (500034) CashFlowFlag BALANCE SHEET
Fiscal year ends in March. INR in millions except per share data.,2018-03,2019-03,2020-03,2021-03,2022-03
Assets
Current assets
Cash
Cash and cash equivalents,3926,4065,14272,22581,36803
Total cash,3926,4065,14272,22581,36803
Receivables,5389,8976,9525,11072,12659
Prepaid expenses,246,2826,2546,1888,
Other current assets,-9561,-15866,-26343,-35541,-49462
Total current assets,,,,,
Non-current assets
"Property, plant and equipment"
"Gross property, plant and equipment",5873,8514,16402,17668,12958
Accumulated Depreciation,-2411,-3249,-5429,-7180,
"Net property, plant and equipment",3462,5265,10973,10488,12958
Equity and other investments,31460,85990,179343,187786,130889
Goodwill,33,33,33,33,33
Intangible assets,1208,1651,2205,3147,4513
Other long-term assets,-36162,-92939,-192552,-201454,-148394
Total non-current assets,,,,,
Total assets,,,,,
Liabilities and stockholders' equity
Liabilities
Current liabilities
Accounts payable,26284,5638,7620,8949,11693
Taxes payable,,224,592,1802,1001
Other current liabilities,-26284,-5862,-8211,-10750,-12694
Total current liabilities,,,,,
Non-current liabilities
Total liabilities,,,,,
Stockholders' equity
Common stock,1156,1154,1200,1203,1207
Additional paid-in capital,82133,82988,168414,169784,
Retained earnings,55942,77195,107529,142428,
Accumulated other comprehensive income,26225,35633,46133,55768,435920
Total stockholders' equity,165456,196970,323276,369184,437127
Total liabilities and stockholders' equity,165456,196970,323276,369184,437127
