﻿HOUSING DEVELOPMENT FINANCE CORP LTD  (500010) CashFlowFlag BALANCE SHEET
Fiscal year ends in March. INR in millions except per share data.,2018-03,2019-03,2020-03,2021-03,2022-03
Assets
Current assets
Cash
Cash and cash equivalents,40560,55357,55801,30978,26294
Total cash,40560,55357,55801,30978,26294
Receivables,66326,59607,40439,39118,3688
Prepaid expenses,40588,9556,6904,7428,
Other current assets,-147474,-124519,-103143,-77523,-29982
Total current assets,,,,,
Non-current assets
"Property, plant and equipment"
"Gross property, plant and equipment",21878,13661,22222,23962,18837
Accumulated Depreciation,-9388,-1577,-4575,-6477,
"Net property, plant and equipment",12490,12084,17646,17484,18837
Equity and other investments,1585046,782832,1057809,1130110,1268520
Goodwill,2271,6315,16068,16068,52894
Intangible assets,999,990,11819,10673,28236
Other long-term assets,-1600805,-802221,-1103342,-1174335,-1368488
Total non-current assets,,,,,
Total assets,,,,,
Liabilities and stockholders' equity
Liabilities
Current liabilities
Accounts payable,167259,137666,142282,147894,38107
Taxes payable,,1705,2598,4696,4821
Other current liabilities,-167259,-139371,-144880,-152590,-42928
Total current liabilities,,,,,
Non-current liabilities
Minority interest,46976,62454,73573,89048,127772
Total non-current liabilities,46976,62454,73573,89048,127772
Total liabilities,46976,62454,73573,89048,127772
Stockholders' equity
Common stock,3352,3443,3464,3608,3626
Additional paid-in capital,243192,314084,331033,451644,
Retained earnings,288717,413814,503190,615042,
Accumulated other comprehensive income,330154,385990,427105,496832,1794905
Total stockholders' equity,865414,1117331,1264792,1567126,1798531
Total liabilities and stockholders' equity,912390,1179785,1338365,1656175,1926303
