﻿DABUR INDIA LTD  (500096) CashFlowFlag BALANCE SHEET
Fiscal year ends in March. INR in millions except per share data.,2018-03,2019-03,2020-03,2021-03,2022-03
Assets
Current assets
Cash
Cash and cash equivalents,1538,1077,1639,2412,2559
Short-term investments,8562,9321,19978,17663,12050
Total cash,10100,10398,21617,20075,14609
Receivables,7061,8336,8139,5616,6462
Inventories,12562,13005,13796,17343,19114
Prepaid expenses,4490,3719,4815,4018,
Other current assets,185,405,436,708,2981
Total current assets,34398,35862,48803,47759,43165
Non-current assets
"Property, plant and equipment"
"Gross property, plant and equipment",25482,27108,32634,34047,21354
Accumulated Depreciation,-9546,-10990,-12959,-14457,
"Net property, plant and equipment",15936,16117,19675,19590,21354
Goodwill,4115,3361,3360,3360,2512
Intangible assets,103,329,442,447,397
Deferred income taxes,,,220,180,7
Other long-term assets,32464,28697,21041,37135,55407
Total non-current assets,52619,48504,44738,60712,79677
Total assets,87016,84366,93540,108471,122842
Liabilities and stockholders' equity
Liabilities
Current liabilities
Short-term debt,5731,6732,3292,3491,6173
Capital leases,1,1,299,258,229
Accounts payable,14103,14554,14822,19153,20180
Deferred income taxes,409,506,466,846,
Taxes payable,,,,,1351
Other current liabilities,4099,4809,5760,5594,5294
Total current liabilities,24344,26603,24639,29342,33225
Non-current liabilities
Long-term debt,3631,250,,13,2504
Capital leases,12,10,1629,1328,1396
Deferred taxes liabilities,1090,231,174,139,823
Deferred revenues,11,4,5,1,
Pensions and other benefits,,,,633,
Minority interest,265,314,365,367,406
Other long-term liabilities,597,636,671,12,679
Total non-current liabilities,5607,1446,2844,2494,5807
Total liabilities,29951,28050,27483,31836,39032
Stockholders' equity
Common stock,1762,1766,1767,1767,1768
Additional paid-in capital,2302,3252,3522,3650,
Retained earnings,48253,,54810,65864,
Accumulated other comprehensive income,4748,51298,5958,5354,82045
Total stockholders' equity,57065,56317,66058,76635,83813
Total liabilities and stockholders' equity,87016,84366,93540,108471,122845
