﻿AEGIS LOGISTICS LTD  (500003) CashFlowFlag INCOME STATEMENT
Fiscal year ends in March. INR in millions except per share data.,2017-03,2018-03,2019-03,2020-03,2021-03,TTM
Revenue,39328,47910,56158,71833,38435,35386
Cost of revenue,35825,43734,50638,65000,31945,28399
Gross profit,3503,4176,5520,6832,6490,6987
Operating expenses
"Sales, General and administrative",269,280,299,309,285,
Other operating expenses,1361,1497,2036,4429,2906,2698
Total operating expenses,1630,1777,2334,4739,3191,2698
Operating income,1873,2399,3186,2094,3299,4289
Interest Expense,147,135,250,302,162,154
Other income (expense),-10,-15,87,284,219,252
Income before taxes,1717,2248,3023,2076,3356,4388
Provision for income taxes,377,110,502,736,864,859
Net income from continuing operations,1340,2138,2521,1340,2492,3528
Other,-137,-160,-307,-344,-258,-246
Net income,1203,1978,2214,996,2234,3282
Net income available to common shareholders,1203,1978,2214,996,2234,3282
Earnings per share
Basic,3.60,5.92,6.63,2.94,6.49,9.37
Diluted,3.60,5.92,6.63,2.84,6.36,9.35
Weighted average shares outstanding
Basic,334,334,334,338,344,351
Diluted,334,334,334,351,351,351
EBITDA,2107,2727,3778,3065,4234,4541
