﻿BANCO PRODUCTS (INDIA) LTD  (500039) CashFlowFlag BALANCE SHEET
Fiscal year ends in March. INR in millions except per share data.,2017-03,2018-03,2019-03,2020-03,2021-03
Assets
Current assets
Cash
Cash and cash equivalents,834,479,50,569,740
Short-term investments,761,1284,1679,100,451
Total cash,1596,1763,1729,670,1190
Receivables,2048,2566,2817,2936,2703
Inventories,3220,4390,4794,4762,5639
Prepaid expenses,,317,231,169,225
Other current assets,361,356,82,41,81
Total current assets,7225,9391,9654,8578,9838
Non-current assets
"Property, plant and equipment"
"Gross property, plant and equipment",6034,6859,6537,6849,6950
Accumulated Depreciation,-4123,-4831,-4577,-5019,-5166
"Net property, plant and equipment",1910,2028,1960,1830,1784
Intangible assets,14,14,8,130,124
Deferred income taxes,70,258,197,248,285
Other long-term assets,392,542,425,347,121
Total non-current assets,2386,2842,2591,2556,2314
Total assets,9611,12233,12244,11134,12152
Liabilities and stockholders' equity
Liabilities
Current liabilities
Short-term debt,384,326,336,854,83
Accounts payable,891,1825,1926,2241,2845
Taxes payable,,26,55,,
Other current liabilities,752,1180,786,86,140
Total current liabilities,2027,3357,3104,3182,3068
Non-current liabilities
Long-term debt,,11,62,62,59
Deferred taxes liabilities,192,733,687,720,669
Deferred revenues,,,3,2,2
Pensions and other benefits,,55,61,67,69
Other long-term liabilities,47,,-0,-0,
Total non-current liabilities,240,799,814,851,799
Total liabilities,2267,4156,3917,4033,3868
Stockholders' equity
Common stock,143,143,143,143,143
Additional paid-in capital,,120,120,120,120
Retained earnings,4796,5333,5228,4045,5217
Accumulated other comprehensive income,2405,2481,2836,2792,2804
Total stockholders' equity,7344,8077,8327,7100,8284
Total liabilities and stockholders' equity,9611,12233,12244,11134,12152
