﻿QUEST CAPITAL MARKETS LTD  (500069) CashFlowFlag INCOME STATEMENT
Fiscal year ends in March. INR in millions except per share data.,2017-03,2018-03,2019-03,2020-03,2021-03,TTM
Revenue,37,33,23,184,414,414
Cost of revenue,,51,15,61,228,228
Gross profit,37,-18,8,123,187,187
Operating expenses
"Sales, General and administrative",9,26,2,5,2,2
Other operating expenses,17,10,28,28,14,14
Total operating expenses,26,36,29,33,16,16
Operating income,11,-54,-21,91,171,171
Interest Expense,4,0,,,0,0
Other income (expense),101,89,165,3,34,34
Income before taxes,107,35,144,93,205,205
Provision for income taxes,15,6,8,5,56,56
Other income,1,,,-23,10,10
Net income from continuing operations,94,29,136,65,160,160
Other,-0,-0,-0,,0,0
Net income,94,29,136,65,160,160
Net income available to common shareholders,94,29,136,65,160,160
Earnings per share
Basic,9.42,3.31,13.83,6.51,15.99,15.99
Diluted,9.42,3.31,13.83,6.51,15.99,15.99
Weighted average shares outstanding
Basic,10,10,10,10,10,10
Diluted,10,10,10,10,10,10
EBITDA,114,37,-20,94,208,208
