﻿CENTURY TEXTILES & INDUSTRIES LTD  (500040) CashFlowFlag INCOME STATEMENT
Fiscal year ends in March. INR in millions except per share data.,2018-03,2019-03,2020-03,2021-03,2022-03,TTM
Revenue,79778,37904,33324,25674,40684,40684
Cost of revenue,25831,19707,18432,15090,25332,25332
Gross profit,53946,18197,14892,10583,15351,15351
Operating expenses
"Sales, General and administrative",15102,644,859,605,479,479
Other operating expenses,28784,9438,10548,9978,12734,12734
Total operating expenses,43886,10083,11407,10582,13213,13213
Operating income,10060,8115,3484,1,2138,2138
Interest Expense,4522,898,863,707,522,522
Other income (expense),853,372,222,541,429,429
Income before taxes,6391,7589,2844,-165,2046,2046
Provision for income taxes,2306,2643,-937,-14,504,504
Net income from continuing operations,4085,4946,3781,-151,1542,1542
Net income from discontinuing ops,-368,1741,-176,-185,75,75
Other,,,48,32,48,48
Net income,3717,6687,3652,-304,1665,1665
Net income available to common shareholders,3717,6687,3652,-304,1665,1665
Earnings per share
Basic,33.28,59.87,32.70,-2.73,14.91,14.91
Diluted,33.28,59.87,32.70,-2.73,14.91,14.91
Weighted average shares outstanding
Basic,112,112,112,112,112,112
Diluted,112,112,112,112,112,112
EBITDA,14092,11121,5992,2853,4874,4874
