﻿BAJAJ FINANCE LTD  (500034) CashFlowFlag INCOME STATEMENT
Fiscal year ends in March. INR in millions except per share data.,2018-03,2019-03,2020-03,2021-03,2022-03,TTM
Revenue,92206,111619,157152,158599,201466,201466
Gross profit,92206,111619,157152,158599,201466,201466
Operating expenses
"Sales, General and administrative",3568,2682,3443,2021,,
Other operating expenses,47351,32166,42579,38528,58394,58394
Total operating expenses,50918,34848,46022,40549,58394,58394
Operating income,41288,76771,111130,118050,143072,143072
Interest Expense,41527,66236,94732,94140,97482,97482
Other income (expense),41201,51256,56823,36012,49448,49448
Income before taxes,40962,61792,73221,59923,95038,95038
Provision for income taxes,14221,21842,20584,15724,24756,24756
Net income from continuing operations,26741,39950,52638,44198,70282,70282
Net income,26741,39950,52638,44198,70282,70282
Net income available to common shareholders,26741,39950,52638,44198,70282,70282
Earnings per share
Basic,47.54,69.33,89.77,73.58,116.64,116.64
Diluted,47.05,68.75,89.07,73.00,115.79,115.79
Weighted average shares outstanding
Basic,563,576,586,601,603,603
Diluted,568,581,591,605,607,607
