﻿UTIQUE ENTERPRISES LTD  (500014) CashFlowFlag BALANCE SHEET
Fiscal year ends in March. INR in millions except per share data.,2017-03,2018-03,2019-03,2020-03,2021-03
Assets
Current assets
Cash
Cash and cash equivalents,208,1,5,3,4
Short-term investments,,32,211,40,58
Total cash,208,32,215,43,62
Inventories,25,,,,
Prepaid expenses,,4,4,4,4
Other current assets,11,187,5,212,226
Total current assets,244,223,224,259,292
Non-current assets
"Property, plant and equipment"
"Gross property, plant and equipment",127,127,127,125,122
Accumulated Depreciation,-74,-76,-77,-78,-78
"Net property, plant and equipment",53,51,49,47,44
Other long-term assets,107,62,62,62,62
Total non-current assets,159,113,112,108,106
Total assets,403,337,336,367,398
Liabilities and stockholders' equity
Liabilities
Current liabilities
Accounts payable,0,1,1,1,1
Taxes payable,,0,0,0,0
Other current liabilities,11,10,9,10,16
Total current liabilities,11,11,10,11,17
Non-current liabilities
Other long-term liabilities,223,154,154,154,154
Total non-current liabilities,223,154,154,154,154
Total liabilities,234,165,163,165,171
Stockholders' equity
Common stock,557,557,557,557,557
Additional paid-in capital,,120,120,120,120
Retained earnings,-1418,-1416,-1415,-1385,-1361
Accumulated other comprehensive income,1031,911,911,911,911
Total stockholders' equity,169,172,173,202,227
Total liabilities and stockholders' equity,403,337,336,367,398
