﻿HOUSING DEVELOPMENT FINANCE CORP LTD  (500010) CashFlowFlag INCOME STATEMENT
Fiscal year ends in March. INR in millions except per share data.,2018-03,2019-03,2020-03,2021-03,2022-03,TTM
Revenue,325771,669250,598120,1098840,1087377,1087377
Gross profit,325771,669250,598120,1098840,1087377,1087377
Operating expenses
"Sales, General and administrative",3699,16480,3218,3051,,
Other operating expenses,175693,496003,428919,892634,874126,874126
Total operating expenses,179393,512482,432137,895685,874126,874126
Operating income,146378,156768,165984,203155,213252,213252
Interest Expense,229702,290128,321094,290813,272304,272304
Other income (expense),259350,354349,417043,330031,341570,341570
Income before taxes,176025,220990,261932,242373,282518,282518
Provision for income taxes,40012,45184,33668,37498,42097,42097
Other income,37302,,,,,
Net income from continuing operations,173315,175805,228265,204876,240421,240421
Other,-10766,-13488,-13919,-17475,-14474,-14474
Net income,162550,162318,214346,187401,225947,225947
Net income available to common shareholders,162550,162318,214346,187401,225947,225947
Earnings per share
Basic,100.35,95.40,124.14,105.59,124.97,124.97
Diluted,98.88,94.66,123.19,104.70,123.65,123.65
Weighted average shares outstanding
Basic,1602,1701,1726,1775,1808,1808
Diluted,1626,1715,1740,1790,1827,1827
