﻿BALRAMPUR CHINI MILLS LTD  (500038) Statement of  CASH FLOW
Fiscal year ends in March. INR in millions except per share data.,2017-03,2018-03,2019-03,2020-03,2021-03,TTM
Cash Flows From Operating Activities
Net income,7336,3347,5950,5603,5896,5188
Depreciation & amortization,1050,952,959,1014,1119,1134
Investments losses (gains),46,,-77,,,
Stock based compensation,-1,,-1,,,
Change in working capital,-4553,8234,-11081,2382,-340,1380
Inventory,-4488,4334,-5147,209,-838,1145
Other working capital,-65,3900,-5934,2173,498,235
Other non-cash items,-422,-735,-980,-502,-185,-665
Net cash provided by operating activities,3456,11798,-5230,8496,6490,7036
Cash Flows From Investing Activities
"Investments in property, plant, and equipment",-1296,-1357,-1306,-2544,-1009,-1586
"Property, plant, and equipment reductions",73,36,49,125,31,29
"Acquisitions, net",-223,-373,-375,-825,102,
Purchases of investments,-36,-16,-8,-11,-10,-8
Sales/Maturities of investments,244,9,21,150,70,24
Other investing activities,73,107,28,58,4,95
Net cash used for investing activities,-1165,-1593,-1592,-3047,-811,-1446
Cash Flows From Financing Activities
Debt issued,9553,2433,9038,1302,,
Debt repayment,-8441,-10358,-1136,-601,-834,793
Common stock issued,3,1,,,,
Common stock repurchased,-1750,-1017,,-1477,-1800,-1758
Dividend paid,-857,-588,-571,-550,-525,
Other financing activities,-834,-673,-512,-4130,-2530,-3197
Net cash provided by (used for) financing activities,-2327,-10201,6819,-5455,-5689,-4163
Net change in cash,-36,4,-3,-6,-10,1427
Cash at beginning of period,62,20,25,21,15,1199
Cash at end of period,26,25,21,15,4,2626
Free Cash Flow
Operating cash flow,3456,11798,-5230,8496,6490,7036
Capital expenditure,-1296,-1357,-1306,-2544,-1009,-1586
Free cash flow,2161,10441,-6536,5952,5481,5451
