﻿AMARA RAJA BATTERIES LTD  (500008) CashFlowFlag BALANCE SHEET
Fiscal year ends in March. INR in millions except per share data.,2017-03,2018-03,2019-03,2020-03,2021-03
Assets
Current assets
Cash
Cash and cash equivalents,1007,487,502,326,969
Short-term investments,1963,779,124,1900,3479
Total cash,2970,1266,627,2227,4448
Receivables,5705,7824,7686,6363,7869
Inventories,8170,10497,10614,11430,14389
Prepaid expenses,357,1427,2615,1714,1111
Other current assets,384,508,500,499,395
Total current assets,17586,21523,22041,22232,28212
Non-current assets
"Property, plant and equipment"
"Gross property, plant and equipment",20478,24696,28403,36484,41508
Accumulated Depreciation,-3205,-5450,-7974,-10897,-13936
"Net property, plant and equipment",17273,19246,20429,25587,27572
Intangible assets,51,51,846,976,968
Other long-term assets,936,866,1641,1209,1216
Total non-current assets,18260,20162,22916,27772,29756
Total assets,35846,41686,44957,50004,57969
Liabilities and stockholders' equity
Liabilities
Current liabilities
Short-term debt,35,51,116,125,110
Capital leases,,,,154,194
Accounts payable,4184,5923,5104,6150,7465
Taxes payable,486,,,194,473
Other current liabilities,2891,3956,3804,4398,5053
Total current liabilities,7596,9930,9025,11020,13295
Non-current liabilities
Long-term debt,690,584,468,343,234
Capital leases,,,,217,386
Deferred taxes liabilities,815,878,959,441,407
Deferred revenues,409,468,460,591,593
Other long-term liabilities,404,452,695,838,954
Total non-current liabilities,2319,2382,2582,2430,2574
Total liabilities,9915,12312,11607,13451,15869
Stockholders' equity
Common stock,171,171,171,171,171
Additional paid-in capital,312,312,312,312,312
Retained earnings,21809,24752,28244,30851,35819
Accumulated other comprehensive income,3639,4140,4624,5219,5799
Total stockholders' equity,25931,29374,33350,36553,42100
Total liabilities and stockholders' equity,35846,41686,44957,50004,57969
