﻿FORCE MOTORS LTD  (500033) CashFlowFlag INCOME STATEMENT
Fiscal year ends in March. INR in millions except per share data.,2017-03,2018-03,2019-03,2020-03,2021-03,TTM
Revenue,30380,33924,36200,30531,19519,29352
Cost of revenue,22739,26343,28585,22885,15386,23941
Gross profit,7640,7581,7615,7646,4133,5411
Operating expenses
"Sales, General and administrative",435,249,242,292,162,
Other operating expenses,5658,5792,6098,6614,5349,6663
Total operating expenses,6094,6042,6340,6906,5510,6663
Operating income,1546,1540,1275,740,-1377,-1252
Interest Expense,51,62,148,274,278,325
Other income (expense),858,528,775,-46,-103,98
Income before taxes,2354,2006,1901,420,-1758,-1479
Provision for income taxes,552,534,467,-83,-523,-460
Net income from continuing operations,1802,1472,1434,503,-1235,-1019
Other,-1,-1,-1,-1,-1,-1
Net income,1801,1471,1433,502,-1236,-1020
Net income available to common shareholders,1801,1471,1433,502,-1236,-1020
Earnings per share
Basic,136.74,111.72,108.77,38.08,-93.83,-77.38
Diluted,136.74,111.72,108.78,38.08,-93.83,-77.38
Weighted average shares outstanding
Basic,13,13,13,13,13,13
Diluted,13,13,13,13,13,13
EBITDA,3535,3360,3559,2639,256,642
