﻿DISA INDIA LTD  (500068) CashFlowFlag BALANCE SHEET
Fiscal year ends in March. INR in millions except per share data.,2017-03,2018-03,2019-03,2020-03,2021-03
Assets
Current assets
Cash
Cash and cash equivalents,545,61,97,154,89
Short-term investments,,3,2,1,2
Total cash,545,63,99,155,92
Receivables,98,144,210,197,204
Inventories,368,474,651,563,291
Prepaid expenses,,143,106,154,98
Other current assets,159,779,928,992,1672
Total current assets,1170,1602,1994,2060,2357
Non-current assets
"Property, plant and equipment"
"Gross property, plant and equipment",544,542,569,610,644
Accumulated Depreciation,-323,-336,-357,-386,-394
"Net property, plant and equipment",221,206,212,223,250
Goodwill,,6,6,6,6
Intangible assets,5,1,1,2,1
Deferred income taxes,5,2,5,7,7
Other long-term assets,32,50,33,38,149
Total non-current assets,263,266,257,276,413
Total assets,1433,1868,2251,2337,2770
Liabilities and stockholders' equity
Liabilities
Current liabilities
Capital leases,,,,3,8
Accounts payable,212,330,305,193,228
Deferred income taxes,,,13,14,15
Other current liabilities,280,447,558,444,563
Total current liabilities,492,777,876,654,814
Non-current liabilities
Capital leases,,,,17,50
Deferred taxes liabilities,,,1,1,1
Other long-term liabilities,13,,,,
Total non-current liabilities,13,,1,18,51
Total liabilities,505,777,877,672,865
Stockholders' equity
Common stock,14,14,14,14,14
Additional paid-in capital,1,1,1,,
Retained earnings,912,1075,1358,1648,1889
Accumulated other comprehensive income,2,2,2,2,2
Total stockholders' equity,928,1092,1374,1664,1905
Total liabilities and stockholders' equity,1433,1868,2251,2337,2770
