﻿BAJAJ HINDUSTHAN SUGAR LTD  (500032) CashFlowFlag INCOME STATEMENT
Fiscal year ends in March. INR in millions except per share data.,2017-03,2018-03,2019-03,2020-03,2021-03,TTM
Revenue,43993,57669,66931,66141,65566,58432
Cost of revenue,30051,50065,59223,55815,56652,48930
Gross profit,13942,7604,7708,10326,8914,9501
Operating expenses
"Sales, General and administrative",631,863,835,658,650,
Other operating expenses,7218,5990,5930,7286,8787,9337
Total operating expenses,7850,6853,6764,7944,9438,9337
Operating income,6093,751,943,2382,-524,165
Interest Expense,7972,6741,3151,2980,2588,2507
Other income (expense),902,944,869,75,174,164
Income before taxes,-977,-5045,-1339,-524,-2937,-2179
Provision for income taxes,-57,-49,26,-24,-29,-31
Net income from continuing operations,-920,-4996,-1366,-500,-2908,-2148
Other,,,,0,,0
Net income,-920,-4996,-1366,-500,-2908,-2148
Net income available to common shareholders,-920,-4996,-1366,-500,-2908,-2148
Earnings per share
Basic,-0.81,-4.54,-1.24,-0.45,-2.64,-1.74
Diluted,-0.81,-4.54,-1.24,-0.45,-2.64,-1.74
Weighted average shares outstanding
Basic,1133,1101,1101,1101,1101,1164
Diluted,1133,1101,1101,1101,1101,1164
EBITDA,9427,3670,3854,4620,1808,2477
