﻿CHAMBAL FERTILISERS & CHEMICALS LTD  (500085) CashFlowFlag INCOME STATEMENT
Fiscal year ends in March. INR in millions except per share data.,2017-03,2018-03,2019-03,2020-03,2021-03,TTM
Revenue,75534,75410,101774,122060,127190,144022
Cost of revenue,48608,47130,61819,70136,74732,87443
Gross profit,26926,28280,39955,51924,52458,56579
Operating expenses
Research and development,25,25,26,28,32,
"Sales, General and administrative",368,445,277,342,434,
Other operating expenses,19501,19966,28451,33854,30090,37552
Total operating expenses,19894,20435,28754,34224,30555,37552
Operating income,7032,7845,11201,17700,21903,19028
Interest Expense,1495,921,2076,4311,2612,966
Other income (expense),119,443,-791,-108,4305,6459
Income before taxes,5656,7367,8334,13281,23595,24520
Provision for income taxes,1855,2449,2486,1014,6119,5880
Net income from continuing operations,3801,4917,5848,12266,17476,18640
Net income from discontinuing ops,-211,37,,-11,,
Other,32,34,54,6,-928,-937
Net income,3621,4988,5902,12262,16548,17703
Net income available to common shareholders,3621,4988,5902,12262,16548,17703
Earnings per share
Basic,8.70,11.99,14.18,29.46,39.76,42.53
Diluted,8.70,11.99,14.18,29.46,39.76,42.53
Weighted average shares outstanding
Basic,416,416,416,416,416,416
Diluted,416,416,416,416,416,416
EBITDA,8509,9146,11853,20614,29103,28486
