﻿DIC INDIA LTD  (500089) Statement of  CASH FLOW
Fiscal year ends in December. INR in millions except per share data.,2017-12,2018-12,2019-12,2020-12,2021-12,TTM
Cash Flows From Operating Activities
Net income,-167,-59,175,1109,168,168
Depreciation & amortization,156,133,112,147,143,143
Change in working capital,-251,-125,306,189,-235,-235
Inventory,-55,-177,409,-41,-467,-467
Other working capital,-196,52,-103,230,232,232
Other non-cash items,133,-37,-7,-1202,-146,-146
Net cash provided by operating activities,-128,-88,585,243,-71,-71
Cash Flows From Investing Activities
"Investments in property, plant, and equipment",-168,-514,-555,-61,-235,-235
"Property, plant, and equipment reductions",137,438,0,0,176,176
Other investing activities,1,-144,187,442,622,622
Net cash used for investing activities,-30,-220,-368,382,563,563
Cash Flows From Financing Activities
Debt issued,,157,,,,
Debt repayment,,,,-351,,
Dividend paid,-37,,,-41,-55,-55
Other financing activities,319,-42,-216,-50,-40,-40
Net cash provided by (used for) financing activities,282,115,-216,-443,-95,-95
Net change in cash,125,-192,1,181,397,397
Cash at beginning of period,216,340,148,149,331,331
Cash at end of period,340,148,149,331,728,728
Free Cash Flow
Operating cash flow,-128,-88,585,243,-71,-71
Capital expenditure,-168,-514,-555,-61,-235,-235
Free cash flow,-295,-602,30,182,-306,-306
