﻿BAJAJ FINANCE LTD  (500034) Statement of  CASH FLOW
Fiscal year ends in March. INR in millions except per share data.,2018-03,2019-03,2020-03,2021-03,2022-03,TTM
Cash Flows From Operating Activities
Net income,40962,61792,73221,59923,95038,95038
Depreciation & amortization,1021,1442,2946,3253,3846,3846
Investments losses (gains),-2561,-2979,-5381,-5912,-3277,-3277
Stock based compensation,,748,1008,1248,1610,1610
Change in working capital,-243925,-346140,-342789,-94950,-501263,-501263
Other working capital,-243925,-346140,-342789,-94950,-501263,-501263
Other non-cash items,-110,-6329,26733,27630,33760,33760
Net cash provided by operating activities,-204614,-291467,-244262,-8810,-370286,-370286
Cash Flows From Investing Activities
"Investments in property, plant, and equipment",-2079,-3004,-3968,-1317,-3756,-3756
"Property, plant, and equipment reductions",10,312,72,114,191,191
Purchases of investments,-2262387,-4759203,-4453546,-2415859,-2411868,-2411868
Sales/Maturities of investments,2274168,4707917,4369617,2412288,2477481,2477481
Purchases of intangibles,,-978,-1104,-1778,-2586,-2586
Other investing activities,,1198,1360,2267,4006,4006
Net cash used for investing activities,9712,-53758,-87569,-4285,63468,63468
Cash Flows From Financing Activities
Debt issued,770763,294871,188793,49371,411784,411784
Debt repayment,-618446,,,-73710,-178896,-178896
Common stock issued,45380,574,85680,1032,1729,1729
Dividend paid,-1968,-2302,-9433,-27,-6026,-6026
Other financing activities,-696,52169,76765,41596,93806,93806
Net cash provided by (used for) financing activities,195033,345313,341806,18261,322396,322396
Net change in cash,131,88,9975,5166,15578,15578
Cash at beginning of period,3249,3382,3470,13445,18493,18493
Cash at end of period,3380,3470,13445,18612,34072,34072
Free Cash Flow
Operating cash flow,-204614,-291467,-244262,-8810,-370286,-370286
Capital expenditure,-2079,-3982,-5071,-3095,-6342,-6342
Free cash flow,-206693,-295449,-249333,-11904,-376628,-376628
