﻿CRISIL LTD  (500092) Statement of  CASH FLOW
Fiscal year ends in December. INR in millions except per share data.,2017-12,2018-12,2019-12,2020-12,2021-12,TTM
Cash Flows From Operating Activities
Net income,4336,4996,4916,4583,6184,6184
Depreciation & amortization,466,428,369,1211,1060,1060
Investments losses (gains),-183,-194,-214,-141,-178,-178
Stock based compensation,176,188,81,25,16,16
Change in working capital,-388,-234,835,570,-535,-535
Other working capital,-388,-234,835,570,-535,-535
Other non-cash items,-1540,-1398,-1528,-1242,-2515,-2515
Net cash provided by operating activities,2867,3785,4459,5005,4031,4031
Cash Flows From Investing Activities
"Investments in property, plant, and equipment",-339,-335,-291,-349,-228,-228
"Property, plant, and equipment reductions",14,17,14,9,498,498
"Acquisitions, net",,-560,,-2512,,
Purchases of investments,-4685,-392,-559,-439,-1302,-1302
Sales/Maturities of investments,3198,399,,,0,0
Other investing activities,45,141,126,62,149,149
Net cash used for investing activities,-1767,-731,-710,-3229,-882,-882
Cash Flows From Financing Activities
Debt repayment,,-6,,,,
Common stock issued,442,500,230,352,415,415
Dividend paid,-2308,-2514,-2516,-2320,-2765,-2765
Other financing activities,,,-3,-683,-560,-560
Net cash provided by (used for) financing activities,-1866,-2020,-2289,-2651,-2910,-2910
Effect of exchange rate changes,-27,27,-63,-20,-88,-88
Net change in cash,-792,1062,1396,-895,150,150
Cash at beginning of period,1639,887,1995,3391,2749,2749
Cash at end of period,847,1949,3391,2496,2899,2899
Free Cash Flow
Operating cash flow,2867,3785,4459,5005,4031,4031
Capital expenditure,-339,-335,-291,-349,-228,-228
Free cash flow,2528,3450,4168,4656,3803,3803
