﻿ANDHRA PETROCHEMICALS LTD  (500012) Statement of  CASH FLOW
Fiscal year ends in March. INR in millions except per share data.,2017-03,2018-03,2019-03,2020-03,2021-03,TTM
Cash Flows From Operating Activities
Net income,-109,473,950,210,1179,3073
Depreciation & amortization,90,95,105,128,140,140
Investments losses (gains),-18,-0,-10,-17,-25,-61
Change in working capital,-272,19,-104,131,73,-143
Inventory,-140,190,-30,-160,25,-105
Other working capital,-132,-171,-74,291,48,-38
Other non-cash items,166,18,-153,-45,-116,-468
Net cash provided by operating activities,-143,604,787,407,1253,2542
Cash Flows From Investing Activities
"Investments in property, plant, and equipment",-2,-99,-7,-53,-14,-11
"Property, plant, and equipment reductions",0,3,0,0,,
Purchases of investments,,-140,-2082,-1420,,
Sales/Maturities of investments,,140,1929,1313,811,1098
Purchases of intangibles,,-1,-2,-1,,
Other investing activities,120,21,12,9,-1919,-3297
Net cash used for investing activities,118,-75,-150,-152,-1122,-2211
Cash Flows From Financing Activities
Debt issued,394,20,,,,22
Debt repayment,-260,-417,-571,-80,-62,
Dividend paid,,,,-127,,
Other financing activities,-156,-119,-59,-37,-4,-190
Net cash provided by (used for) financing activities,-22,-516,-631,-245,-66,-168
Net change in cash,-46,13,7,10,65,163
Cash at beginning of period,-67,10,23,30,40,31
Cash at end of period,-112,23,30,40,104,194
Free Cash Flow
Operating cash flow,-143,604,787,407,1253,2542
Capital expenditure,-2,-100,-9,-54,-14,-11
Free cash flow,-145,504,778,353,1239,2531
