﻿ABB INDIA LTD  (500002) CashFlowFlag INCOME STATEMENT
Fiscal year ends in December. INR in millions except per share data.,2017-12,2018-12,2019-12,2020-12,2021-12,TTM
Revenue,89614,66134,72290,57572,68640,72062
Cost of revenue,62100,47007,50885,40537,48382,50566
Gross profit,27514,19126,21405,17035,20258,21496
Operating expenses
"Sales, General and administrative",2302,1721,1837,1311,1601,
Other operating expenses,17793,12438,14183,12943,13383,15674
Total operating expenses,20096,14159,16019,14254,14985,15674
Operating income,7419,4968,5386,2781,5274,5822
Interest Expense,773,539,214,169,107,90
Other income (expense),-428,-477,-732,432,2076,1454
Income before taxes,6218,3951,4440,3044,7243,7186
Provision for income taxes,2018,1410,1418,739,1918,2600
Net income from continuing operations,4200,2542,3022,2304,5325,4586
Net income from discontinuing ops,,3991,12,-112,-128,-6
Extraordinary items,,-1424,,,,
Other,,-2848,,,,
Net income,4200,5109,3034,2192,5197,4580
Net income available to common shareholders,4200,5109,3034,2192,5197,4580
Earnings per share
Basic,19.82,24.11,14.32,10.34,24.53,21.62
Diluted,19.82,24.11,14.32,10.34,24.53,21.62
Weighted average shares outstanding
Basic,212,212,212,212,212,212
Diluted,212,212,212,212,212,212
EBITDA,8570,5948,5694,4416,8377,8310
