﻿BOMBAY DYEING & MANUFACTURING CO LTD  (500020) Statement of  CASH FLOW
Fiscal year ends in March. INR in millions except per share data.,2017-03,2018-03,2019-03,2020-03,2021-03,TTM
Cash Flows From Operating Activities
Net income,-2174,1904,12300,-2101,-5646,-4517
Depreciation & amortization,318,299,298,331,337,336
Investments losses (gains),-16,-17,-26,-26,-9,-6
Change in working capital,-2274,-9327,-25343,-2612,5654,7064
Inventory,-1925,118,-5971,-2232,3806,4043
Other working capital,-350,-9445,-19372,-380,1848,3021
Other non-cash items,4588,3450,5030,5399,5700,5373
Net cash provided by operating activities,443,-3690,-7741,991,6036,8251
Cash Flows From Investing Activities
"Investments in property, plant, and equipment",-160,-129,-201,-113,-55,-93
"Property, plant, and equipment reductions",204,2073,1203,1,611,
"Acquisitions, net",-126,,,,,
Purchases of investments,,-120,,,,
Sales/Maturities of investments,3283,1033,116,2753,1192,
Other investing activities,97,2730,827,66,-472,378
Net cash used for investing activities,3298,5586,1945,2706,1277,285
Cash Flows From Financing Activities
Debt issued,23522,31578,19440,17025,13064,12444
Debt repayment,-19533,-28975,-8318,-15270,-13738,-15523
Dividend paid,-124,-174,-249,-374,-44,
Other financing activities,-7345,-4792,-4876,-5359,-5194,-6688
Net cash provided by (used for) financing activities,-3480,-2363,5998,-3978,-5911,-9768
Net change in cash,261,-467,202,-280,1403,-1232
Cash at beginning of period,265,608,147,308,28,2517
Cash at end of period,526,142,349,28,1431,1285
Free Cash Flow
Operating cash flow,443,-3690,-7741,991,6036,8251
Capital expenditure,-160,-129,-201,-113,-55,-93
Free cash flow,283,-3820,-7942,878,5982,8158
