﻿ATV PROJECTS INDIA LTD  (500028) CashFlowFlag INCOME STATEMENT
Fiscal year ends in March. INR in millions except per share data.,2017-03,2018-03,2019-03,2020-03,2021-03,TTM
Revenue,598,544,408,377,338,365
Cost of revenue,386,415,248,209,185,189
Gross profit,212,129,160,168,153,176
Operating expenses
"Sales, General and administrative",8,10,9,9,7,
Other operating expenses,161,110,133,132,119,141
Total operating expenses,169,121,141,141,126,141
Operating income,44,9,19,28,27,35
Interest Expense,71,,,0,0,0
Other income (expense),1541,376,-55,1,47,47
Income before taxes,1513,384,-36,28,74,82
Provision for income taxes,,-0,1,3,5,5
Net income from continuing operations,1513,384,-36,25,69,78
Net income,1513,384,-36,25,69,78
Net income available to common shareholders,1513,384,-36,25,69,78
Earnings per share
Basic,28.49,7.24,-0.69,0.46,1.30,1.46
Diluted,28.49,7.24,-0.69,0.46,1.30,1.46
Weighted average shares outstanding
Basic,53,53,53,53,53,53
Diluted,53,53,53,53,53,53
EBITDA,1592,390,29,37,83,91
