﻿FORCE MOTORS LTD  (500033) CashFlowFlag BALANCE SHEET
Fiscal year ends in March. INR in millions except per share data.,2017-03,2018-03,2019-03,2020-03,2021-03
Assets
Current assets
Cash
Cash and cash equivalents,864,396,43,664,347
Short-term investments,1496,18,,,628
Total cash,2361,414,43,664,976
Receivables,1151,2419,1665,1687,1260
Inventories,4377,4771,5036,5515,5578
Prepaid expenses,4004,2035,3135,1384,34
Other current assets,3084,1627,1035,1020,970
Total current assets,14976,11266,10914,10271,8818
Non-current assets
"Property, plant and equipment"
"Gross property, plant and equipment",20770,22582,26189,29048,31220
Accumulated Depreciation,-11006,-11645,-12878,-14438,-15058
"Net property, plant and equipment",9764,10938,13311,14609,16162
Goodwill,0,0,0,0,0
Intangible assets,1490,2693,3687,5041,5616
Deferred income taxes,,,,71,576
Other long-term assets,783,333,448,988,1203
Total non-current assets,12037,13964,17446,20709,23557
Total assets,27014,25230,28360,30980,32375
Liabilities and stockholders' equity
Liabilities
Current liabilities
Short-term debt,1965,,802,1222,1486
Accounts payable,4854,5649,3953,5803,5839
Deferred income taxes,,23,,,
Other current liabilities,2195,1158,1776,2086,1410
Total current liabilities,9013,6830,6531,9111,8736
Non-current liabilities
Long-term debt,20,,2056,1875,4938
Deferred taxes liabilities,975,44,99,,
Minority interest,15,16,17,18,19
Other long-term liabilities,314,328,324,322,304
Total non-current liabilities,1324,389,2496,2215,5261
Total liabilities,10338,7218,9028,11326,13997
Stockholders' equity
Common stock,132,132,132,132,132
Additional paid-in capital,592,592,592,592,592
Retained earnings,12399,13725,15005,15350,13994
Accumulated other comprehensive income,3553,3562,3603,3579,3660
Total stockholders' equity,16676,18011,19332,19653,18378
Total liabilities and stockholders' equity,27014,25230,28360,30980,32375
