﻿ANDHRA PETROCHEMICALS LTD  (500012) CashFlowFlag BALANCE SHEET
Fiscal year ends in March. INR in millions except per share data.,2017-03,2018-03,2019-03,2020-03,2021-03
Assets
Current assets
Cash
Cash and cash equivalents,10,16,27,31,96
Short-term investments,,0,163,287,1430
Total cash,10,16,190,318,1526
Receivables,218,342,356,60,44
Inventories,351,161,191,351,326
Prepaid expenses,,21,50,64,78
Other current assets,112,12,6,25,23
Total current assets,691,552,793,818,1997
Non-current assets
"Property, plant and equipment"
"Gross property, plant and equipment",4690,4708,4714,5558,5542
Accumulated Depreciation,-2855,-2887,-2992,-3083,-3192
"Net property, plant and equipment",1836,1820,1721,2475,2350
Intangible assets,,,3,3,3
Deferred income taxes,,5,,,
Other long-term assets,112,91,89,75,116
Total non-current assets,1948,1916,1814,2554,2468
Total assets,2638,2468,2607,3372,4465
Liabilities and stockholders' equity
Liabilities
Current liabilities
Short-term debt,122,576,86,62,0
Capital leases,,,,73,75
Accounts payable,51,57,49,94,166
Deferred income taxes,,,12,,18
Taxes payable,,2,,,
Other current liabilities,485,100,82,79,143
Total current liabilities,659,734,228,308,403
Non-current liabilities
Long-term debt,744,136,56,,
Capital leases,,,,711,717
Deferred taxes liabilities,89,,36,74,277
Other long-term liabilities,12,21,22,44,31
Total non-current liabilities,844,157,115,829,1025
Total liabilities,1503,891,342,1138,1428
Stockholders' equity
Common stock,850,850,850,850,850
Additional paid-in capital,,41,41,41,41
Retained earnings,,435,1133,1115,1883
Accumulated other comprehensive income,285,251,241,229,263
Total stockholders' equity,1135,1577,2265,2235,3037
Total liabilities and stockholders' equity,2638,2468,2607,3372,4465
