﻿UTIQUE ENTERPRISES LTD  (500014) CashFlowFlag INCOME STATEMENT
Fiscal year ends in March. INR in millions except per share data.,2017-03,2018-03,2019-03,2020-03,2021-03,TTM
Revenue,0,,0,34,21,21
Cost of revenue,,4,4,35,23,24
Gross profit,0,-4,-4,-1,-2,-2
Operating expenses
"Sales, General and administrative",2,3,5,5,7,
Other operating expenses,13,9,10,10,7,16
Total operating expenses,15,12,15,15,14,16
Operating income,-15,-16,-19,-16,-16,-18
Interest Expense,,,,0,,
Other income (expense),16,18,20,46,41,50
Income before taxes,1,2,1,30,24,33
Provision for income taxes,,,,0,,
Net income from continuing operations,1,2,1,30,24,33
Net income,1,2,1,30,24,33
Net income available to common shareholders,1,2,1,30,24,33
Earnings per share
Basic,0.01,0.04,0.02,0.53,0.44,0.59
Diluted,0.01,0.04,0.02,0.53,0.44,0.59
Weighted average shares outstanding
Basic,56,56,56,56,56,55
Diluted,56,56,56,56,56,55
EBITDA,-13,-14,-18,31,26,24
