﻿CRISIL LTD  (500092) CashFlowFlag BALANCE SHEET
Fiscal year ends in December. INR in millions except per share data.,2017-12,2018-12,2019-12,2020-12,2021-12
Assets
Current assets
Cash
Cash and cash equivalents,846,2031,3416,2749,2899
Short-term investments,2003,1870,2545,3087,4537
Total cash,2849,3900,5960,5836,7436
Receivables,2604,2848,1994,3074,3985
Prepaid expenses,539,504,586,435,937
Other current assets,1076,997,1110,1499,1978
Total current assets,7068,8249,9650,10844,14337
Non-current assets
"Property, plant and equipment"
"Gross property, plant and equipment",1149,1330,1418,4771,4403
Accumulated Depreciation,-606,-902,-1023,-2242,-2727
"Net property, plant and equipment",544,427,395,2529,1676
Goodwill,2320,2772,2886,3759,3727
Intangible assets,203,391,370,1501,1263
Deferred income taxes,348,568,426,641,592
Other long-term assets,4465,3930,3161,2794,3444
Total non-current assets,7880,8088,7238,11223,10702
Total assets,14947,16338,16887,22066,25039
Liabilities and stockholders' equity
Liabilities
Current liabilities
Short-term debt,,25,26,,
Capital leases,,,,583,562
Accounts payable,567,648,755,1054,1337
Deferred income taxes,,,153,162,53
Taxes payable,100,118,,,
Other current liabilities,3619,3969,4004,5090,6066
Total current liabilities,4287,4759,4938,6888,8018
Non-current liabilities
Long-term debt,,1,0,,
Capital leases,,,,1658,760
Deferred revenues,5,,,,5
Pensions and other benefits,129,138,151,214,212
Other long-term liabilities,41,77,78,188,261
Total non-current liabilities,175,216,230,2060,1237
Total liabilities,4461,4975,5168,8948,9254
Stockholders' equity
Common stock,72,72,72,73,73
Additional paid-in capital,1010,1694,2013,2508,3056
Retained earnings,7956,9048,9998,11070,12977
Accumulated other comprehensive income,1448,548,-365,-533,-321
Total stockholders' equity,10486,11362,11719,13118,15784
Total liabilities and stockholders' equity,14947,16338,16887,22066,25039
