﻿BAJAJ HINDUSTHAN SUGAR LTD  (500032) Statement of  CASH FLOW
Fiscal year ends in March. INR in millions except per share data.,2017-03,2018-03,2019-03,2020-03,2021-03,TTM
Cash Flows From Operating Activities
Net income,-977,-5045,-1339,-524,-2937,-2438
Depreciation & amortization,2432,1974,2042,2164,2157,2150
Change in working capital,-1550,6162,7966,4486,1616,5113
Inventory,-10854,1616,829,536,1700,5052
Other working capital,9304,4546,7137,3950,-84,61
Other non-cash items,7094,6441,2508,2976,2562,2559
Net cash provided by operating activities,6999,9532,11177,9103,3398,7383
Cash Flows From Investing Activities
"Investments in property, plant, and equipment",-254,-345,-167,-289,-25,-48
"Property, plant, and equipment reductions",10,17,81,2,96,
Other investing activities,109,41,49,73,44,126
Net cash used for investing activities,-135,-287,-37,-214,115,78
Cash Flows From Financing Activities
Debt issued,2427,,,,,
Debt repayment,-3955,-4836,-6237,-5477,-2265,-4928
Dividend paid,-1,-1,-2,-1,-1,
Other financing activities,-5538,-4344,-4745,-2909,-1550,-2145
Net cash provided by (used for) financing activities,-7068,-9182,-10984,-8388,-3815,-7072
Net change in cash,-204,63,156,501,-302,388
Cash at beginning of period,524,320,383,539,1040,158
Cash at end of period,320,383,539,1040,738,547
Free Cash Flow
Operating cash flow,6999,9532,11177,9103,3398,7383
Capital expenditure,-254,-345,-167,-289,-25,-48
Free cash flow,6745,9188,11010,8814,3373,7335
