﻿BIHAR SPONGE IRON LTD  (500058) CashFlowFlag INCOME STATEMENT
Fiscal year ends in March. INR in millions except per share data.,2017-03,2018-03,2019-03,2020-03,2021-03,TTM
Revenue,,0,,,221,335
Cost of revenue,0,0,,,128,218
Gross profit,-0,-0,,,93,117
Operating expenses
"Sales, General and administrative",5,3,5,4,4,
Other operating expenses,66,70,69,60,56,78
Total operating expenses,70,73,74,64,60,78
Operating income,-71,-73,-74,-64,33,39
Interest Expense,,4,1,0,2,1
Other income (expense),33,76,73,55,9,37
Income before taxes,-38,-1,-1,-8,40,75
Net income from continuing operations,-38,-1,-1,-8,40,75
Net income,-38,-1,-1,-8,40,75
Net income available to common shareholders,-38,-1,-1,-8,40,75
Earnings per share
Basic,-0.42,-0.01,-0.01,-0.09,0.44,0.84
Diluted,-0.42,-0.01,-0.01,-0.09,0.44,0.84
Weighted average shares outstanding
Basic,90,90,90,90,90,89
Diluted,90,90,90,90,90,89
EBITDA,6,46,43,25,71,105
