﻿BIHAR SPONGE IRON LTD  (500058) Statement of  CASH FLOW
Fiscal year ends in March. INR in millions except per share data.,2017-03,2018-03,2019-03,2020-03,2021-03,TTM
Cash Flows From Operating Activities
Net income,-38,-1,-1,-8,40,93
Depreciation & amortization,43,43,43,33,29,29
Deferred income taxes,0,,,,,
Change in working capital,-19,-9,-11,1,23,-6
Inventory,0,,,,0,1
Other working capital,-19,-9,-11,1,23,-7
Other non-cash items,-15,-30,-32,-16,7,3
Net cash provided by operating activities,-28,4,-2,10,99,119
Cash Flows From Investing Activities
"Investments in property, plant, and equipment",-0,-0,,,-1,-1
"Property, plant, and equipment reductions",,0,,,0,1
Other investing activities,7,0,0,0,0,0
Net cash used for investing activities,7,0,0,0,-1,-0
Cash Flows From Financing Activities
Debt issued,,1,4,,,
Debt repayment,-42,,,-14,-52,
Other financing activities,-1,-3,-1,-0,-43,-119
Net cash provided by (used for) financing activities,-43,-2,3,-14,-95,-119
Net change in cash,-64,1,1,-4,4,0
Cash at beginning of period,71,8,9,10,6,6
Cash at end of period,8,9,10,6,10,7
Free Cash Flow
Operating cash flow,-28,4,-2,10,99,119
Capital expenditure,-0,-0,,,-1,-1
Free cash flow,-28,4,-2,10,99,118
