﻿BANNARI AMMAN SUGARS LTD  (500041) CashFlowFlag BALANCE SHEET
Fiscal year ends in March. INR in millions except per share data.,2017-03,2018-03,2019-03,2020-03,2021-03
Assets
Current assets
Cash
Cash and cash equivalents,92,32,35,77,32
Total cash,92,32,35,77,32
Receivables,1162,675,1292,1894,1608
Inventories,9392,5349,9343,9601,9955
Prepaid expenses,,246,184,228,285
Other current assets,538,381,236,1217,721
Total current assets,11185,6683,11090,13018,12601
Non-current assets
"Property, plant and equipment"
"Gross property, plant and equipment",13718,13895,14367,15430,16078
Accumulated Depreciation,-2347,-3036,-3593,-4241,-4895
"Net property, plant and equipment",11371,10859,10774,11189,11183
Other long-term assets,1463,1589,160,138,121
Total non-current assets,12834,12448,10934,11326,11303
Total assets,24019,19131,22023,24344,23904
Liabilities and stockholders' equity
Liabilities
Current liabilities
Short-term debt,5935,3181,5226,7471,7019
Capital leases,,,,3,3
Accounts payable,850,666,1672,616,597
Deferred income taxes,,,3,13,35
Taxes payable,38,,,,
Other current liabilities,984,413,607,785,780
Total current liabilities,7808,4260,7508,8888,8434
Non-current liabilities
Long-term debt,4444,2158,2464,2486,1691
Capital leases,,,,7,4
Deferred taxes liabilities,1056,1307,12,92,113
Accrued liabilities,,,,,56
Pensions and other benefits,,,,,44
Other long-term liabilities,41,50,81,122,
Total non-current liabilities,5540,3515,2557,2706,1909
Total liabilities,13348,7775,10065,11595,10343
Stockholders' equity
Common stock,125,125,125,125,125
Additional paid-in capital,1035,1035,1035,1035,1035
Retained earnings,470,405,249,304,350
Accumulated other comprehensive income,9040,9790,10550,11285,12051
Total stockholders' equity,10671,11356,11959,12749,13561
Total liabilities and stockholders' equity,24019,19131,22023,24344,23904
