﻿AEGIS LOGISTICS LTD  (500003) Statement of  CASH FLOW
Fiscal year ends in March. INR in millions except per share data.,2017-03,2018-03,2019-03,2020-03,2021-03,TTM
Cash Flows From Operating Activities
Net income,1717,2248,3023,2076,3356,4129
Depreciation & amortization,243,343,505,687,716,737
Investments losses (gains),-11,-5,-3,-4,-1,
Stock based compensation,,,,2388,983,421
Change in working capital,-250,-192,2450,-3083,-71,-161
Inventory,-102,-42,-78,-83,-103,-364
Other working capital,-147,-150,2528,-3000,32,203
Other non-cash items,-155,-479,-412,-601,-568,-625
Net cash provided by operating activities,1544,1915,5563,1463,4416,4501
Cash Flows From Investing Activities
"Investments in property, plant, and equipment",-2403,-2991,-1541,-1708,-3588,-3704
"Property, plant, and equipment reductions",2,,,1,1,
"Acquisitions, net",-36,-2,-54,,0,532
Sales/Maturities of investments,5,3,1,32,73,
Other investing activities,-26,28,48,161,-766,-817
Net cash used for investing activities,-2459,-2962,-1547,-1514,-4280,-3989
Cash Flows From Financing Activities
Debt issued,,404,252,600,1759,1870
Debt repayment,-328,-659,-198,-827,-126,-1102
Common stock issued,,2393,,6,11,
Dividend paid,-310,-413,-308,-866,-486,-455
Other financing activities,1105,117,-1178,-170,-551,-521
Net cash provided by (used for) financing activities,467,1842,-1431,-1258,608,-207
Net change in cash,-448,795,2585,-1309,744,305
Cash at beginning of period,818,154,949,3534,2225,2846
Cash at end of period,370,949,3534,2225,2968,3151
Free Cash Flow
Operating cash flow,1544,1915,5563,1463,4416,4501
Capital expenditure,-2403,-2991,-1541,-1708,-3588,-3704
Free cash flow,-860,-1077,4022,-245,828,797
