﻿DIC INDIA LTD  (500089) CashFlowFlag INCOME STATEMENT
Fiscal year ends in December. INR in millions except per share data.,2017-12,2018-12,2019-12,2020-12,2021-12,TTM
Revenue,7406,8333,7866,6061,7421,7421
Cost of revenue,5698,6757,5955,4391,5639,5639
Gross profit,1708,1576,1911,1669,1783,1783
Operating expenses
"Sales, General and administrative",402,433,425,307,366,366
Other operating expenses,1339,1269,1375,1250,1306,1306
Total operating expenses,1741,1702,1799,1557,1672,1672
Operating income,-33,-125,112,113,111,111
Interest Expense,28,58,47,19,14,14
Other income (expense),-105,125,109,1015,71,71
Income before taxes,-167,-59,175,1109,168,168
Provision for income taxes,-43,34,-10,250,44,44
Net income from continuing operations,-124,-93,184,859,124,124
Net income,-124,-93,184,859,124,124
Net income available to common shareholders,-124,-93,184,859,124,124
Earnings per share
Basic,-13.48,-10.16,20.10,93.58,13.50,13.50
Diluted,-13.48,-10.16,20.10,93.58,13.50,13.50
Weighted average shares outstanding
Basic,9,9,9,9,9,9
Diluted,9,9,9,9,9,9
EBITDA,18,132,333,1275,324,324
