﻿ABB INDIA LTD  (500002) Statement of  CASH FLOW
Fiscal year ends in December. INR in millions except per share data.,2017-12,2018-12,2019-12,2020-12,2021-12,TTM
Cash Flows From Operating Activities
Net income,6218,7942,4456,2894,7072,7072
Depreciation & amortization,1580,1458,1040,1204,1027,1027
Investments losses (gains),-234,-117,-82,-275,286,286
Change in working capital,2166,-1641,2846,-130,1015,1015
Inventory,-2133,-1978,-810,-535,-1822,-1822
Other working capital,4299,337,3656,406,2838,2838
Other non-cash items,-1732,-1388,-1592,-511,-2907,-2907
Net cash provided by operating activities,7998,6255,6669,3182,6492,6492
Cash Flows From Investing Activities
"Investments in property, plant, and equipment",-1858,-2437,-1374,-1214,-1723,-1723
"Property, plant, and equipment reductions",12,76,159,467,810,810
"Acquisitions, net",,339,,1056,,
Purchases of investments,-2544,,,,-19670,-19670
Sales/Maturities of investments,1,2827,1,,1,1
Other investing activities,1103,632,-2693,4115,503,503
Net cash used for investing activities,-3287,1437,-3907,4424,-20079,-20079
Cash Flows From Financing Activities
Debt repayment,-0,-6000,,,,
Dividend paid,-1020,-1124,-1226,-1017,-1060,-1060
Other financing activities,-689,-813,-241,-505,-209,-209
Net cash provided by (used for) financing activities,-1710,-7937,-1467,-1522,-1268,-1268
Effect of exchange rate changes,21,13,-2,6,-4,-4
Net change in cash,3023,-232,1293,6090,-14858,-14858
Cash at beginning of period,11869,14892,14724,15949,22040,22040
Cash at end of period,14892,14659,16017,22040,7181,7181
Free Cash Flow
Operating cash flow,7998,6255,6669,3182,6492,6492
Capital expenditure,-1858,-2437,-1374,-1214,-1723,-1723
Free cash flow,6140,3818,5295,1968,4770,4770
