﻿ATUL LTD  (500027) CashFlowFlag BALANCE SHEET
Fiscal year ends in March. INR in millions except per share data.,2018-03,2019-03,2020-03,2021-03,2022-03
Assets
Current assets
Cash
Cash and cash equivalents,427,376,262,469,577
Short-term investments,105,2236,6576,10388,5776
Total cash,531,2612,6838,10857,6353
Receivables,7234,6985,7197,7332,9890
Inventories,4226,5208,5165,6075,8840
Prepaid expenses,273,281,451,384,
Other current assets,1290,1537,1167,991,1806
Total current assets,13555,16623,20818,25640,26889
Non-current assets
"Property, plant and equipment"
"Gross property, plant and equipment",13643,15858,19177,21941,19964
Accumulated Depreciation,-2678,-3643,-4881,-5878,
"Net property, plant and equipment",10965,12214,14297,16063,19964
Goodwill,238,323,291,291,291
Intangible assets,0,196,157,128,82
Deferred income taxes,50,5,69,22,165
Other long-term assets,5328,6078,5867,7227,9672
Total non-current assets,16581,18817,20681,23732,30174
Total assets,30136,35440,41499,49372,57064
Liabilities and stockholders' equity
Liabilities
Current liabilities
Short-term debt,159,115,219,285,773
Accounts payable,4590,3796,4776,5631,6347
Taxes payable,81,7,7,66,117
Other current liabilities,857,1854,2315,2079,2748
Total current liabilities,5687,5772,7318,8061,9986
Non-current liabilities
Long-term debt,,431,866,982,610
Capital leases,,,67,63,58
Deferred taxes liabilities,1296,1395,1148,1351,1436
Deferred revenues,83,74,64,54,
Minority interest,200,238,264,306,309
Other long-term liabilities,431,472,230,290,375
Total non-current liabilities,2009,2610,2638,3046,2788
Total liabilities,7697,8383,9956,11107,12774
Stockholders' equity
Common stock,297,297,297,296,296
Additional paid-in capital,347,347,347,1,
Retained earnings,16635,20648,25766,32308,
Accumulated other comprehensive income,5161,5766,5140,5660,43994
Total stockholders' equity,22439,27057,31549,38265,44290
Total liabilities and stockholders' equity,30136,35440,41505,49372,57064
