﻿BEML LTD  (500048) CashFlowFlag INCOME STATEMENT
Fiscal year ends in March. INR in millions except per share data.,2017-03,2018-03,2019-03,2020-03,2021-03,TTM
Revenue,24750,32217,34580,30141,35427,43449
Cost of revenue,12070,17245,19682,15901,20382,26324
Gross profit,12680,14973,14899,14240,15046,17125
Operating expenses
"Sales, General and administrative",313,374,461,605,553,
Other operating expenses,11239,12618,12649,13257,13183,15230
Total operating expenses,11552,12992,13109,13863,13736,15230
Operating income,1128,1981,1789,377,1310,1895
Interest Expense,480,483,596,407,394,595
Other income (expense),335,143,111,224,-45,410
Income before taxes,983,1641,1304,194,871,1710
Provision for income taxes,135,344,673,-443,184,180
Net income from continuing operations,848,1297,632,637,687,1530
Other,-0,-0,0,2,2,2
Net income,848,1297,632,638,689,1532
Net income available to common shareholders,848,1297,632,638,689,1532
Earnings per share
Basic,20.36,31.14,15.17,15.33,16.55,36.79
Diluted,20.36,31.14,15.17,15.33,16.55,36.79
Weighted average shares outstanding
Basic,42,42,42,42,42,42
Diluted,42,42,42,42,42,42
EBITDA,2091,2778,2608,1325,1979,2996
