﻿HOUSING DEVELOPMENT FINANCE CORP LTD  (500010) Statement of  CASH FLOW
Fiscal year ends in March. INR in millions except per share data.,2018-03,2019-03,2020-03,2021-03,2022-03,TTM
Cash Flows From Operating Activities
Net income,202562,220990,261932,242373,282518,282518
Depreciation & amortization,1492,1752,2561,3554,4189,4189
Investments losses (gains),-61610,-16864,-9743,-27822,-16356,-16356
Stock based compensation,,2460,160,3553,4548,4548
Change in working capital,20410,-85416,-9141,-20,16749,16749
Other working capital,20410,-85416,-9141,-20,16749,16749
Other non-cash items,-491488,-565936,-514619,-494402,-731927,-731927
Net cash provided by operating activities,-328634,-443014,-268850,-272764,-440279,-440279
Cash Flows From Investing Activities
"Investments in property, plant, and equipment",-2228,-2118,-3561,-1587,-21338,-21338
"Property, plant, and equipment reductions",203,316,38,58,38,38
"Acquisitions, net",,-86910,566,,2104,2104
Purchases of investments,,-15546,-93471,-67707,-164942,-164942
Other investing activities,-235043,1102,-2308,-348,-14733,-14733
Net cash used for investing activities,-237068,-103156,-98736,-69583,-198871,-198871
Cash Flows From Financing Activities
Debt issued,1854153,2235012,1479563,1065556,1421841,1421841
Debt repayment,-1442461,-1731044,-1101396,-1026252,-924336,-924336
Common stock issued,144199,66223,15901,122232,43495,43495
Common stock repurchased,,-414,-2,,,
Dividend paid,-29566,-34073,-30235,-36427,-41533,-41533
Other financing activities,13955,14153,23908,191541,135946,135946
Net cash provided by (used for) financing activities,540279,549856,387738,316650,635414,635414
Net change in cash,-25423,3686,20152,-25698,-3736,-3736
Cash at beginning of period,53578,28147,31833,51985,26287,26287
Cash at end of period,28155,31833,51985,26287,22551,22551
Free Cash Flow
Operating cash flow,-328634,-443014,-268850,-272764,-440279,-440279
Capital expenditure,-2228,-2118,-3561,-1587,-21338,-21338
Free cash flow,-330862,-445132,-272412,-274351,-461617,-461617
