﻿BIHAR SPONGE IRON LTD  (500058) CashFlowFlag BALANCE SHEET
Fiscal year ends in March. INR in millions except per share data.,2017-03,2018-03,2019-03,2020-03,2021-03
Assets
Current assets
Cash
Cash and cash equivalents,8,4,6,1,5
Total cash,8,4,6,1,5
Receivables,,,5,6,24
Inventories,65,58,46,37,30
Prepaid expenses,,6,8,10,10
Other current assets,20,22,20,17,30
Total current assets,93,90,84,71,98
Non-current assets
"Property, plant and equipment"
"Gross property, plant and equipment",3175,3172,3169,3168,3165
Accumulated Depreciation,-2582,-2622,-2662,-2693,-2720
"Net property, plant and equipment",593,550,507,474,445
Intangible assets,5,5,,,0
Other long-term assets,39,38,37,37,102
Total non-current assets,637,593,544,511,548
Total assets,730,683,628,581,646
Liabilities and stockholders' equity
Liabilities
Current liabilities
Short-term debt,691,325,325,325,325
Accounts payable,168,148,93,79,141
Other current liabilities,74,422,421,415,372
Total current liabilities,933,895,839,819,838
Non-current liabilities
Long-term debt,616,617,620,607,554
Pensions and other benefits,,26,28,23,22
Other long-term liabilities,46,12,8,8,68
Total non-current liabilities,662,654,656,638,645
Total liabilities,1595,1549,1496,1457,1482
Stockholders' equity
Common stock,903,903,903,903,903
Additional paid-in capital,,236,236,236,236
Retained earnings,-2417,-2418,-2419,-2427,-2388
Accumulated other comprehensive income,649,413,413,413,413
Total stockholders' equity,-865,-866,-867,-876,-836
Total liabilities and stockholders' equity,730,683,628,581,646
