﻿BHARAT ELECTRONICS LTD  (500049) CashFlowFlag BALANCE SHEET
Fiscal year ends in March. INR in millions except per share data.,2017-03,2018-03,2019-03,2020-03,2021-03
Assets
Current assets
Cash
Cash and cash equivalents,26998,8044,7597,16206,30429
Short-term investments,10679,491,1652,556,20442
Total cash,37677,8536,9249,16762,50871
Receivables,43683,56931,53737,67240,65620
Inventories,48817,46158,44434,39583,49680
Prepaid expenses,6158,16953,20975,20590,20940
Other current assets,4356,14751,30350,43206,50044
Total current assets,140691,143328,158744,187381,237156
Non-current assets
"Property, plant and equipment"
"Gross property, plant and equipment",21310,27680,34192,41257,45577
Accumulated Depreciation,-3755,-6344,-9576,-13112,-16747
"Net property, plant and equipment",17555,21336,24616,28145,28830
Intangible assets,4883,6454,6849,7260,6518
Deferred income taxes,5289,4301,4720,4987,4635
Other long-term assets,7545,14096,13276,15710,17782
Total non-current assets,35272,46187,49461,56102,57764
Total assets,175963,189515,208206,243483,294919
Liabilities and stockholders' equity
Liabilities
Current liabilities
Short-term debt,469,470,336,83,
Capital leases,,,,11,14
Accounts payable,14163,15332,15872,25907,35077
Other current liabilities,72854,82877,88279,102655,133228
Total current liabilities,87486,98679,104488,128657,168318
Non-current liabilities
Long-term debt,167,333,,,
Capital leases,,,,18,12
Deferred taxes liabilities,,,,,4
Deferred revenues,147,104,1928,1831,1650
Minority interest,137,130,133,142,150
Other long-term liabilities,10668,10112,9542,12120,14190
Total non-current liabilities,11119,10679,11603,14111,16005
Total liabilities,98605,109358,116091,142768,184324
Stockholders' equity
Common stock,2234,2437,2437,2437,2437
Additional paid-in capital,166,187,187,187,
Retained earnings,46554,50208,58579,63590,
Accumulated other comprehensive income,28404,27325,30912,34502,108159
Total stockholders' equity,77358,80157,92115,100715,110596
Total liabilities and stockholders' equity,175963,189515,208206,243483,294919
