﻿DISA INDIA LTD  (500068) Statement of  CASH FLOW
Fiscal year ends in March. INR in millions except per share data.,2017-03,2018-03,2019-03,2020-03,2021-03,TTM
Cash Flows From Operating Activities
Net income,185,259,406,399,324,451
Depreciation & amortization,22,22,24,38,40,40
Change in working capital,41,92,-88,-156,468,241
Inventory,27,-106,-178,88,271,-158
Other working capital,14,198,90,-245,196,399
Other non-cash items,-123,-129,-178,-190,-150,-175
Net cash provided by operating activities,126,243,163,91,681,557
Cash Flows From Investing Activities
"Investments in property, plant, and equipment",-15,,-40,-51,-64,-104
"Property, plant, and equipment reductions",4,2,1,1,2,3
"Acquisitions, net",-17,,,,,
Purchases of investments,-360,-615,-756,-803,-1620,-1707
Sales/Maturities of investments,478,374,622,738,839,1138
Other investing activities,54,42,54,71,67,77
Net cash used for investing activities,144,-197,-120,-45,-775,-593
Cash Flows From Financing Activities
Common stock repurchased,-269,,,,,
Dividend paid,-4,-4,-4,-4,-4,-14
Other financing activities,-2,-2,-3,15,34,21
Net cash provided by (used for) financing activities,-275,-6,-7,11,30,7
Net change in cash,-5,40,36,57,-65,-28
Cash at beginning of period,26,21,61,97,154,57
Cash at end of period,21,61,97,154,89,28
Free Cash Flow
Operating cash flow,126,243,163,91,681,557
Capital expenditure,-15,,-40,-51,-64,-104
Free cash flow,110,243,123,39,617,453
