﻿EXIDE INDUSTRIES LTD  (500086) Statement of  CASH FLOW
Fiscal year ends in March. INR in millions except per share data.,2018-03,2019-03,2020-03,2021-03,2022-03,TTM
Cash Flows From Operating Activities
Net income,10479,12490,9719,10744,9606,9606
Depreciation & amortization,2672,3435,4176,4336,4395,4395
Investments losses (gains),-9500,-10469,-9388,-17970,-396,-396
Change in working capital,-4477,-1097,-2475,4380,-3989,-3989
Inventory,-3028,-605,-3492,-2223,-2184,-2184
Other working capital,-1449,-493,1017,6603,-1804,-1804
Other non-cash items,9970,12508,14161,21141,-9004,-9004
Net cash provided by operating activities,9144,16868,16192,22631,612,612
Cash Flows From Investing Activities
"Investments in property, plant, and equipment",-8077,-8112,-6081,-5016,-6659,-6659
"Property, plant, and equipment reductions",12,1254,130,21,16,16
"Acquisitions, net",,,-234,,-21,-21
Purchases of investments,,,,-76498,-20384,-20384
Sales/Maturities of investments,,,,60691,22687,22687
Other investing activities,2699,-7516,-4784,,5024,5024
Net cash used for investing activities,-5366,-14374,-10969,-20803,663,663
Cash Flows From Financing Activities
Debt issued,,1276,1107,2052,1341,1341
Debt repayment,,-993,-1284,-1342,-447,-447
Dividend paid,-2494,-2459,-5021,-1700,-1700,-1700
Other financing activities,-1368,9,-120,-710,-917,-917
Net cash provided by (used for) financing activities,-3861,-2167,-5318,-1700,-1723,-1723
Effect of exchange rate changes,19,-4,1,-19,,
Net change in cash,-64,323,-95,110,-447,-447
Cash at beginning of period,3150,3086,3409,3315,3424,3424
Cash at end of period,3086,3409,3315,3424,2977,2977
Free Cash Flow
Operating cash flow,9144,16868,16192,22631,612,612
Capital expenditure,-8077,-8112,-6081,-5016,-6659,-6659
Free cash flow,1067,8756,10111,17615,-6046,-6046
