﻿BLUE STAR LTD  (500067) CashFlowFlag INCOME STATEMENT
Fiscal year ends in March. INR in millions except per share data.,2018-03,2019-03,2020-03,2021-03,2022-03,TTM
Revenue,46974,52163,53485,42441,60456,60456
Cost of revenue,35257,39453,40319,32820,47147,47147
Gross profit,11716,12710,13167,9622,13309,13309
Operating expenses
"Sales, General and administrative",2771,1771,2162,1309,,
Other operating expenses,6316,8137,8958,6796,10704,10704
Total operating expenses,9087,9908,11120,8104,10704,10704
Operating income,2629,2802,2047,1517,2605,2605
Interest Expense,221,396,238,601,464,464
Other income (expense),-348,106,251,536,368,368
Income before taxes,2060,2511,2060,1452,2509,2509
Provision for income taxes,546,420,653,471,829,829
Other income,-19,-188,30,26,,
Net income from continuing operations,1495,1904,1437,1007,1680,1680
Other,-3,-3,-4,-3,-3,-3
Net income,1492,1901,1432,1004,1677,1677
Net income available to common shareholders,1492,1901,1432,1004,1677,1677
Earnings per share
Basic,15.58,19.75,14.87,10.42,17.44,17.44
Diluted,15.53,19.74,14.87,10.42,17.44,17.44
Weighted average shares outstanding
Basic,96,96,96,96,96,96
Diluted,96,96,96,96,96,96
EBITDA,2919,3656,3178,2976,3833,3833
