﻿CESC LTD  (500084) CashFlowFlag INCOME STATEMENT
Fiscal year ends in March. INR in millions except per share data.,2017-03,2018-03,2019-03,2020-03,2021-03,TTM
Revenue,139035,102749,106641,110146,116386,124226
Cost of revenue,57795,55206,60038,62093,64437,70917
Gross profit,81240,47543,46603,48053,51949,53309
Operating expenses
"Sales, General and administrative",437,312,272,360,407,
Other operating expenses,55772,23502,24774,25736,26687,29744
Total operating expenses,56210,23815,25045,26096,27094,29744
Operating income,25030,23728,21558,21958,24856,23566
Interest Expense,15616,13879,13986,14193,12811,11851
Other income (expense),2491,2616,8146,8922,5470,7050
Income before taxes,11905,12464,15718,16686,17515,18765
Provision for income taxes,3803,3562,3737,3627,3887,4877
Net income from continuing operations,8102,8902,11981,13058,13628,13888
Net income from discontinuing ops,,850,,,,
Other,-1194,-626,-141,-38,-319,-309
Net income,6908,9126,11840,13020,13309,13579
Net income available to common shareholders,6908,9126,11840,13020,13309,13579
Earnings per share
Basic,5.21,6.88,8.93,9.82,10.04,10.25
Diluted,5.21,6.88,8.93,9.82,10.04,10.25
Weighted average shares outstanding
Basic,1326,1326,1326,1326,1326,1325
Diluted,1326,1326,1326,1326,1326,1325
EBITDA,35685,34454,37342,38693,38993,39413
