﻿BASF INDIA LTD  (500042) Statement of  CASH FLOW
Fiscal year ends in March. INR in millions except per share data.,2018-03,2019-03,2020-03,2021-03,2022-03,TTM
Cash Flows From Operating Activities
Net income,2610,719,46,8400,7599,7599
Depreciation & amortization,1534,1471,1801,1739,1706,1706
Investments losses (gains),-7,-608,-1213,700,32,32
Stock based compensation,,,,,2,2
Change in working capital,95,-1688,2242,-1131,-3385,-3385
Inventory,-1157,-2378,-3017,-379,-4062,-4062
Other working capital,1252,690,5258,-752,677,677
Other non-cash items,-1332,-666,2663,-4877,-2654,-2654
Net cash provided by operating activities,2900,-772,5538,4831,3299,3299
Cash Flows From Investing Activities
"Investments in property, plant, and equipment",-671,-841,-621,-678,-1302,-1302
"Property, plant, and equipment reductions",280,137,60,13,65,65
"Acquisitions, net",1936,2710,335,1874,,
Other investing activities,37,-238,2,610,38,38
Net cash used for investing activities,1582,1768,-223,1819,-1199,-1199
Cash Flows From Financing Activities
Debt issued,,4250,1445,300,,
Debt repayment,,-3361,-4241,-1982,-1495,-1495
Dividend paid,-53,-158,-261,-129,-432,-432
Other financing activities,-4594,-1681,-1581,-4107,-643,-643
Net cash provided by (used for) financing activities,-4646,-950,-4638,-5918,-2570,-2570
Net change in cash,-164,47,677,732,-470,-470
Cash at beginning of period,245,81,128,994,1726,1726
Cash at end of period,81,128,805,1726,1256,1256
Free Cash Flow
Operating cash flow,2900,-772,5538,4831,3299,3299
Capital expenditure,-671,-841,-621,-678,-1302,-1302
Free cash flow,2229,-1612,4917,4153,1997,1997
