﻿CENTURY EXTRUSIONS LTD  (500083) Statement of  CASH FLOW
Fiscal year ends in March. INR in millions except per share data.,2017-03,2018-03,2019-03,2020-03,2021-03,TTM
Cash Flows From Operating Activities
Net income,13,44,56,54,31,88
Depreciation & amortization,34,36,43,51,51,46
Change in working capital,-57,-64,-166,54,76,-170
Inventory,-97,38,-126,40,0,-106
Other working capital,40,-102,-40,14,76,-63
Other non-cash items,39,33,41,52,59,53
Net cash provided by operating activities,30,48,-26,211,217,18
Cash Flows From Investing Activities
"Investments in property, plant, and equipment",-2,-12,-74,-43,-15,-1
"Property, plant, and equipment reductions",0,0,0,,,
Other investing activities,2,2,4,0,2,0
Net cash used for investing activities,0,-10,-70,-43,-13,-0
Cash Flows From Financing Activities
Debt issued,20,36,159,,,
Debt repayment,,,,-116,-33,
Other financing activities,-52,-60,-56,-72,-79,-3
Net cash provided by (used for) financing activities,-32,-23,103,-188,-112,-3
Net change in cash,-2,15,8,-20,93,15
Cash at beginning of period,9,17,32,40,20,14
Cash at end of period,7,32,40,20,113,29
Free Cash Flow
Operating cash flow,30,48,-26,211,217,18
Capital expenditure,-2,-12,-74,-43,-15,-1
Free cash flow,28,36,-99,168,202,17
