﻿CHAMBAL FERTILISERS & CHEMICALS LTD  (500085) Statement of  CASH FLOW
Fiscal year ends in March. INR in millions except per share data.,2017-03,2018-03,2019-03,2020-03,2021-03,TTM
Cash Flows From Operating Activities
Net income,4696,7455,8334,13293,23595,25237
Depreciation & amortization,1358,859,1441,3022,2892,2951
Investments losses (gains),-534,-821,92,81,982,297
Stock based compensation,-79,0,0,0,,
Change in working capital,6091,5027,-19916,-10507,47685,32639
Inventory,-47,572,-5305,1730,3454,7387
Other working capital,6139,4455,-14611,-12237,44231,25252
Other non-cash items,1263,-804,-1250,2381,-5720,-7692
Net cash provided by operating activities,12795,11715,-11299,8271,69436,53432
Cash Flows From Investing Activities
"Investments in property, plant, and equipment",-10324,-24707,-12053,-6582,-2357,-1743
"Property, plant, and equipment reductions",1532,66,14,76,5,12
"Acquisitions, net",,,,857,,
Purchases of investments,,,-350,,,
Sales/Maturities of investments,642,265,244,181,11,40
Other investing activities,1244,6171,893,915,379,-6140
Net cash used for investing activities,-6906,-18205,-11252,-4552,-1963,-7831
Cash Flows From Financing Activities
Debt issued,39337,42939,53399,42363,34079,
Debt repayment,-40514,-33496,-25410,-37280,-90265,-51342
Common stock issued,,21,33,31,25,
Dividend paid,-787,-787,-788,-2491,-1247,
Other financing activities,-3035,-2615,-4604,-5455,-2661,6774
Net cash provided by (used for) financing activities,-4999,6063,22630,-2832,-60068,-44567
Effect of exchange rate changes,-127,-64,-63,-71,13,0
Net change in cash,763,-490,16,816,7418,1034
Cash at beginning of period,357,1120,629,645,1461,593
Cash at end of period,1120,629,645,1461,8879,1627
Free Cash Flow
Operating cash flow,12795,11715,-11299,8271,69436,53432
Capital expenditure,-10324,-24707,-12053,-6582,-2357,-1743
Free cash flow,2471,-12992,-23352,1689,67078,51690
