﻿CENTURY EXTRUSIONS LTD  (500083) CashFlowFlag BALANCE SHEET
Fiscal year ends in March. INR in millions except per share data.,2017-03,2018-03,2019-03,2020-03,2021-03
Assets
Current assets
Cash
Cash and cash equivalents,28,32,29,6,86
Short-term investments,,,,14,27
Total cash,28,32,29,20,113
Receivables,222,294,281,256,244
Inventories,289,249,376,335,335
Prepaid expenses,,42,72,30,43
Other current assets,103,56,75,62,62
Total current assets,642,673,832,703,796
Non-current assets
"Property, plant and equipment"
"Gross property, plant and equipment",713,727,800,864,880
Accumulated Depreciation,-414,-448,-491,-542,-593
"Net property, plant and equipment",299,279,309,322,287
Intangible assets,1,0,0,0,0
Deferred income taxes,2,12,7,1,2
Other long-term assets,65,78,97,93,80
Total non-current assets,367,370,414,417,369
Total assets,1009,1043,1245,1119,1165
Liabilities and stockholders' equity
Liabilities
Current liabilities
Short-term debt,320,359,482,374,338
Capital leases,,,,4,5
Accounts payable,164,110,160,78,145
Taxes payable,,2,2,4,9
Other current liabilities,81,98,53,63,53
Total current liabilities,565,568,696,524,550
Non-current liabilities
Long-term debt,38,30,66,57,61
Capital leases,,3,3,21,16
Pensions and other benefits,12,14,11,13,10
Other long-term liabilities,,,,0,-0
Total non-current liabilities,50,46,80,91,87
Total liabilities,614,615,777,615,636
Stockholders' equity
Common stock,80,80,80,80,80
Additional paid-in capital,99,99,99,99,99
Retained earnings,192,249,288,325,347
Accumulated other comprehensive income,24,1,1,0,3
Total stockholders' equity,395,428,469,504,529
Total liabilities and stockholders' equity,1009,1043,1245,1119,1165
