﻿DALMIA BHARAT SUGAR AND INDUSTRIES LTD  (500097) Statement of  CASH FLOW
Fiscal year ends in March. INR in millions except per share data.,2017-03,2018-03,2019-03,2020-03,2021-03,TTM
Cash Flows From Operating Activities
Net income,2369,1362,1916,2475,3679,3134
Depreciation & amortization,556,537,802,572,956,1079
Investments losses (gains),-25,-82,-125,-69,-172,-137
Change in working capital,-1913,5081,-4847,-2256,-1313,49
Inventory,-1052,2709,-3453,-2341,-482,182
Other working capital,-861,2372,-1394,85,-831,-133
Other non-cash items,614,164,50,2,306,270
Net cash provided by operating activities,1600,7062,-2204,724,3455,4394
Cash Flows From Investing Activities
"Investments in property, plant, and equipment",-837,-715,-1070,-904,-719,-2578
Purchases of investments,-745,,,,,
Other investing activities,8,-1065,778,-889,1090,-94
Net cash used for investing activities,-1573,-1780,-292,-1792,371,-2672
Cash Flows From Financing Activities
Debt issued,3431,,,,,
Debt repayment,-2416,,,,,
Dividend paid,,-162,,-291,,
Other financing activities,-917,-5114,2186,1744,-3644,-1508
Net cash provided by (used for) financing activities,98,-5275,2186,1452,-3644,-1508
Net change in cash,125,6,-310,384,183,214
Cash at beginning of period,464,583,590,280,530,271
Cash at end of period,589,590,280,665,713,485
Free Cash Flow
Operating cash flow,1600,7062,-2204,724,3455,4394
Capital expenditure,-837,-715,-1070,-904,-719,-2578
Free cash flow,764,6347,-3274,-179,2737,1816
