﻿ABB INDIA LTD  (500002) CashFlowFlag BALANCE SHEET
Fiscal year ends in December. INR in millions except per share data.,2017-12,2018-12,2019-12,2020-12,2021-12
Assets
Current assets
Cash
Cash and cash equivalents,14892,14724,15949,22040,7181
Short-term investments,2704,1,1,1,19670
Total cash,17596,14725,15950,22040,26851
Receivables,27878,16869,19475,16950,18838
Inventories,11536,9278,8617,8408,10091
Prepaid expenses,3640,2742,3190,2690,1809
Other current assets,8914,31637,16749,10749,8764
Total current assets,69564,75251,63982,60836,66353
Non-current assets
"Property, plant and equipment"
"Gross property, plant and equipment",15389,11889,10439,11699,12493
Accumulated Depreciation,-2798,-2345,-2646,-3320,-3740
"Net property, plant and equipment",12591,9544,7793,8378,8752
Goodwill,464,146,146,146,146
Intangible assets,296,72,73,51,40
Deferred income taxes,1173,1150,1103,1172,939
Other long-term assets,4792,4606,3911,5321,4496
Total non-current assets,19316,15518,13026,15069,14374
Total assets,88880,90769,77008,75905,80727
Liabilities and stockholders' equity
Liabilities
Current liabilities
Short-term debt,6000,,,,
Capital leases,42,49,65,133,181
Accounts payable,27131,18745,19016,17207,19613
Deferred income taxes,,,,497,1774
Other current liabilities,19132,31524,22170,21502,18469
Total current liabilities,52305,50318,41251,39339,40038
Non-current liabilities
Capital leases,41,20,71,449,185
Other long-term liabilities,465,358,485,53,52
Total non-current liabilities,507,378,556,502,238
Total liabilities,52812,50696,41807,39841,40276
Stockholders' equity
Common stock,424,424,424,424,424
Additional paid-in capital,675,675,508,508,508
Retained earnings,4069,7981,8349,9212,13600
Accumulated other comprehensive income,30901,30993,25920,25920,25920
Total stockholders' equity,36069,40073,35201,36064,40452
Total liabilities and stockholders' equity,88880,90769,77008,75905,80727
