﻿DABUR INDIA LTD  (500096) Statement of  CASH FLOW
Fiscal year ends in March. INR in millions except per share data.,2018-03,2019-03,2020-03,2021-03,2022-03,TTM
Cash Flows From Operating Activities
Net income,16931,17249,17276,20560,22687,22687
Depreciation & amortization,1622,1769,2204,2401,2529,2529
Investments losses (gains),-353,-84,-268,-277,-175,-175
Stock based compensation,35,773,453,433,400,400
Change in working capital,-2575,-181,-580,3884,-968,-968
Inventory,-1495,-444,-790,-3547,-1771,-1771
Other working capital,-1080,263,210,7431,803,803
Other non-cash items,-4770,-4535,-2949,-5854,-6450,-6450
Net cash provided by operating activities,10890,14991,16136,21147,18023,18023
Cash Flows From Investing Activities
"Investments in property, plant, and equipment",-2070,-2344,-4175,-3112,-3741,-3741
"Property, plant, and equipment reductions",67,93,170,49,49,49
Purchases of investments,-90013,-53928,-84788,-76348,-75067,-75067
Sales/Maturities of investments,84176,57102,81142,62737,62336,62336
Other investing activities,2437,2444,2482,2616,3668,3668
Net cash used for investing activities,-5402,3369,-5168,-14058,-12754,-12754
Cash Flows From Financing Activities
Debt issued,,318,,,2490,2490
Debt repayment,,-2720,-1751,-278,,
Common stock issued,,5,1,0,0,0
Dividend paid,-3963,-13247,-5124,-5921,-9723,-9723
Other financing activities,-1780,-3238,-3555,64,2328,2328
Net cash provided by (used for) financing activities,-5744,-18882,-10430,-6134,-4905,-4905
Effect of exchange rate changes,-9,7,2,16,20,20
Net change in cash,-265,-515,540,970,384,384
Cash at beginning of period,1158,892,377,917,1888,1888
Cash at end of period,892,377,917,1888,2272,2272
Free Cash Flow
Operating cash flow,10890,14991,16136,21147,18023,18023
Capital expenditure,-2070,-2344,-4175,-3112,-3741,-3741
Free cash flow,8820,12648,11962,18035,14282,14282
