﻿QUEST CAPITAL MARKETS LTD  (500069) Statement of  CASH FLOW
Fiscal year ends in March. INR in millions except per share data.,2017-03,2018-03,2019-03,2020-03,2021-03,TTM
Cash Flows From Operating Activities
Net income,107,35,144,93,205,205
Depreciation & amortization,2,1,1,3,3,3
Investments losses (gains),-109,-19,-124,-88,-161,-161
Deferred income taxes,-0,,-0,,,
Change in working capital,-2,15,-20,-34,-32,-32
Inventory,,,,,-49,-49
Other working capital,-2,15,-20,-34,17,17
Other non-cash items,-24,-18,-36,-8,-52,-52
Net cash provided by operating activities,-27,14,-35,-33,-38,-38
Cash Flows From Investing Activities
"Investments in property, plant, and equipment",-0,-0,-0,-9,-2,-2
"Property, plant, and equipment reductions",,0,,1,,
Purchases of investments,-54,-21,-148,,-2,-2
Sales/Maturities of investments,108,53,174,,103,103
Other investing activities,38,7,106,6,162,162
Net cash used for investing activities,92,39,131,-2,262,262
Cash Flows From Financing Activities
Debt issued,31,,0,,,
Debt repayment,-96,,,,,
Dividend paid,,-18,-18,,,
Other financing activities,21,-13,-10,-11,-4,-4
Net cash provided by (used for) financing activities,-44,-31,-28,-11,-4,-4
Net change in cash,21,22,68,-46,221,221
Cash at beginning of period,20,41,63,132,64,64
Cash at end of period,41,63,131,87,285,285
Free Cash Flow
Operating cash flow,-27,14,-35,-33,-38,-38
Capital expenditure,-0,-0,-0,-9,-2,-2
Free cash flow,-27,14,-36,-42,-39,-39
