﻿BALRAMPUR CHINI MILLS LTD  (500038) CashFlowFlag BALANCE SHEET
Fiscal year ends in March. INR in millions except per share data.,2017-03,2018-03,2019-03,2020-03,2021-03
Assets
Current assets
Cash
Cash and cash equivalents,20,25,21,15,4
Short-term investments,4,1,,56,0
Total cash,24,25,21,71,5
Receivables,1627,1821,4498,2393,2455
Inventories,23138,18023,23161,22951,23785
Prepaid expenses,99,178,179,179,267
Other current assets,347,608,1971,3570,1032
Total current assets,25235,20655,29830,29164,27544
Non-current assets
"Property, plant and equipment"
"Gross property, plant and equipment",16228,17559,18568,21233,22083
Accumulated Depreciation,-2072,-2996,-3909,-4877,-5961
"Net property, plant and equipment",14156,14563,14658,16356,16122
Intangible assets,28,20,15,9,8
Other long-term assets,856,1772,2517,2540,2665
Total non-current assets,15040,16355,17191,18905,18796
Total assets,40275,37010,47022,48068,46339
Liabilities and stockholders' equity
Liabilities
Current liabilities
Short-term debt,16580,9792,14548,11421,9969
Capital leases,,,,2,2
Accounts payable,3067,7980,6274,6861,6044
Other current liabilities,2186,945,1024,1633,906
Total current liabilities,21833,18717,21845,19917,16921
Non-current liabilities
Long-term debt,1243,107,2792,3380,2423
Capital leases,,,,22,10
Deferred taxes liabilities,1500,1925,889,378,640
Accrued liabilities,46,31,15,,
Deferred revenues,,15,245,147,72
Pensions and other benefits,,,,67,82
Minority interest,-3,,,,
Other long-term liabilities,50,46,56,,
Total non-current liabilities,2836,2123,3999,3995,3227
Total liabilities,24669,20840,25844,23911,20148
Stockholders' equity
Common stock,235,228,228,220,210
Additional paid-in capital,3722,2740,2741,1272,300
Retained earnings,4820,6370,8886,11337,10359
Accumulated other comprehensive income,6829,6832,9322,11327,15322
Total stockholders' equity,15606,16170,21178,24157,26191
Total liabilities and stockholders' equity,40275,37010,47022,48068,46339
