﻿DALMIA BHARAT SUGAR AND INDUSTRIES LTD  (500097) CashFlowFlag INCOME STATEMENT
Fiscal year ends in March. INR in millions except per share data.,2017-03,2018-03,2019-03,2020-03,2021-03,TTM
Revenue,16860,22403,20185,20347,24961,24516
Cost of revenue,10108,17065,14082,14070,18287,17646
Gross profit,6752,5338,6103,6277,6674,6870
Operating expenses
Research and development,42,,,,,
"Sales, General and administrative",44,252,253,195,310,
Other operating expenses,3240,3216,3284,2896,2332,3340
Total operating expenses,3326,3468,3536,3091,2642,3340
Operating income,3426,1870,2566,3186,4032,3529
Interest Expense,938,659,668,839,590,335
Other income (expense),-119,150,17,128,237,295
Income before taxes,2369,1362,1916,2475,3679,3490
Provision for income taxes,547,139,164,543,976,570
Net income from continuing operations,1822,1223,1752,1932,2703,2919
Net income,1822,1223,1752,1932,2703,2919
Net income available to common shareholders,1822,1223,1752,1932,2703,2919
Earnings per share
Basic,22.51,15.11,21.64,23.87,33.40,36.07
Diluted,22.51,15.11,21.64,23.87,33.40,36.07
Weighted average shares outstanding
Basic,81,81,81,81,81,81
Diluted,81,81,81,81,81,81
EBITDA,3863,2558,3386,3886,5225,5001
