﻿ORIENTAL AROMATICS LTD  (500078) CashFlowFlag INCOME STATEMENT
Fiscal year ends in March. INR in millions except per share data.,2017-03,2018-03,2019-03,2020-03,2021-03,TTM
Revenue,3513,5041,7532,7599,7088,8870
Cost of revenue,2607,3824,5623,5484,4731,6844
Gross profit,906,1218,1909,2115,2358,2025
Operating expenses
"Sales, General and administrative",28,199,282,323,250,
"Restructuring, merger and acquisition",,1,,,,
Other operating expenses,458,519,634,702,724,1139
Total operating expenses,486,719,916,1025,974,1139
Operating income,420,499,994,1090,1384,887
Interest Expense,,71,127,68,13,24
Other income (expense),-42,2,-35,7,-1,18
Income before taxes,377,430,832,1029,1370,881
Provision for income taxes,136,180,260,167,350,229
Net income from continuing operations,242,250,571,862,1019,652
Other,,,,,,-0
Net income,242,250,571,862,1019,652
Net income available to common shareholders,242,250,571,862,1019,652
Earnings per share
Basic,11.76,7.42,16.98,25.61,30.29,19.38
Diluted,11.76,7.42,16.98,25.61,30.29,19.38
Weighted average shares outstanding
Basic,21,34,34,34,34,34
Diluted,21,34,34,34,34,34
EBITDA,536,649,1136,1287,1557,1068
