﻿BATA INDIA LTD  (500043) Statement of  CASH FLOW
Fiscal year ends in March. INR in millions except per share data.,2017-03,2018-03,2019-03,2020-03,2021-03,TTM
Cash Flows From Operating Activities
Net income,2339,3370,4777,4872,-1166,344
Depreciation & amortization,650,605,640,2958,2648,2359
Change in working capital,528,-844,52,-686,2202,749
Inventory,-284,-514,-742,-343,2654,467
Other working capital,812,-331,794,-343,-452,282
Other non-cash items,-952,-1528,-2019,-1327,927,1310
Net cash provided by operating activities,2565,1603,3451,5817,4611,4761
Cash Flows From Investing Activities
"Investments in property, plant, and equipment",-513,-779,-822,-857,-368,-336
"Property, plant, and equipment reductions",36,25,,,11,11
Purchases of investments,-2076,-763,,,,
Other investing activities,265,398,-1955,-1033,-170,-605
Net cash used for investing activities,-2288,-1119,-2776,-1890,-527,-930
Cash Flows From Financing Activities
Dividend paid,-449,-449,-512,-804,-515,-513
Other financing activities,-108,-107,-119,-3557,-3176,-3745
Net cash provided by (used for) financing activities,-557,-556,-631,-4361,-3691,-4258
Net change in cash,-280,-72,43,-434,393,-426
Cash at beginning of period,911,631,559,586,152,613
Cash at end of period,631,559,602,152,545,186
Free Cash Flow
Operating cash flow,2565,1603,3451,5817,4611,4761
Capital expenditure,-513,-779,-822,-857,-368,-336
Free cash flow,2052,824,2629,4960,4243,4425
