﻿DISA INDIA LTD  (500068) CashFlowFlag INCOME STATEMENT
Fiscal year ends in March. INR in millions except per share data.,2017-03,2018-03,2019-03,2020-03,2021-03,TTM
Revenue,1645,2019,2502,2317,1834,2138
Cost of revenue,969,1228,1487,1282,1061,1212
Gross profit,676,790,1014,1035,774,927
Operating expenses
"Sales, General and administrative",73,82,77,100,66,
Other operating expenses,469,490,594,606,471,673
Total operating expenses,541,573,671,706,536,673
Operating income,134,218,343,328,237,254
Interest Expense,1,1,4,4,4,6
Other income (expense),52,43,67,75,90,102
Income before taxes,185,259,406,399,324,350
Provision for income taxes,70,93,120,103,82,90
Net income from continuing operations,115,166,286,296,242,260
Net income,115,166,286,296,242,260
Net income available to common shareholders,115,166,286,296,242,260
Earnings per share
Basic,77.27,114.50,196.74,203.41,166.07,178.73
Diluted,77.27,114.50,196.74,203.41,166.07,178.73
Weighted average shares outstanding
Basic,1,1,1,1,1,1
Diluted,1,1,1,1,1,1
EBITDA,208,282,433,441,368,394
