﻿ASIAN HOTELS (NORTH) LTD  (500023) CashFlowFlag INCOME STATEMENT
Fiscal year ends in March. INR in millions except per share data.,2017-03,2018-03,2019-03,2020-03,2021-03,TTM
Revenue,2509,2744,2735,2524,726,1267
Cost of revenue,315,364,387,1059,475,618
Gross profit,2194,2380,2349,1465,251,649
Operating expenses
"Sales, General and administrative",246,269,238,238,117,
Other operating expenses,1263,1446,1454,791,458,753
Total operating expenses,1509,1715,1692,1030,575,753
Operating income,685,665,657,435,-323,-104
Interest Expense,923,881,931,1015,956,1009
Other income (expense),-42,172,-210,-176,-5671,-9050
Income before taxes,-280,-44,-484,-756,-6950,-10163
Provision for income taxes,-118,-3,-93,-108,0,102
Net income from continuing operations,-162,-41,-391,-647,-6950,-10265
Other,3,4,34,57,7,232
Net income,-158,-37,-357,-591,-6943,-10034
Net income available to common shareholders,-158,-37,-357,-591,-6943,-10034
Earnings per share
Basic,-8.32,-1.91,-18.33,-30.37,-356.88,-515.78
Diluted,-8.32,-1.91,-18.33,-30.37,-356.88,-515.78
Weighted average shares outstanding
Basic,19,19,19,19,19,19
Diluted,19,19,19,19,19,19
EBITDA,860,1036,644,442,-5825,-8952
