﻿ASIAN HOTELS (NORTH) LTD  (500023) Statement of  CASH FLOW
Fiscal year ends in March. INR in millions except per share data.,2017-03,2018-03,2019-03,2020-03,2021-03,TTM
Cash Flows From Operating Activities
Net income,-280,-44,-484,-756,-6950,-10038
Depreciation & amortization,217,200,197,183,169,164
Change in working capital,9,261,142,275,463,186
Inventory,-15,-21,3,9,45,
Other working capital,24,282,139,266,418,186
Other non-cash items,909,672,1194,1394,6726,9832
Net cash provided by operating activities,855,1088,1050,1096,409,144
Cash Flows From Investing Activities
"Investments in property, plant, and equipment",-470,-483,-370,-250,-16,75
"Property, plant, and equipment reductions",275,495,66,237,29,
Purchases of investments,-33,-14,,,-7,
Sales/Maturities of investments,76,5,33,,,
Other investing activities,12,51,14,1,6,2
Net cash used for investing activities,-140,54,-257,-13,12,77
Cash Flows From Financing Activities
Debt issued,1811,,,,,
Debt repayment,-1504,,,,,
Other financing activities,-1009,-1170,-828,-1116,-430,-220
Net cash provided by (used for) financing activities,-703,-1170,-828,-1116,-430,-220
Net change in cash,12,-29,-35,-32,-9,2
Cash at beginning of period,103,116,87,52,20,4
Cash at end of period,116,87,52,20,11,6
Free Cash Flow
Operating cash flow,855,1088,1050,1096,409,144
Capital expenditure,-470,-483,-370,-250,-16,75
Free cash flow,385,605,679,846,393,219
