﻿UTIQUE ENTERPRISES LTD  (500014) Statement of  CASH FLOW
Fiscal year ends in March. INR in millions except per share data.,2017-03,2018-03,2019-03,2020-03,2021-03,TTM
Cash Flows From Operating Activities
Net income,1,2,1,30,24,29
Depreciation & amortization,2,2,1,1,0,-3
Investments losses (gains),-16,-17,-20,-38,-24,-32
Change in working capital,1,-44,-2,1,6,7
Inventory,,25,,,,
Other working capital,1,-69,-2,1,6,7
Other non-cash items,-0,3,-0,-15,-17,-17
Net cash provided by operating activities,-12,-55,-20,-22,-10,-16
Cash Flows From Investing Activities
"Property, plant, and equipment reductions",,,,2,2,
Other investing activities,16,62,20,54,41,59
Net cash used for investing activities,16,62,20,56,43,59
Cash Flows From Financing Activities
Net change in cash,3,7,0,34,32,43
Cash at beginning of period,205,208,215,215,249,244
Cash at end of period,208,215,215,249,282,287
Free Cash Flow
Operating cash flow,-12,-55,-20,-22,-10,-16
Free cash flow,-12,-55,-20,-22,-10,-16
