﻿AMBALAL SARABHAI ENTERPRISES LTD  (500009) CashFlowFlag INCOME STATEMENT
Fiscal year ends in March. INR in millions except per share data.,2017-03,2018-03,2019-03,2020-03,2021-03,TTM
Revenue,1402,1250,1508,1313,1628,1899
Cost of revenue,821,741,934,824,1035,1110
Gross profit,581,509,575,489,593,789
Operating expenses
Research and development,0,0,0,0,2,
"Sales, General and administrative",106,86,116,117,146,
Other operating expenses,582,545,389,397,386,533
Total operating expenses,687,631,505,514,534,533
Operating income,-106,-122,69,-24,59,256
Interest Expense,21,33,32,32,27,16
Other income (expense),-22,234,45,206,293,375
Income before taxes,-149,80,82,149,325,616
Provision for income taxes,43,67,40,9,32,63
Net income from continuing operations,-192,13,42,141,294,552
Other,,0,0,0,0,0
Net income,-192,13,42,141,294,552
Net income available to common shareholders,-192,13,42,141,294,552
Earnings per share
Basic,-2.51,0.17,0.55,1.83,3.83,7.20
Diluted,-2.51,0.17,0.55,1.83,3.83,7.20
Weighted average shares outstanding
Basic,77,77,77,77,77,77
Diluted,77,77,77,77,77,77
EBITDA,-84,134,135,207,377,653
