﻿ATUL LTD  (500027) Statement of  CASH FLOW
Fiscal year ends in March. INR in millions except per share data.,2018-03,2019-03,2020-03,2021-03,2022-03,TTM
Cash Flows From Operating Activities
Net income,4122,6803,8454,8817,8097,8097
Depreciation & amortization,1104,1189,1302,1363,1767,1767
Investments losses (gains),-81,-100,-308,-812,-284,-284
Change in working capital,-594,-1427,1667,-245,-5046,-5046
Inventory,78,-1004,46,-926,-2754,-2754
Other working capital,-673,-423,1621,681,-2291,-2291
Other non-cash items,-994,-2430,-2302,-1944,-2220,-2220
Net cash provided by operating activities,3557,4036,8814,7180,2314,2314
Cash Flows From Investing Activities
"Investments in property, plant, and equipment",-1430,-2084,-3740,-3225,-5909,-5909
"Property, plant, and equipment reductions",,,6,10,4,4
Purchases of investments,-46,-2126,-4462,-3900,-954,-954
Sales/Maturities of investments,35,38,90,1,5091,5091
Other investing activities,140,96,250,651,92,92
Net cash used for investing activities,-1301,-4075,-7857,-6464,-1676,-1676
Cash Flows From Financing Activities
Debt issued,,,10,,,
Debt repayment,-1518,-65,,,-620,-620
Common stock repurchased,,,,-617,,
Dividend paid,-381,-412,-1515,,-590,-590
Other financing activities,-175,466,430,96,635,635
Net cash provided by (used for) financing activities,-2074,-11,-1076,-522,-574,-574
Effect of exchange rate changes,10,-1,5,14,44,44
Net change in cash,192,-52,-114,207,108,108
Cash at beginning of period,234,427,376,262,469,469
Cash at end of period,427,375,262,469,577,577
Free Cash Flow
Operating cash flow,3557,4036,8814,7180,2314,2314
Capital expenditure,-1430,-2084,-3740,-3225,-5909,-5909
Free cash flow,2127,1952,5074,3954,-3594,-3594
