﻿BANCO PRODUCTS (INDIA) LTD  (500039) Statement of  CASH FLOW
Fiscal year ends in March. INR in millions except per share data.,2017-03,2018-03,2019-03,2020-03,2021-03,TTM
Cash Flows From Operating Activities
Net income,1396,1683,1399,1115,1498,2078
Depreciation & amortization,333,328,334,328,337,331
Investments losses (gains),-12,-61,-2,-28,,
Change in working capital,86,-612,-922,-488,-1,-1826
Inventory,53,-1170,-464,32,-877,-1450
Other working capital,32,558,-458,-521,876,-376
Other non-cash items,-841,-348,-184,-405,-266,-365
Net cash provided by operating activities,962,990,624,521,1568,218
Cash Flows From Investing Activities
"Investments in property, plant, and equipment",-160,-503,-416,-347,-320,-464
"Property, plant, and equipment reductions",280,7,1,89,,
"Acquisitions, net",,,191,,,
Purchases of investments,,-1116,-500,,-351,
Sales/Maturities of investments,,1804,98,1623,69,
Other investing activities,-639,-414,109,129,15,758
Net cash used for investing activities,-518,-222,-516,1495,-587,293
Cash Flows From Financing Activities
Debt issued,,11,203,,,
Dividend paid,-644,-586,-772,-1645,,
Other financing activities,-46,-104,75,120,-782,-1046
Net cash provided by (used for) financing activities,-690,-679,-494,-1525,-782,-1046
Net change in cash,-246,89,-386,491,199,-534
Cash at beginning of period,1081,319,408,22,513,778
Cash at end of period,834,408,22,513,712,244
Free Cash Flow
Operating cash flow,962,990,624,521,1568,218
Capital expenditure,-160,-503,-416,-347,-320,-464
Free cash flow,802,487,208,174,1248,-247
