﻿BHANSALI ENGINEERING POLYMERS LTD  (500052) CashFlowFlag INCOME STATEMENT
Fiscal year ends in March. INR in millions except per share data.,2018-03,2019-03,2020-03,2021-03,2022-03,TTM
Revenue,10317,12248,11043,12919,13940,13940
Cost of revenue,7466,10196,8959,6881,7486,7486
Gross profit,2851,2052,2084,6038,6454,6454
Operating expenses
Research and development,,12,23,12,,
"Sales, General and administrative",195,215,221,217,,
Other operating expenses,1018,1024,1055,1414,1921,1921
Total operating expenses,1213,1252,1299,1642,1921,1921
Operating income,1637,801,785,4396,4532,4532
Interest Expense,41,7,0,5,2,2
Other income (expense),-49,-14,43,74,196,196
Income before taxes,1547,781,828,4465,4727,4727
Provision for income taxes,547,308,158,1126,1226,1226
Net income from continuing operations,1000,472,670,3339,3500,3500
Net income,1000,472,670,3339,3500,3500
Net income available to common shareholders,1000,472,670,3339,3500,3500
Earnings per share
Basic,6.03,2.85,4.04,20.13,21.10,21.10
Diluted,6.03,2.85,4.04,20.13,21.10,21.10
Weighted average shares outstanding
Basic,166,166,166,166,166,166
Diluted,166,166,166,166,166,166
EBITDA,1649,860,923,4572,4828,4828
