﻿ATUL LTD  (500027) CashFlowFlag INCOME STATEMENT
Fiscal year ends in March. INR in millions except per share data.,2018-03,2019-03,2020-03,2021-03,2022-03,TTM
Revenue,32402,40378,40098,36784,50809,50809
Cost of revenue,18508,21610,20280,17501,30988,30988
Gross profit,13894,18768,19818,19283,19821,19821
Operating expenses
"Sales, General and administrative",72,80,147,1104,,
Other operating expenses,9873,12193,11903,10356,12474,12474
Total operating expenses,9945,12273,12049,11460,12474,12474
Operating income,3950,6495,7769,7824,7348,7348
Interest Expense,122,72,88,89,92,92
Other income (expense),295,380,773,1082,842,842
Income before taxes,4122,6803,8454,8817,8097,8097
Provision for income taxes,1310,2443,1745,2217,2050,2050
Net income from continuing operations,2812,4360,6709,6600,6047,6047
Other,-48,-38,-44,-43,-5,-5
Net income,2765,4322,6665,6558,6043,6043
Net income available to common shareholders,2765,4322,6665,6558,6043,6043
Earnings per share
Basic,93.21,145.72,224.69,221.17,204.23,204.23
Diluted,93.21,145.72,224.69,221.17,204.23,204.23
Weighted average shares outstanding
Basic,30,30,30,30,30,30
Diluted,30,30,30,30,30,30
EBITDA,5348,8064,9844,10269,9956,9956
