﻿BHARAT ELECTRONICS LTD  (500049) Statement of  CASH FLOW
Fiscal year ends in March. INR in millions except per share data.,2017-03,2018-03,2019-03,2020-03,2021-03,TTM
Cash Flows From Operating Activities
Net income,20089,19808,26670,25105,29722,32065
Depreciation & amortization,2116,2717,3381,3719,3873,3935
Change in working capital,-11373,-21325,-7934,3058,22048,30504
Inventory,-7286,1274,2827,4736,-9965,-11873
Other working capital,-4088,-22599,-10761,-1678,32013,42376
Other non-cash items,-11440,-8066,-6656,-6178,-4711,-7284
Net cash provided by operating activities,-607,-6866,15461,25704,50932,59219
Cash Flows From Investing Activities
"Investments in property, plant, and equipment",-7940,-8071,-7614,-7466,-4692,-5817
"Property, plant, and equipment reductions",19,15,3,9,13,23
"Acquisitions, net",58,,,,,
Purchases of investments,-286,-4506,-2026,-1461,,
Sales/Maturities of investments,35858,10907,,1723,,
Other investing activities,3435,1591,356,706,-21273,-46149
Net cash used for investing activities,31144,-64,-9281,-6490,-25952,-51943
Cash Flows From Financing Activities
Common stock repurchased,-21712,-3723,,,,
Dividend paid,-6834,-8200,-5662,-9802,-10227,-10229
Other financing activities,-22,-101,-964,-804,-530,-549
Net cash provided by (used for) financing activities,-28568,-12024,-6627,-10605,-10757,-10778
Net change in cash,1969,-18954,-447,8609,14223,-3502
Cash at beginning of period,25029,26998,8044,7597,16206,11420
Cash at end of period,26998,8044,7597,16206,30429,7918
Free Cash Flow
Operating cash flow,-607,-6866,15461,25704,50932,59219
Capital expenditure,-7940,-8071,-7614,-7466,-4692,-5817
Free cash flow,-8547,-14937,7847,18238,46240,53402
