﻿ANSAL PROPERTIES & INFRASTRUCTURE LTD  (500013) Statement of  CASH FLOW
Fiscal year ends in March. INR in millions except per share data.,2017-03,2018-03,2019-03,2020-03,2021-03,TTM
Cash Flows From Operating Activities
Net income,-313,-1994,-1285,-2534,-885,-945
Depreciation & amortization,164,237,228,259,234,219
Investments losses (gains),-3,-3,-1,,,
Change in working capital,-6862,4610,1827,987,2166,1941
Inventory,-10150,5302,962,-685,2618,2105
Other working capital,3287,-692,864,1672,-452,-163
Other non-cash items,2953,2036,1488,2360,966,668
Net cash provided by operating activities,-4061,4887,2257,1072,2480,1883
Cash Flows From Investing Activities
"Investments in property, plant, and equipment",-404,-181,-159,-46,-101,-33
"Property, plant, and equipment reductions",74,78,371,75,81,39
"Acquisitions, net",,528,-128,179,26,90
Purchases of investments,,,,-178,-31,
Sales/Maturities of investments,,140,246,,0,
Other investing activities,643,94,88,89,67,-12
Net cash used for investing activities,314,658,419,120,41,84
Cash Flows From Financing Activities
Debt issued,6585,,,,,
Other financing activities,-2774,-5712,-2637,-1224,-2448,-2124
Net cash provided by (used for) financing activities,3812,-5712,-2637,-1224,-2448,-2124
Net change in cash,64,-167,40,-33,73,-157
Cash at beginning of period,265,328,161,201,115,236
Cash at end of period,329,161,201,168,188,80
Free Cash Flow
Operating cash flow,-4061,4887,2257,1072,2480,1883
Capital expenditure,-404,-181,-159,-46,-101,-33
Free cash flow,-4465,4705,2098,1026,2378,1850
