﻿AMARA RAJA BATTERIES LTD  (500008) CashFlowFlag INCOME STATEMENT
Fiscal year ends in March. INR in millions except per share data.,2017-03,2018-03,2019-03,2020-03,2021-03,TTM
Revenue,53172,60409,67695,68128,71332,86023
Cost of revenue,36500,42972,48506,46697,49574,61795
Gross profit,16671,17438,19189,21431,21759,24228
Operating expenses
"Sales, General and administrative",1923,2108,2345,2470,2536,
Other operating expenses,8087,8790,9822,10906,10993,16601
Total operating expenses,10010,10898,12167,13377,13529,16601
Operating income,6661,6540,7022,8055,8230,7626
Interest Expense,55,45,60,109,100,127
Other income (expense),416,647,339,461,604,671
Income before taxes,7022,7142,7301,8407,8734,8170
Provision for income taxes,2237,2429,2469,1799,2265,2139
Net income from continuing operations,4785,4713,4832,6608,6468,6031
Net income,4785,4713,4832,6608,6468,6031
Net income available to common shareholders,4785,4713,4832,6608,6468,6031
Earnings per share
Basic,28.01,27.59,28.29,38.69,37.87,35.31
Diluted,28.01,27.59,28.29,38.69,37.87,35.31
Weighted average shares outstanding
Basic,171,171,171,171,171,171
Diluted,171,171,171,171,171,171
EBITDA,8989,9500,9979,11523,12025,12138
