﻿BAJAJ HINDUSTHAN SUGAR LTD  (500032) CashFlowFlag BALANCE SHEET
Fiscal year ends in March. INR in millions except per share data.,2017-03,2018-03,2019-03,2020-03,2021-03
Assets
Current assets
Cash
Cash and cash equivalents,853,383,539,1040,738
Short-term investments,2668,2918,10397,10402,10406
Total cash,3521,3301,10936,11443,11144
Receivables,1500,1693,1813,1690,2131
Inventories,30095,28479,27650,27114,25413
Prepaid expenses,,1115,1111,1244,1208
Other current assets,17571,17469,17973,17884,18034
Total current assets,52688,52057,59483,59374,57931
Non-current assets
"Property, plant and equipment"
"Gross property, plant and equipment",106178,106460,106600,106954,109387
Accumulated Depreciation,-28360,-30275,-32368,-34485,-36620
"Net property, plant and equipment",77818,76184,74232,72469,72767
Deferred income taxes,41,49,,,
Other long-term assets,12862,12252,4195,3641,660
Total non-current assets,90722,88486,78426,76110,73427
Total assets,143410,140543,137910,135484,131358
Liabilities and stockholders' equity
Liabilities
Current liabilities
Short-term debt,16142,9034,6444,3539,5998
Capital leases,,,,,24
Accounts payable,27870,33747,41657,44445,44617
Other current liabilities,3116,2411,1167,1986,1891
Total current liabilities,47128,45192,49268,49969,52530
Non-current liabilities
Long-term debt,54598,58924,53821,51395,48023
Capital leases,,,,95,48
Deferred taxes liabilities,6531,6425,6295,6101,5909
Deferred revenues,,137,217,260,358
Pensions and other benefits,,434,538,693,766
Minority interest,,-0,-0,-0,-0
Other long-term liabilities,497,-5548,,,
Total non-current liabilities,61626,60372,60870,58544,55105
Total liabilities,108754,105564,110139,108512,107635
Stockholders' equity
Common stock,1101,1101,1101,1101,1101
Additional paid-in capital,41854,41854,41854,41854,41854
Retained earnings,-10885,-10339,-17262,-17617,-20535
Accumulated other comprehensive income,2586,2364,2079,1634,1303
Total stockholders' equity,34656,34979,27771,26971,23722
Total liabilities and stockholders' equity,143410,140543,137910,135484,131358
