﻿DABUR INDIA LTD  (500096) CashFlowFlag INCOME STATEMENT
Fiscal year ends in March. INR in millions except per share data.,2018-03,2019-03,2020-03,2021-03,2022-03,TTM
Revenue,76538,84373,86229,94928,108886,108886
Cost of revenue,38487,43412,43930,48068,56397,56397
Gross profit,38051,40961,42299,46860,52489,52489
Operating expenses
"Sales, General and administrative",8592,9197,9978,11862,7779,7779
Other operating expenses,14811,16108,16561,17355,24700,24700
Total operating expenses,23404,25306,26539,29217,32480,32480
Operating income,14648,15655,15760,17642,20009,20009
Interest Expense,424,492,411,240,386,386
Other income (expense),2707,2086,1928,3158,3064,3064
Income before taxes,16931,17249,17276,20560,22687,22687
Provision for income taxes,3354,2786,2797,3611,5264,5264
Net income from continuing operations,13577,14462,14479,16950,17423,17423
Other,-34,-39,-30,-16,-31,-31
Net income,13544,14423,14450,16933,17392,17392
Net income available to common shareholders,13544,14423,14450,16933,17392,17392
Earnings per share
Basic,7.69,8.17,8.18,9.58,9.84,9.84
Diluted,7.66,8.14,8.15,9.55,9.81,9.81
Weighted average shares outstanding
Basic,1762,1765,1767,1767,1768,1768
Diluted,1768,1773,1772,1772,1773,1773
EBITDA,18976,19510,19892,23202,25602,25602
