﻿CIPLA LTD  (500087) Statement of  CASH FLOW
Fiscal year ends in March. INR in millions except per share data.,2017-03,2018-03,2019-03,2020-03,2021-03,TTM
Cash Flows From Operating Activities
Net income,12222,16695,20791,21782,32901,36812
Depreciation & amortization,13229,13228,13263,11746,10677,10478
Investments losses (gains),-1874,-1554,-2422,-1008,-865,-1001
Stock based compensation,222,413,241,236,195,184
Change in working capital,2307,-7832,-10635,3730,3717,1877
Inventory,3228,-5593,1038,-3316,-2543,-5357
Other working capital,-920,-2239,-11674,7045,6260,7233
Other non-cash items,-2283,-6322,-4327,-5802,-9072,-11236
Net cash provided by operating activities,23824,14628,16911,30684,37552,37113
Cash Flows From Investing Activities
"Investments in property, plant, and equipment",-11360,-8162,-3601,-5728,-6297,-6979
"Property, plant, and equipment reductions",378,768,234,143,220,193
"Acquisitions, net",-1699,1283,-4212,-320,-110,-94
Purchases of investments,-94805,-1895,-9104,,-12450,3091
Sales/Maturities of investments,94191,103,840,12100,,
Purchases of intangibles,,,-1671,-4272,-1893,-1831
Sales of intangibles,,,,,55,58
Other investing activities,168,-636,826,-882,-3398,-4747
Net cash used for investing activities,-13126,-8540,-16687,1040,-23872,-10309
Cash Flows From Financing Activities
Debt issued,36523,,480,2116,705,380
Debt repayment,-2321,-25,-1082,-19477,-10218,-20514
Common stock issued,120,1,1,1,-360,-359
Dividend paid,-1608,-1609,-2416,-5643,,
Other financing activities,-45952,-2222,-470,-6486,-3427,-7610
Net cash provided by (used for) financing activities,-13238,-3855,-3487,-29488,-13299,-28103
Effect of exchange rate changes,63,198,-188,104,128,208
Net change in cash,-2478,2431,-3451,2340,509,-1091
Cash at beginning of period,8582,6104,8535,5084,7424,6376
Cash at end of period,6104,8535,5084,7424,7933,5286
Free Cash Flow
Operating cash flow,23824,14628,16911,30684,37552,37113
Capital expenditure,-11360,-8162,-5271,-10000,-8189,-8810
Free cash flow,12464,6466,11640,20684,29363,28304
