﻿BHANSALI ENGINEERING POLYMERS LTD  (500052) CashFlowFlag BALANCE SHEET
Fiscal year ends in March. INR in millions except per share data.,2018-03,2019-03,2020-03,2021-03,2022-03
Assets
Current assets
Cash
Cash and cash equivalents,288,205,557,1295,773
Short-term investments,,,,199,1355
Total cash,288,205,557,1494,2128
Receivables,1854,2238,1537,2907,2824
Inventories,800,1001,2084,1129,1974
Prepaid expenses,72,73,158,89,
Other current assets,54,296,406,432,2230
Total current assets,3069,3814,4742,6052,9157
Non-current assets
"Property, plant and equipment"
"Gross property, plant and equipment",1230,1547,1676,2732,1445
Accumulated Depreciation,-97,-113,-166,-1324,
"Net property, plant and equipment",1133,1434,1510,1408,1445
Intangible assets,2,1,1,1,0
Deferred income taxes,,20,,,
Other long-term assets,26,36,278,312,480
Total non-current assets,1161,1491,1789,1720,1925
Total assets,4230,5306,6531,7772,11082
Liabilities and stockholders' equity
Liabilities
Current liabilities
Accounts payable,1257,1945,2723,362,698
Taxes payable,136,,,,4
Other current liabilities,113,103,40,384,377
Total current liabilities,1506,2047,2763,746,1079
Non-current liabilities
Deferred taxes liabilities,106,229,164,170,174
Pensions and other benefits,45,42,38,,
Other long-term liabilities,0,0,4,43,16
Total non-current liabilities,151,271,206,212,189
Total liabilities,1658,2318,2969,958,1269
Stockholders' equity
Common stock,166,166,166,166,166
Additional paid-in capital,298,298,298,298,
Retained earnings,2087,2501,3076,6327,
Accumulated other comprehensive income,22,22,22,22,9647
Total stockholders' equity,2573,2987,3562,6813,9813
Total liabilities and stockholders' equity,4230,5306,6531,7772,11082
