﻿CENTURY EXTRUSIONS LTD  (500083) CashFlowFlag INCOME STATEMENT
Fiscal year ends in March. INR in millions except per share data.,2017-03,2018-03,2019-03,2020-03,2021-03,TTM
Revenue,1819,2495,2551,2306,1873,2881
Cost of revenue,1367,1852,1975,1726,1386,2242
Gross profit,452,644,576,580,487,639
Operating expenses
"Sales, General and administrative",44,49,50,54,48,
Other operating expenses,333,376,407,420,344,483
Total operating expenses,377,424,457,474,392,483
Operating income,75,219,120,106,95,156
Interest Expense,56,52,56,67,74,76
Other income (expense),-6,-124,-7,15,11,4
Income before taxes,13,44,56,54,31,84
Provision for income taxes,1,6,16,17,10,24
Net income from continuing operations,12,37,40,37,22,60
Net income,12,37,40,37,22,60
Net income available to common shareholders,12,37,40,37,22,60
Earnings per share
Basic,0.15,0.46,0.50,0.46,0.27,0.75
Diluted,0.15,0.46,0.50,0.46,0.27,0.75
Weighted average shares outstanding
Basic,80,80,80,80,80,82
Diluted,80,80,80,80,80,82
EBITDA,102,131,156,172,157,198
