﻿BAJAJ ELECTRICALS LTD  (500031) CashFlowFlag INCOME STATEMENT
Fiscal year ends in March. INR in millions except per share data.,2017-03,2018-03,2019-03,2020-03,2021-03,TTM
Revenue,42578,47074,66794,49541,45509,46840
Cost of revenue,30892,34570,52103,36871,32731,33623
Gross profit,11686,12504,14691,12670,12778,13217
Operating expenses
"Sales, General and administrative",2952,3401,3804,3731,3754,
Other operating expenses,6516,5963,7629,7381,6444,11108
Total operating expenses,9468,9364,11434,11112,10197,11108
Operating income,2218,3140,3257,1557,2581,2108
Interest Expense,737,537,1119,1657,743,678
Other income (expense),200,-959,273,171,625,429
Income before taxes,1680,1645,2411,72,2463,1859
Provision for income taxes,604,808,875,174,573,459
Other income,-55,,,,,
Net income from continuing operations,1022,836,1536,-103,1890,1400
Other,,,28,10,16,38
Net income,1022,836,1564,-93,1905,1438
Net income available to common shareholders,1022,836,1564,-93,1905,1438
Earnings per share
Basic,9.85,8.03,14.92,-0.89,16.68,12.36
Diluted,9.83,7.99,14.88,-0.89,16.62,12.29
Weighted average shares outstanding
Basic,104,104,105,104,114,117
Diluted,104,105,105,104,115,118
EBITDA,2716,2521,3969,2465,3958,3230
