﻿BANCO PRODUCTS (INDIA) LTD  (500039) CashFlowFlag INCOME STATEMENT
Fiscal year ends in March. INR in millions except per share data.,2017-03,2018-03,2019-03,2020-03,2021-03,TTM
Revenue,12990,13582,15369,14010,15117,18689
Cost of revenue,6884,7646,9213,8245,9001,11736
Gross profit,6107,5937,6156,5765,6115,6953
Operating expenses
"Sales, General and administrative",803,801,929,910,876,
Other operating expenses,4201,3525,3683,3880,3715,5006
Total operating expenses,5004,4325,4612,4790,4590,5006
Operating income,1103,1611,1544,974,1525,1947
Interest Expense,8,6,31,17,23,31
Other income (expense),301,78,12,157,-4,-27
Income before taxes,1396,1683,1525,1115,1498,1889
Provision for income taxes,448,516,692,349,361,583
Other income,,,0,,,
Net income from continuing operations,948,1168,833,766,1137,1306
Net income from discontinuing ops,,,-142,,,
Other,-0,,,,,
Net income,948,1168,691,766,1137,1306
Net income available to common shareholders,948,1168,691,766,1137,1306
Earnings per share
Basic,13.25,16.33,9.66,10.71,15.90,18.26
Diluted,13.25,16.33,9.66,10.71,15.90,18.26
Weighted average shares outstanding
Basic,72,72,72,72,72,72
Diluted,72,72,72,72,72,72
EBITDA,1737,2017,1890,1459,1858,2241
