﻿DALMIA BHARAT SUGAR AND INDUSTRIES LTD  (500097) CashFlowFlag BALANCE SHEET
Fiscal year ends in March. INR in millions except per share data.,2017-03,2018-03,2019-03,2020-03,2021-03
Assets
Current assets
Cash
Cash and cash equivalents,587,590,280,665,713
Short-term investments,1464,3411,2203,2587,3170
Total cash,2052,4001,2483,3251,3882
Receivables,1105,760,2036,1698,1153
Inventories,10207,7498,10951,13292,13750
Prepaid expenses,,145,326,105,275
Other current assets,598,284,293,958,1296
Total current assets,13962,12688,16089,19304,20355
Non-current assets
"Property, plant and equipment"
"Gross property, plant and equipment",14738,20565,21617,22392,23285
Accumulated Depreciation,-7016,-7501,-8281,-8798,-9741
"Net property, plant and equipment",7722,13064,13336,13594,13544
Intangible assets,29,17,5,4,2
Other long-term assets,1438,3360,2462,1480,3426
Total non-current assets,9189,16441,15803,15078,16972
Total assets,23151,29129,31892,34381,37327
Liabilities and stockholders' equity
Liabilities
Current liabilities
Short-term debt,8342,4000,5761,8528,7313
Accounts payable,1615,4286,4202,4020,3057
Taxes payable,,,,,375
Other current liabilities,1192,534,607,930,1005
Total current liabilities,11150,8820,10570,13478,11750
Non-current liabilities
Long-term debt,4049,3757,4608,4244,2266
Deferred taxes liabilities,865,1248,968,1017,1436
Deferred revenues,,54,165,123,85
Pensions and other benefits,,,,,331
Other long-term liabilities,140,204,265,331,32
Total non-current liabilities,5054,5263,6005,5715,4151
Total liabilities,16203,14083,16575,19194,15900
Stockholders' equity
Common stock,162,162,162,162,162
Retained earnings,6369,11100,12853,14434,17137
Accumulated other comprehensive income,417,3783,2302,592,4128
Total stockholders' equity,6948,15046,15317,15188,21427
Total liabilities and stockholders' equity,23151,29129,31892,34381,37327
