﻿BIRLA CABLE LTD  (500060) CashFlowFlag BALANCE SHEET
Fiscal year ends in March. INR in millions except per share data.,2017-03,2018-03,2019-03,2020-03,2021-03
Assets
Current assets
Cash
Cash and cash equivalents,34,6,5,138,1
Total cash,34,6,5,138,1
Receivables,684,1041,1629,813,1326
Inventories,495,665,727,715,710
Prepaid expenses,,,16,59,37
Other current assets,79,125,67,118,125
Total current assets,1292,1837,2444,1843,2199
Non-current assets
"Property, plant and equipment"
"Gross property, plant and equipment",1424,762,989,1212,1261
Accumulated Depreciation,-864,-154,-250,-364,-471
"Net property, plant and equipment",560,608,739,848,790
Intangible assets,2,3,2,1,1
Other long-term assets,258,145,222,113,177
Total non-current assets,820,755,963,962,968
Total assets,2113,2592,3407,2805,3167
Liabilities and stockholders' equity
Liabilities
Current liabilities
Short-term debt,248,285,464,557,528
Capital leases,,,,3,3
Accounts payable,2,782,936,331,662
Taxes payable,,9,6,,
Other current liabilities,712,113,88,94,58
Total current liabilities,962,1189,1494,985,1252
Non-current liabilities
Long-term debt,118,119,129,193,170
Capital leases,,,,11,8
Deferred taxes liabilities,60,48,64,56,52
Pensions and other benefits,20,21,2,2,2
Other long-term liabilities,,0,,,
Total non-current liabilities,197,189,196,262,232
Total liabilities,1159,1378,1690,1247,1484
Stockholders' equity
Common stock,300,300,300,300,300
Additional paid-in capital,200,200,200,200,200
Retained earnings,259,461,893,829,913
Accumulated other comprehensive income,195,254,324,229,270
Total stockholders' equity,954,1214,1717,1558,1683
Total liabilities and stockholders' equity,2113,2592,3407,2805,3167
