﻿BOMBAY DYEING & MANUFACTURING CO LTD  (500020) CashFlowFlag BALANCE SHEET
Fiscal year ends in March. INR in millions except per share data.,2017-03,2018-03,2019-03,2020-03,2021-03
Assets
Current assets
Cash
Cash and cash equivalents,620,142,288,20,1431
Short-term investments,,1192,,,
Total cash,620,1334,288,20,1431
Receivables,798,2124,10922,7282,6564
Inventories,8001,4090,22005,24238,20431
Prepaid expenses,3398,995,96,392,228
Other current assets,7245,15727,1437,1264,1208
Total current assets,20062,24270,34748,33196,29862
Non-current assets
"Property, plant and equipment"
"Gross property, plant and equipment",10906,6866,6195,6360,6290
Accumulated Depreciation,-4229,-589,-866,-1175,-1432
"Net property, plant and equipment",6677,6277,5329,5185,4858
Intangible assets,6,1,2,7,2
Deferred income taxes,,,,5321,5680
Other long-term assets,20203,10014,11728,4410,5980
Total non-current assets,26886,16292,17058,14922,16520
Total assets,46948,40562,51806,48119,46382
Liabilities and stockholders' equity
Liabilities
Current liabilities
Short-term debt,16081,4906,5980,8109,16689
Capital leases,,,,24,26
Accounts payable,3578,3511,5230,3087,3846
Taxes payable,,,68,0,
Other current liabilities,3941,3159,4712,2688,2552
Total current liabilities,23600,11576,15991,13909,23112
Non-current liabilities
Long-term debt,10800,22303,33734,33366,25007
Capital leases,,,,28,
Pensions and other benefits,,,,,134
Minority interest,,,-265,-266,-266
Other long-term liabilities,311,314,257,217,77
Total non-current liabilities,11111,22617,33726,33346,24952
Total liabilities,34711,34193,49716,47254,48064
Stockholders' equity
Common stock,413,413,413,413,413
Additional paid-in capital,1391,1336,1336,1336,1336
Retained earnings,-236,-6440,-11975,-6453,-10005
Accumulated other comprehensive income,10669,11060,12316,5568,6574
Total stockholders' equity,12237,6369,2090,864,-1682
Total liabilities and stockholders' equity,46948,40562,51806,48119,46382
