﻿AMARA RAJA BATTERIES LTD  (500008) Statement of  CASH FLOW
Fiscal year ends in March. INR in millions except per share data.,2017-03,2018-03,2019-03,2020-03,2021-03,TTM
Cash Flows From Operating Activities
Net income,7022,7142,7301,8407,8734,8797
Depreciation & amortization,1912,2303,2612,3007,3192,3610
Investments losses (gains),-153,-150,-54,-188,-164,-166
Change in working capital,-1137,-3475,-1842,2889,-1299,-2728
Inventory,-2153,-2328,-117,-816,-2959,-4849
Other working capital,1016,-1147,-1725,3705,1660,2121
Other non-cash items,-2115,-2604,-2606,-2350,-2440,-3075
Net cash provided by operating activities,5529,3217,5411,11766,8022,6438
Cash Flows From Investing Activities
"Investments in property, plant, and equipment",-4382,-3866,-5285,-7014,-4967,-5920
"Property, plant, and equipment reductions",77,13,2,15,3,8
Purchases of investments,-28440,-17706,-10250,-14800,-14598,-14294
Sales/Maturities of investments,27330,18980,10454,13568,13451,16416
Purchases of intangibles,,,,,-277,
Other investing activities,65,137,450,-263,38,-235
Net cash used for investing activities,-5349,-2443,-4629,-8494,-6350,-4024
Cash Flows From Financing Activities
Debt repayment,-17,-89,-51,-116,-125,
Dividend paid,,-1285,-855,-3311,-854,
Other financing activities,-3,-7,-11,-210,-236,-2274
Net cash provided by (used for) financing activities,-20,-1382,-916,-3638,-1215,-2274
Effect of exchange rate changes,63,88,148,190,186,360
Net change in cash,223,-520,15,-176,643,500
Cash at beginning of period,784,1007,487,502,326,704
Cash at end of period,1007,487,502,326,969,1204
Free Cash Flow
Operating cash flow,5529,3217,5411,11766,8022,6438
Capital expenditure,-4382,-3866,-5285,-7014,-5243,-6196
Free cash flow,1147,-650,127,4752,2779,242
