﻿BEML LTD  (500048) Statement of  CASH FLOW
Fiscal year ends in March. INR in millions except per share data.,2017-03,2018-03,2019-03,2020-03,2021-03,TTM
Cash Flows From Operating Activities
Net income,983,1641,1304,194,871,1205
Depreciation & amortization,628,654,707,724,714,691
Change in working capital,-902,-2034,125,606,-4558,-4826
Inventory,-2881,1575,823,-3069,216,-1161
Other working capital,1979,-3610,-697,3675,-4775,-3665
Other non-cash items,1377,1037,431,-465,-37,-203
Net cash provided by operating activities,2086,1297,2568,1058,-3010,-3133
Cash Flows From Investing Activities
"Investments in property, plant, and equipment",-643,-583,-606,-521,-459,-870
"Property, plant, and equipment reductions",2,10,4,50,26,32
Purchases of intangibles,-4,-79,-41,-50,-62,-95
Other investing activities,50,34,19,8,5,11
Net cash used for investing activities,-594,-619,-624,-513,-490,-923
Cash Flows From Financing Activities
Debt issued,34,,,,,
Debt repayment,-944,-123,,,,
Dividend paid,-200,-401,-629,-251,-346,-250
Other financing activities,-492,-483,-663,280,-1416,2872
Net cash provided by (used for) financing activities,-1603,-1007,-1292,29,-1762,2622
Net change in cash,-111,-328,652,575,-5262,-1434
Cash at beginning of period,-890,-1001,-1329,-677,-103,-301
Cash at end of period,-1001,-1329,-677,-103,-5365,-1735
Free Cash Flow
Operating cash flow,2086,1297,2568,1058,-3010,-3133
Capital expenditure,-647,-662,-647,-572,-521,-966
Free cash flow,1440,635,1921,487,-3531,-4098
