﻿BIRLA CABLE LTD  (500060) Statement of  CASH FLOW
Fiscal year ends in March. INR in millions except per share data.,2017-03,2018-03,2019-03,2020-03,2021-03,TTM
Cash Flows From Operating Activities
Net income,53,240,663,3,110,176
Depreciation & amortization,77,79,105,117,112,109
Investments losses (gains),-0,-0,-1,-2,-2,-1
Change in working capital,121,-349,-435,153,-232,-331
Inventory,-48,-170,-62,11,6,-204
Other working capital,169,-178,-373,141,-238,-127
Other non-cash items,-8,-40,-163,48,1,-5
Net cash provided by operating activities,243,-69,169,319,-11,-52
Cash Flows From Investing Activities
"Investments in property, plant, and equipment",-39,-109,-288,-185,-44,-93
"Property, plant, and equipment reductions",38,2,11,3,1,0
Other investing activities,9,170,27,-4,12,-25
Net cash used for investing activities,7,63,-250,-186,-30,-118
Cash Flows From Financing Activities
Debt repayment,-44,,,,,
Dividend paid,-35,,-36,-72,,
Other financing activities,-244,5,116,72,-95,169
Net cash provided by (used for) financing activities,-323,5,80,0,-95,169
Net change in cash,-73,-1,-1,133,-137,-2
Cash at beginning of period,83,7,6,5,138,3
Cash at end of period,10,6,5,138,1,1
Free Cash Flow
Operating cash flow,243,-69,169,319,-11,-52
Capital expenditure,-39,-109,-288,-185,-44,-93
Free cash flow,204,-178,-119,134,-55,-146
