﻿BIRLA CABLE LTD  (500060) CashFlowFlag INCOME STATEMENT
Fiscal year ends in March. INR in millions except per share data.,2017-03,2018-03,2019-03,2020-03,2021-03,TTM
Revenue,2112,3250,4953,2170,3212,4849
Cost of revenue,1584,2449,3669,1550,2470,3820
Gross profit,528,801,1284,621,742,1029
Operating expenses
"Sales, General and administrative",36,42,30,53,88,
Other operating expenses,435,489,564,516,504,749
Total operating expenses,471,531,594,568,592,749
Operating income,56,270,690,53,149,280
Interest Expense,28,25,31,61,41,56
Other income (expense),24,-5,4,12,1,5
Income before taxes,53,240,663,3,110,229
Provision for income taxes,21,79,192,-7,28,54
Net income from continuing operations,32,161,470,10,82,175
Net income,32,161,470,10,82,175
Net income available to common shareholders,32,161,470,10,82,175
Earnings per share
Basic,1.06,5.38,15.68,0.34,2.73,5.82
Diluted,1.06,5.38,15.68,0.34,2.73,5.82
Weighted average shares outstanding
Basic,30,30,30,30,30,30
Diluted,30,30,30,30,30,30
EBITDA,158,344,799,182,263,393
