﻿BANNARI AMMAN SUGARS LTD  (500041) Statement of  CASH FLOW
Fiscal year ends in March. INR in millions except per share data.,2017-03,2018-03,2019-03,2020-03,2021-03,TTM
Cash Flows From Operating Activities
Net income,1869,1124,928,1260,1145,1013
Depreciation & amortization,695,696,668,649,657,633
Investments losses (gains),-0,-0,-0,-0,-0,
Change in working capital,3346,3710,-3487,-2727,357,-705
Inventory,3375,4043,-3993,-259,-354,-1440
Other working capital,-29,-333,507,-2468,711,735
Other non-cash items,938,102,81,245,198,97
Net cash provided by operating activities,6847,5632,-1810,-572,2358,1038
Cash Flows From Investing Activities
"Investments in property, plant, and equipment",-545,-197,-343,-1070,-689,-568
"Property, plant, and equipment reductions",13,9,38,2,64,67
Purchases of investments,,-0,,,,
Other investing activities,9,31,34,8,15,16
Net cash used for investing activities,-524,-157,-271,-1060,-610,-485
Cash Flows From Financing Activities
Debt issued,,,2500,2267,,
Debt repayment,-5361,-5012,,,-1247,-295
Common stock issued,,,10,,,
Dividend paid,-103,-189,-151,-151,-125,-125
Other financing activities,-972,-328,-275,-441,-420,-36
Net cash provided by (used for) financing activities,-6436,-5529,2084,1675,-1792,-457
Net change in cash,-113,-54,3,42,-45,96
Cash at beginning of period,205,92,32,35,77,28
Cash at end of period,92,38,35,77,32,124
Free Cash Flow
Operating cash flow,6847,5632,-1810,-572,2358,1038
Capital expenditure,-545,-197,-343,-1070,-689,-568
Free cash flow,6302,5435,-2153,-1642,1668,469
