﻿BAJAJ ELECTRICALS LTD  (500031) Statement of  CASH FLOW
Fiscal year ends in March. INR in millions except per share data.,2017-03,2018-03,2019-03,2020-03,2021-03,TTM
Cash Flows From Operating Activities
Net income,1625,1645,2411,72,2463,2534
Depreciation & amortization,299,339,439,737,752,717
Investments losses (gains),-70,509,-38,-42,-35,-16
Stock based compensation,39,29,39,52,42,37
Change in working capital,1834,-4155,-8681,4493,3239,3427
Inventory,-645,-80,-2403,1314,-2799,-3716
Other working capital,2480,-4075,-6279,3179,6037,7143
Other non-cash items,639,604,-375,953,121,358
Net cash provided by operating activities,4366,-1029,-6205,6264,6582,7057
Cash Flows From Investing Activities
"Investments in property, plant, and equipment",-562,-315,-548,-308,-321,-537
"Property, plant, and equipment reductions",91,26,10,12,198,425
"Acquisitions, net",,-0,-307,,,
Purchases of investments,,,-38,-16,-222,
Sales/Maturities of investments,,,,15,,
Purchases of intangibles,,-65,-25,-2,-82,-91
Other investing activities,-430,716,-133,-108,-674,-646
Net cash used for investing activities,-901,361,-1040,-407,-1102,-849
Cash Flows From Financing Activities
Debt issued,2544,3448,10167,2952,186,-182
Debt repayment,-5495,-1878,-1603,-9292,-5381,-4744
Common stock issued,59,167,95,3482,105,165
Dividend paid,-1,-283,-357,-359,,
Other financing activities,-786,-818,-1170,-1736,-950,-1232
Net cash provided by (used for) financing activities,-3679,635,7132,-4953,-6040,-5993
Net change in cash,-215,-33,-113,904,-560,216
Cash at beginning of period,466,251,218,112,1016,224
Cash at end of period,251,218,105,1016,456,440
Free Cash Flow
Operating cash flow,4366,-1029,-6205,6264,6582,7057
Capital expenditure,-562,-381,-573,-310,-403,-627
Free cash flow,3804,-1409,-6778,5954,6178,6430
