﻿FORCE MOTORS LTD  (500033) Statement of  CASH FLOW
Fiscal year ends in March. INR in millions except per share data.,2017-03,2018-03,2019-03,2020-03,2021-03,TTM
Cash Flows From Operating Activities
Net income,2354,2006,1901,420,-1758,-936
Depreciation & amortization,1131,1293,1509,1945,1737,1740
Investments losses (gains),-2,-1,-0,-0,,
Change in working capital,-2091,-346,206,1708,-455,3
Inventory,1098,-445,-285,-499,-87,385
Other working capital,-3189,99,491,2206,-368,-383
Other non-cash items,-788,-386,-476,19,550,604
Net cash provided by operating activities,604,2565,3140,4092,73,1411
Cash Flows From Investing Activities
"Investments in property, plant, and equipment",-2353,-3241,-4981,-4584,-4532,-4658
"Property, plant, and equipment reductions",9,60,9,6,8,631
"Acquisitions, net",,,-134,-663,-255,-223
Sales/Maturities of investments,,,,,1350,
Other investing activities,238,2376,-950,1967,103,1
Net cash used for investing activities,-2105,-806,-6056,-3274,-3326,-4249
Cash Flows From Financing Activities
Debt issued,1965,,,,,
Debt repayment,-98,-2001,,,,
Dividend paid,,-159,-159,-159,-132,-66
Other financing activities,-65,-69,2721,-38,3066,3020
Net cash provided by (used for) financing activities,1802,-2229,2563,-197,2934,2954
Net change in cash,300,-470,-353,621,-318,116
Cash at beginning of period,565,866,396,43,664,142
Cash at end of period,866,396,43,664,345,257
Free Cash Flow
Operating cash flow,604,2565,3140,4092,73,1411
Capital expenditure,-2353,-3241,-4981,-4584,-4532,-4658
Free cash flow,-1749,-677,-1841,-492,-4459,-3247
