﻿ANDHRA PETROCHEMICALS LTD  (500012) CashFlowFlag INCOME STATEMENT
Fiscal year ends in March. INR in millions except per share data.,2017-03,2018-03,2019-03,2020-03,2021-03,TTM
Revenue,3289,5199,6659,4559,5661,9460
Cost of revenue,2474,3831,4772,3467,3592,5033
Gross profit,815,1368,1887,1092,2069,4427
Operating expenses
"Sales, General and administrative",5,6,7,8,9,
Other operating expenses,772,749,894,876,827,1001
Total operating expenses,777,755,901,884,836,1001
Operating income,38,614,985,208,1232,3426
Interest Expense,132,115,55,13,87,83
Other income (expense),-15,-26,19,15,34,102
Income before taxes,-109,473,950,210,1179,3445
Provision for income taxes,-35,8,252,74,415,930
Net income from continuing operations,-74,465,698,136,765,2515
Net income,-74,465,698,136,765,2515
Net income available to common shareholders,-74,465,698,136,765,2515
Earnings per share
Basic,-0.87,5.47,8.22,1.60,9.00,29.61
Diluted,-0.87,5.47,8.22,1.60,9.00,29.61
Weighted average shares outstanding
Basic,85,85,85,85,85,85
Diluted,85,85,85,85,85,85
EBITDA,113,682,1109,351,1407,3669
