﻿BOMBAY DYEING & MANUFACTURING CO LTD  (500020) CashFlowFlag INCOME STATEMENT
Fiscal year ends in March. INR in millions except per share data.,2017-03,2018-03,2019-03,2020-03,2021-03,TTM
Revenue,16952,26553,44105,18760,11811,18895
Cost of revenue,12972,18488,23908,12997,9799,14164
Gross profit,3980,8065,20197,5762,2012,4732
Operating expenses
"Sales, General and administrative",796,613,799,836,592,
Other operating expenses,2178,3322,1652,1795,1347,3641
Total operating expenses,2974,3935,2452,2631,1940,3641
Operating income,1006,4130,17745,3131,73,1091
Interest Expense,3226,3521,4403,5272,5570,5341
Other income (expense),3071,-230,-983,60,434,-1753
Income before taxes,851,380,12359,-2081,-5063,-6003
Provision for income taxes,296,28,58,-5369,-374,-150
Other income,19,,,,,
Net income from continuing operations,574,352,12301,3288,-4689,-5853
Net income from discontinuing ops,,,-19,-10,-2,0
Other,,,135,0,0,
Net income,574,352,12417,3278,-4691,-5853
Net income available to common shareholders,574,352,12417,3278,-4691,-5853
Earnings per share
Basic,2.78,1.70,59.46,15.87,-22.71,-28.34
Diluted,2.78,1.70,59.46,15.87,-22.71,-28.34
Weighted average shares outstanding
Basic,207,207,207,207,207,207
Diluted,207,207,207,207,207,207
EBITDA,4395,4199,17060,3523,844,-326
