﻿CRISIL LTD  (500092) CashFlowFlag INCOME STATEMENT
Fiscal year ends in December. INR in millions except per share data.,2017-12,2018-12,2019-12,2020-12,2021-12,TTM
Revenue,16585,17485,17317,19818,23007,24004
Cost of revenue,7438,7847,7875,9651,11614,12119
Gross profit,9147,9638,9442,10167,11392,11885
Operating expenses
"Sales, General and administrative",1018,958,1057,1339,1507,1474
Other operating expenses,3882,4365,3938,4616,4700,4759
Total operating expenses,4900,5323,4995,5955,6207,6233
Operating income,4247,4315,4447,4212,5185,5652
Interest Expense,4,13,2,144,89,82
Other income (expense),93,694,471,515,1088,1202
Income before taxes,4336,4996,4916,4583,6184,6772
Provision for income taxes,1292,1365,1476,1036,1526,1733
Net income from continuing operations,3044,3631,3440,3547,4658,5039
Net income,3044,3631,3440,3547,4658,5039
Net income available to common shareholders,3044,3631,3440,3547,4658,5039
Earnings per share
Basic,42.58,50.50,47.61,48.93,64.03,69.21
Diluted,42.32,50.33,47.55,48.90,63.96,69.13
Weighted average shares outstanding
Basic,71,72,72,72,73,73
Diluted,72,72,72,73,73,73
EBITDA,4807,5437,5287,5938,7334,7888
