﻿ORIENTAL AROMATICS LTD  (500078) CashFlowFlag BALANCE SHEET
Fiscal year ends in March. INR in millions except per share data.,2017-03,2018-03,2019-03,2020-03,2021-03
Assets
Current assets
Cash
Cash and cash equivalents,32,46,44,194,182
Total cash,32,46,44,194,182
Receivables,786,1344,1600,1514,1885
Inventories,704,1328,2029,1623,2276
Prepaid expenses,,125,93,110,164
Other current assets,173,325,431,186,267
Total current assets,1695,3168,4198,3627,4775
Non-current assets
"Property, plant and equipment"
"Gross property, plant and equipment",1975,2182,2288,2394,2736
Accumulated Depreciation,-650,-199,-336,-482,-628
"Net property, plant and equipment",1325,1983,1952,1912,2108
Goodwill,,450,450,450,450
Intangible assets,123,90,58,24,2
Deferred income taxes,,0,,,
Other long-term assets,66,37,68,70,115
Total non-current assets,1515,2561,2528,2456,2675
Total assets,3210,5729,6725,6083,7450
Liabilities and stockholders' equity
Liabilities
Current liabilities
Short-term debt,573,1107,1710,492,779
Capital leases,,,,5,6
Accounts payable,188,612,535,556,709
Taxes payable,,39,,,
Other current liabilities,112,104,101,86,90
Total current liabilities,873,1862,2346,1140,1584
Non-current liabilities
Long-term debt,306,212,118,15,
Capital leases,,,,8,2
Deferred taxes liabilities,203,248,342,260,266
Pensions and other benefits,,,,18,25
Other long-term liabilities,30,31,,,
Total non-current liabilities,539,491,460,302,293
Total liabilities,1411,2353,2806,1442,1877
Stockholders' equity
Common stock,51,84,168,168,168
Additional paid-in capital,,74,,,
Retained earnings,1267,2755,3315,4035,4971
Accumulated other comprehensive income,480,463,436,438,434
Total stockholders' equity,1798,3376,3919,4641,5573
Total liabilities and stockholders' equity,3210,5729,6725,6083,7450
