﻿BASF INDIA LTD  (500042) CashFlowFlag INCOME STATEMENT
Fiscal year ends in March. INR in millions except per share data.,2018-03,2019-03,2020-03,2021-03,2022-03,TTM
Revenue,55397,59988,75294,95432,130822,130822
Cost of revenue,41040,46385,61795,78321,108599,108599
Gross profit,14357,13602,13500,17111,22223,22223
Operating expenses
"Sales, General and administrative",2444,2667,2462,2825,,
"Restructuring, merger and acquisition",,,,215,-126,-126
Other operating expenses,9778,10877,9590,8750,14940,14940
Total operating expenses,12221,13544,12053,11790,14815,14815
Operating income,2136,58,1447,5321,7408,7408
Interest Expense,898,1655,959,337,175,175
Other income (expense),1373,2316,-442,3416,366,366
Income before taxes,2610,719,46,8400,7599,7599
Provision for income taxes,145,-99,-139,2874,1651,1651
Net income from continuing operations,2465,817,185,5526,5948,5948
Net income,2465,817,185,5526,5948,5948
Net income available to common shareholders,2465,817,185,5526,5948,5948
Earnings per share
Basic,56.90,18.90,4.30,127.70,137.40,137.40
Diluted,56.90,18.90,4.30,127.70,137.40,137.40
Weighted average shares outstanding
Basic,43,43,43,43,43,43
Diluted,43,43,43,43,43,43
EBITDA,5043,3845,2806,10476,9480,9480
