﻿BPL LTD  (500074) Statement of  CASH FLOW
Fiscal year ends in March. INR in millions except per share data.,2017-03,2018-03,2019-03,2020-03,2021-03,TTM
Cash Flows From Operating Activities
Net income,534,226,37,-174,-5,21
Depreciation & amortization,6,5,4,8,17,17
Investments losses (gains),,-131,-8,-13,-0,
Change in working capital,-617,-77,-113,240,-20,-28
Inventory,-148,55,2,62,19,-20
Other working capital,-469,-132,-115,178,-39,-8
Other non-cash items,-521,14,14,24,25,26
Net cash provided by operating activities,-598,37,-65,84,16,36
Cash Flows From Investing Activities
"Investments in property, plant, and equipment",,-5,-47,-130,-1,-0
"Property, plant, and equipment reductions",562,150,5,13,0,
Sales/Maturities of investments,,5,4,2,0,
Other investing activities,4,,,0,,0
Net cash used for investing activities,566,150,-37,-115,-0,0
Cash Flows From Financing Activities
Debt issued,196,,30,26,7,-9
Debt repayment,-21,-177,,,,
Dividend paid,-0,-0,-0,,,
Other financing activities,-34,-18,-18,-23,-20,-22
Net cash provided by (used for) financing activities,141,-195,12,3,-13,-31
Net change in cash,109,-8,-91,-27,3,5
Cash at beginning of period,27,134,125,39,11,8
Cash at end of period,136,125,34,11,14,13
Free Cash Flow
Operating cash flow,-598,37,-65,84,16,36
Capital expenditure,,-5,-47,-130,-1,-0
Free cash flow,-598,32,-112,-46,16,36
