﻿DIC INDIA LTD  (500089) CashFlowFlag BALANCE SHEET
Fiscal year ends in December. INR in millions except per share data.,2017-12,2018-12,2019-12,2020-12,2021-12
Assets
Current assets
Cash
Cash and cash equivalents,342,148,149,331,728
Short-term investments,,165,1,590,
Total cash,342,313,150,921,728
Receivables,6,2450,2008,1819,2334
Inventories,1217,1394,985,1026,1493
Prepaid expenses,,114,91,84,81
Other current assets,2631,811,481,258,365
Total current assets,4196,5082,3714,4108,5001
Non-current assets
"Property, plant and equipment"
"Gross property, plant and equipment",2084,996,1096,1399,1554
Accumulated Depreciation,-1472,-396,-490,-599,-707
"Net property, plant and equipment",613,600,606,800,847
Intangible assets,2,188,188,2,2
Deferred income taxes,46,,73,76,75
Other long-term assets,62,150,108,303,186
Total non-current assets,723,939,974,1182,1110
Total assets,4918,6021,4689,5291,6111
Liabilities and stockholders' equity
Liabilities
Current liabilities
Short-term debt,350,507,351,,
Capital leases,,,,23,23
Accounts payable,1117,1922,1108,1119,1893
Deferred income taxes,,,12,74,17
Other current liabilities,513,756,197,202,230
Total current liabilities,1980,3185,1668,1417,2163
Non-current liabilities
Capital leases,,,,34,32
Pensions and other benefits,41,37,41,,
Other long-term liabilities,,,,45,57
Total non-current liabilities,41,37,41,80,88
Total liabilities,2021,3222,1709,1497,2251
Stockholders' equity
Common stock,92,92,92,92,92
Additional paid-in capital,655,655,655,655,655
Retained earnings,1495,1396,1577,2391,2457
Accumulated other comprehensive income,656,656,656,656,656
Total stockholders' equity,2898,2799,2979,3794,3859
Total liabilities and stockholders' equity,4918,6021,4689,5291,6111
