﻿ANSAL PROPERTIES & INFRASTRUCTURE LTD  (500013) CashFlowFlag BALANCE SHEET
Fiscal year ends in March. INR in millions except per share data.,2017-03,2018-03,2019-03,2020-03,2021-03
Assets
Current assets
Cash
Cash and cash equivalents,430,279,222,156,322
Short-term investments,6148,40,51,0,0
Total cash,6578,319,273,157,323
Receivables,7372,5793,2434,1211,2027
Inventories,47059,42122,62215,55146,52528
Deferred income taxes,101,,,,
Prepaid expenses,,5193,5150,5854,5047
Other current assets,7338,7763,1368,1005,974
Total current assets,68448,61190,71440,63372,60898
Non-current assets
"Property, plant and equipment"
"Gross property, plant and equipment",6207,8455,8634,8104,8045
Accumulated Depreciation,-845,-1014,-1209,-1394,-1609
"Net property, plant and equipment",5362,7441,7426,6709,6436
Goodwill,,2229,2369,1659,1659
Intangible assets,2780,2,1,1,1
Deferred income taxes,,277,490,369,592
Other long-term assets,4595,3271,2408,2795,2843
Total non-current assets,12738,13219,12694,11533,11531
Total assets,81186,74409,84134,74904,72430
Liabilities and stockholders' equity
Liabilities
Current liabilities
Short-term debt,2804,7581,9693,7588,7346
Capital leases,,,,9,6
Accounts payable,6073,6068,6593,5165,10491
Taxes payable,,570,508,661,580
Other current liabilities,41196,32178,55173,56669,51113
Total current liabilities,50073,46397,71967,70092,69536
Non-current liabilities
Long-term debt,10589,9034,7575,2813,2017
Capital leases,,,,19,1
Deferred taxes liabilities,26,,,,
Deferred revenues,,993,479,735,659
Minority interest,1396,1361,669,378,303
Other long-term liabilities,2994,1171,1484,2009,1681
Total non-current liabilities,15005,12560,10207,5955,4661
Total liabilities,65078,58957,82174,76047,74197
Stockholders' equity
Common stock,787,787,787,787,787
Additional paid-in capital,,10353,10353,10284,10284
Retained earnings,,452,-13377,-15046,-15678
Accumulated other comprehensive income,15320,3860,4197,2832,2839
Total stockholders' equity,16107,15452,1960,-1142,-1767
Total liabilities and stockholders' equity,81186,74409,84134,74904,72430
