﻿BPL LTD  (500074) CashFlowFlag BALANCE SHEET
Fiscal year ends in March. INR in millions except per share data.,2017-03,2018-03,2019-03,2020-03,2021-03
Assets
Current assets
Cash
Cash and cash equivalents,136,0,0,0,0
Short-term investments,,125,34,11,15
Total cash,136,125,34,11,15
Receivables,1215,94,194,98,157
Inventories,196,141,139,77,58
Prepaid expenses,,28,28,29,27
Other current assets,1097,1144,1196,1150,1122
Total current assets,2643,1533,1592,1366,1378
Non-current assets
"Property, plant and equipment"
"Gross property, plant and equipment",693,455,500,630,630
Accumulated Depreciation,-594,-400,-403,-410,-426
"Net property, plant and equipment",98,56,97,220,204
Intangible assets,0,0,0,0,0
Deferred income taxes,462,310,282,493,284
Other long-term assets,229,1702,1702,1683,1685
Total non-current assets,790,2067,2081,2397,2173
Total assets,3433,3600,3673,3762,3551
Liabilities and stockholders' equity
Liabilities
Current liabilities
Short-term debt,196,63,93,93,102
Accounts payable,131,129,156,141,171
Other current liabilities,126,1749,1748,1784,1749
Total current liabilities,453,1941,1997,2018,2021
Non-current liabilities
Long-term debt,44,,,27,24
Other long-term liabilities,14,10,18,24,18
Total non-current liabilities,57,10,18,50,43
Total liabilities,511,1951,2015,2068,2064
Stockholders' equity
Preferred stock,1696,,,,
Common stock,489,489,489,489,489
Additional paid-in capital,533,533,533,533,533
Retained earnings,204,278,287,327,117
Accumulated other comprehensive income,0,348,349,349,349
Total stockholders' equity,2923,1649,1658,1698,1487
Total liabilities and stockholders' equity,3433,3600,3673,3766,3551
