﻿ATV PROJECTS INDIA LTD  (500028) Statement of  CASH FLOW
Fiscal year ends in March. INR in millions except per share data.,2017-03,2018-03,2019-03,2020-03,2021-03,TTM
Cash Flows From Operating Activities
Net income,1513,384,-36,28,74,82
Depreciation & amortization,7,6,10,9,9,9
Change in working capital,-158,224,64,53,-84,-55
Inventory,-17,-16,-93,4,5,-43
Other working capital,-141,239,157,49,-89,-12
Other non-cash items,-1409,-408,-1,-0,-47,-91
Net cash provided by operating activities,-47,206,37,90,-48,-55
Cash Flows From Investing Activities
"Investments in property, plant, and equipment",-0,-65,-14,-2,-11,-8
"Property, plant, and equipment reductions",77,395,,,45,
Other investing activities,7,2,1,1,3,132
Net cash used for investing activities,83,333,-13,-1,37,124
Cash Flows From Financing Activities
Debt issued,32,,,,,
Debt repayment,-68,-497,-68,-76,-1,
Other financing activities,,,-0,-0,-0,-78
Net cash provided by (used for) financing activities,-35,-497,-68,-77,-1,-78
Net change in cash,1,42,-44,13,-12,-9
Cash at beginning of period,8,9,51,7,19,15
Cash at end of period,9,51,7,19,8,6
Free Cash Flow
Operating cash flow,-47,206,37,90,-48,-55
Capital expenditure,-0,-65,-14,-2,-11,-8
Free cash flow,-47,141,23,89,-59,-63
