﻿CG POWER & INDUSTRIAL SOLUTIONS LTD  (500093) Statement of  CASH FLOW
Fiscal year ends in March. INR in millions except per share data.,2018-03,2019-03,2020-03,2021-03,2022-03,TTM
Cash Flows From Operating Activities
Net income,-3185,-4590,-22784,14272,10357,10357
Depreciation & amortization,1492,2252,2115,1383,1012,1012
Investments losses (gains),662,78,-1,-1,-7,-7
Stock based compensation,,,,,18,18
Change in working capital,5374,4413,5924,-5008,-2357,-2357
Inventory,2861,336,2922,-856,-841,-841
Other working capital,2513,4078,3001,-4151,-1516,-1516
Other non-cash items,-7944,5954,21562,-13068,-4178,-4178
Net cash provided by operating activities,-3601,8109,6816,-2422,4846,4846
Cash Flows From Investing Activities
"Investments in property, plant, and equipment",-1928,-1354,-518,-177,-734,-734
"Property, plant, and equipment reductions",9,63,92,26,32,32
"Acquisitions, net",2006,-858,,3,,
Purchases of investments,,,,,-980,-980
Sales/Maturities of investments,324,,,,13,13
Other investing activities,3062,-5300,-644,-335,3938,3938
Net cash used for investing activities,3473,-7449,-1070,-483,2269,2269
Cash Flows From Financing Activities
Debt issued,13674,18821,3072,6746,811,811
Debt repayment,-9835,-17777,-7042,-7280,-7375,-7375
Common stock issued,,,,6644,574,574
Dividend paid,-3,,,,,
Other financing activities,-4248,-3173,-1306,-211,-2014,-2014
Net cash provided by (used for) financing activities,-412,-2129,-5276,5899,-8004,-8004
Net change in cash,-541,-1469,470,2994,-890,-890
Cash at beginning of period,8379,3815,2346,1920,4888,4888
Cash at end of period,7838,2346,2815,4914,3998,3998
Free Cash Flow
Operating cash flow,-3601,8109,6816,-2422,4846,4846
Capital expenditure,-1928,-1354,-518,-177,-734,-734
Free cash flow,-5530,6755,6298,-2599,4112,4112
