﻿CG POWER & INDUSTRIAL SOLUTIONS LTD  (500093) CashFlowFlag BALANCE SHEET
Fiscal year ends in March. INR in millions except per share data.,2018-03,2019-03,2020-03,2021-03,2022-03
Assets
Current assets
Cash
Cash and cash equivalents,6488,1961,1830,4859,3976
Short-term investments,0,157,28,320,2705
Total cash,6488,2117,1858,5178,6681
Receivables,21186,19148,5222,5870,9437
Inventories,5876,11928,3843,4283,5124
Prepaid expenses,3538,1323,1301,998,
Other current assets,34486,7879,9476,8215,3258
Total current assets,71575,42396,21701,24543,24499
Non-current assets
"Property, plant and equipment"
"Gross property, plant and equipment",24082,25571,18155,14463,8967
Accumulated Depreciation,-9880,-7408,-5744,-5200,
"Net property, plant and equipment",14201,18162,12410,9263,8967
Goodwill,1674,1409,1502,1557,1524
Intangible assets,1945,1857,1265,857,676
Deferred income taxes,277,253,145,7380,6257
Other long-term assets,1522,39282,30035,423,336
Total non-current assets,19619,60963,45357,19479,17760
Total assets,91194,103359,67058,44022,42259
Liabilities and stockholders' equity
Liabilities
Current liabilities
Short-term debt,10430,18500,20073,6287,447
Capital leases,,,100,91,79
Accounts payable,14237,23140,13056,10345,11486
Other current liabilities,29979,19176,24476,19268,16572
Total current liabilities,54646,60816,57705,35991,28584
Non-current liabilities
Long-term debt,8372,17345,9259,8359,3075
Capital leases,,57,159,106,69
Deferred taxes liabilities,357,2388,566,47,38
Minority interest,64,548,155,4,
Other long-term liabilities,677,899,406,357,454
Total non-current liabilities,9471,21237,10546,8873,3636
Total liabilities,64117,82053,68250,44864,32220
Stockholders' equity
Common stock,1254,1254,1254,2676,2884
Additional paid-in capital,312,312,312,5159,
Retained earnings,15831,11514,-8278,-15296,
Accumulated other comprehensive income,9680,8226,5520,6614,7155
Total stockholders' equity,27077,21306,-1192,-847,10039
Total liabilities and stockholders' equity,91194,103359,67058,44017,42259
