﻿ASIAN HOTELS (NORTH) LTD  (500023) CashFlowFlag BALANCE SHEET
Fiscal year ends in March. INR in millions except per share data.,2017-03,2018-03,2019-03,2020-03,2021-03
Assets
Current assets
Cash
Cash and cash equivalents,116,87,52,20,11
Short-term investments,36,16,16,1,1
Total cash,151,103,68,21,12
Receivables,109,120,167,128,154
Inventories,95,116,113,103,58
Prepaid expenses,,61,55,49,44
Other current assets,209,293,361,367,36
Total current assets,564,693,763,668,304
Non-current assets
"Property, plant and equipment"
"Gross property, plant and equipment",16678,16873,17133,17168,21011
Accumulated Depreciation,-1645,-1818,-1991,-2128,-1777
"Net property, plant and equipment",15033,15055,15142,15041,19234
Goodwill,,4952,5009,5014,
Intangible assets,4932,,,,
Deferred income taxes,107,188,278,386,386
Other long-term assets,262,188,228,221,109
Total non-current assets,20335,20383,20657,20662,19729
Total assets,20899,21077,21420,21330,20033
Liabilities and stockholders' equity
Liabilities
Current liabilities
Short-term debt,1243,1520,1971,2516,2640
Accounts payable,427,485,634,834,944
Other current liabilities,832,1114,1220,1353,1508
Total current liabilities,2501,3119,3824,4703,5092
Non-current liabilities
Long-term debt,10300,9888,9862,9603,10009
Deferred revenues,,213,213,213,202
Pensions and other benefits,44,44,46,42,34
Minority interest,244,242,254,275,260
Other long-term liabilities,408,183,182,191,153
Total non-current liabilities,10996,10570,10558,10323,10658
Total liabilities,13498,13689,14381,15026,15749
Stockholders' equity
Common stock,195,195,195,195,195
Additional paid-in capital,3398,3398,3398,3398,3398
Retained earnings,536,2407,2050,1459,-5483
Accumulated other comprehensive income,3272,1388,1395,1251,6174
Total stockholders' equity,7401,7387,7039,6304,4284
Total liabilities and stockholders' equity,20899,21077,21420,21330,20033
