﻿BEML LTD  (500048) CashFlowFlag BALANCE SHEET
Fiscal year ends in March. INR in millions except per share data.,2017-03,2018-03,2019-03,2020-03,2021-03
Assets
Current assets
Cash
Cash and cash equivalents,145,28,224,273,45
Total cash,145,28,224,273,45
Receivables,14310,16423,16140,15104,18845
Inventories,19794,18072,17095,20077,19753
Prepaid expenses,1278,922,1234,1326,2014
Other current assets,2818,2106,7055,4846,7867
Total current assets,38346,37550,41748,41626,48524
Non-current assets
"Property, plant and equipment"
"Gross property, plant and equipment",7074,7615,8183,8638,9051
Accumulated Depreciation,-970,-1509,-2087,-2703,-3300
"Net property, plant and equipment",6104,6107,6095,5935,5751
Intangible assets,524,520,468,428,395
Deferred income taxes,1113,1385,1179,2084,1972
Other long-term assets,1126,1293,633,644,695
Total non-current assets,8867,9305,8376,9091,8815
Total assets,47213,46855,50124,50718,57338
Liabilities and stockholders' equity
Liabilities
Current liabilities
Short-term debt,1270,1418,1007,1396,6433
Capital leases,,,,,8
Accounts payable,5012,5401,7670,6647,7418
Deferred income taxes,,,397,,15
Taxes payable,131,157,,,
Other current liabilities,10697,9820,11049,6428,7021
Total current liabilities,17109,16796,20123,14471,20896
Non-current liabilities
Long-term debt,3105,3045,3030,2015,1000
Capital leases,,,,,75
Deferred revenues,3421,3335,3336,9837,11144
Pensions and other benefits,3,3,3,3,3
Minority interest,2,2,2,0,-2
Other long-term liabilities,1750,1664,1757,1863,2077
Total non-current liabilities,8280,8048,8128,13719,14299
Total liabilities,25389,24844,28250,28190,35194
Stockholders' equity
Common stock,418,418,418,418,418
Additional paid-in capital,,,6871,6871,6621
Retained earnings,,,3741,4830,5450
Accumulated other comprehensive income,21406,21593,10843,10409,9655
Total stockholders' equity,21824,22011,21874,22528,22144
Total liabilities and stockholders' equity,47213,46855,50124,50718,57338
