﻿BHANSALI ENGINEERING POLYMERS LTD  (500052) Statement of  CASH FLOW
Fiscal year ends in March. INR in millions except per share data.,2018-03,2019-03,2020-03,2021-03,2022-03,TTM
Cash Flows From Operating Activities
Net income,1543,774,826,4460,4721,4721
Depreciation & amortization,61,73,95,102,100,100
Investments losses (gains),-0,-2,-11,,-1,-1
Change in working capital,781,76,203,-2524,-479,-479
Inventory,592,-201,-1082,955,-846,-846
Other working capital,189,277,1285,-3479,367,367
Other non-cash items,-465,-386,-232,-1163,-1363,-1363
Net cash provided by operating activities,1920,535,881,875,2978,2978
Cash Flows From Investing Activities
"Investments in property, plant, and equipment",-283,-366,-165,,-135,-135
"Property, plant, and equipment reductions",2,2,0,1,,
"Acquisitions, net",,,,,5,5
Purchases of investments,,,,,-1073,-1073
Sales/Maturities of investments,,2,,,,
Other investing activities,120,30,-264,-49,-1799,-1799
Net cash used for investing activities,-161,-331,-429,-48,-3002,-3002
Cash Flows From Financing Activities
Dividend paid,-40,-60,-100,-83,-498,-498
Other financing activities,-1448,-226,-1,-6,,
Net cash provided by (used for) financing activities,-1488,-286,-101,-89,-498,-498
Net change in cash,271,-83,351,738,-522,-522
Cash at beginning of period,18,288,205,557,1295,1295
Cash at end of period,288,205,557,1295,773,773
Free Cash Flow
Operating cash flow,1920,535,881,875,2978,2978
Capital expenditure,-283,-366,-165,,-135,-135
Free cash flow,1637,169,716,875,2843,2843
