﻿BLUE STAR LTD  (500067) CashFlowFlag BALANCE SHEET
Fiscal year ends in March. INR in millions except per share data.,2018-03,2019-03,2020-03,2021-03,2022-03
Assets
Current assets
Cash
Cash and cash equivalents,782,839,2862,3279,2656
Short-term investments,121,,,2791,1680
Total cash,903,839,2862,6070,4336
Receivables,11004,11120,8377,8110,11897
Inventories,8331,8693,8698,8824,11442
Prepaid expenses,2190,1641,1653,1309,
Other current assets,2900,4312,4923,4282,7158
Total current assets,25328,26606,26512,28596,34834
Non-current assets
"Property, plant and equipment"
"Gross property, plant and equipment",3730,4361,5746,6283,5252
Accumulated Depreciation,-806,-1239,-1886,-2409,
"Net property, plant and equipment",2924,3122,3860,3874,5252
Intangible assets,631,608,624,557,489
Deferred income taxes,940,1076,818,475,276
Other long-term assets,2009,2098,2579,1993,2276
Total non-current assets,6503,6904,7880,6899,8292
Total assets,31831,33510,34393,35494,43126
Liabilities and stockholders' equity
Liabilities
Current liabilities
Short-term debt,3505,3389,4127,1055,2363
Capital leases,,,212,241,240
Accounts payable,15474,15346,15824,16049,20417
Taxes payable,,10,14,6,99
Other current liabilities,4070,5744,5280,5263,6574
Total current liabilities,23049,24489,25457,22614,29692
Non-current liabilities
Long-term debt,259,86,477,3493,2416
Capital leases,,,385,312,519
Deferred revenues,30,64,94,88,70
Minority interest,15,18,23,27,30
Other long-term liabilities,166,121,133,108,225
Total non-current liabilities,470,290,1112,4028,3259
Total liabilities,23518,24779,26569,26643,32951
Stockholders' equity
Common stock,192,193,193,193,193
Additional paid-in capital,1996,2125,2125,2125,
Retained earnings,4207,4447,3496,4540,
Accumulated other comprehensive income,1918,1966,2010,1994,9983
Total stockholders' equity,8313,8731,7824,8852,10176
Total liabilities and stockholders' equity,31831,33510,34393,35494,43126
