﻿BASF INDIA LTD  (500042) CashFlowFlag BALANCE SHEET
Fiscal year ends in March. INR in millions except per share data.,2018-03,2019-03,2020-03,2021-03,2022-03
Assets
Current assets
Cash
Cash and cash equivalents,81,128,805,1726,1256
Short-term investments,,,,0,371
Total cash,81,128,805,1726,1627
Receivables,10924,10407,13669,20592,26213
Inventories,10192,12126,14962,15364,19426
Prepaid expenses,2952,2625,1569,2427,
Other current assets,960,815,2470,419,2419
Total current assets,25108,26101,33474,40528,49686
Non-current assets
"Property, plant and equipment"
"Gross property, plant and equipment",16330,15391,16093,16983,8573
Accumulated Depreciation,-4886,-5408,-6462,-8340,
"Net property, plant and equipment",11444,9983,9630,8643,8573
Intangible assets,4,9,8,60,58
Deferred income taxes,460,639,879,217,338
Other long-term assets,1448,1782,1898,1992,2444
Total non-current assets,13356,12413,12415,10913,11413
Total assets,38464,38515,45889,51441,61099
Liabilities and stockholders' equity
Liabilities
Current liabilities
Short-term debt,5470,6088,5158,1518,
Capital leases,,,436,432,468
Accounts payable,12739,12676,21435,26719,33157
Taxes payable,136,,,454,
Other current liabilities,2352,1899,1658,2834,2718
Total current liabilities,20697,20663,28687,31957,36343
Non-current liabilities
Long-term debt,3207,3034,1471,,
Capital leases,,,1152,904,747
Deferred revenues,164,100,56,46,
Pensions and other benefits,94,97,78,95,
Other long-term liabilities,863,491,584,577,648
Total non-current liabilities,4328,3723,3342,1622,1395
Total liabilities,25025,24386,32029,33580,37738
Stockholders' equity
Common stock,433,433,433,433,433
Additional paid-in capital,646,646,646,2203,
Retained earnings,1921,2606,2330,7621,
Accumulated other comprehensive income,10439,10444,10451,7605,22928
Total stockholders' equity,13439,14129,13860,17862,23361
Total liabilities and stockholders' equity,38464,38515,45889,51441,61099
