﻿BANNARI AMMAN SUGARS LTD  (500041) CashFlowFlag INCOME STATEMENT
Fiscal year ends in March. INR in millions except per share data.,2017-03,2018-03,2019-03,2020-03,2021-03,TTM
Revenue,17518,14808,11240,15533,15048,18494
Cost of revenue,12408,11266,7514,11634,11553,14779
Gross profit,5110,3542,3726,3899,3495,3715
Operating expenses
"Sales, General and administrative",238,230,175,210,160,
Other operating expenses,2062,1902,2403,2024,1886,2429
Total operating expenses,2299,2133,2578,2234,2046,2429
Operating income,2811,1409,1148,1665,1449,1286
Interest Expense,954,340,301,445,390,305
Other income (expense),12,55,81,40,86,55
Income before taxes,1869,1124,928,1260,1145,1036
Provision for income taxes,417,251,169,304,224,261
Net income from continuing operations,1452,873,759,956,921,776
Net income,1452,873,759,956,921,776
Net income available to common shareholders,1452,873,759,956,921,776
Earnings per share
Basic,125.25,69.60,60.56,76.27,73.48,61.85
Diluted,125.25,69.60,60.56,76.27,73.48,61.85
Weighted average shares outstanding
Basic,12,13,13,13,13,13
Diluted,12,13,13,13,13,13
EBITDA,3517,2160,1897,2355,2192,1963
