﻿EXIDE INDUSTRIES LTD  (500086) CashFlowFlag BALANCE SHEET
Fiscal year ends in March. INR in millions except per share data.,2018-03,2019-03,2020-03,2021-03,2022-03
Assets
Current assets
Cash
Cash and cash equivalents,3086,3409,3315,3424,1891
Short-term investments,10162,11620,10110,15454,7746
Total cash,13248,15029,13425,18878,9637
Receivables,10936,12450,10608,10762,10978
Inventories,20048,20653,24146,26369,28553
Prepaid expenses,2961,2694,1436,1784,
Other current assets,3699,3778,4485,4767,2044
Total current assets,50892,54605,54100,62559,51212
Non-current assets
"Property, plant and equipment"
"Gross property, plant and equipment",29276,36693,43217,50924,35626
Accumulated Depreciation,-6250,-9479,-13410,-17428,
"Net property, plant and equipment",23025,27214,29807,33496,35626
Goodwill,5819,5819,5819,5819,468
Intangible assets,383,766,908,981,928
Deferred income taxes,70,100,161,99,654
Other long-term assets,118033,135906,152882,183916,50218
Total non-current assets,147330,169805,189576,224312,87894
Total assets,198222,224410,243676,286871,139106
Liabilities and stockholders' equity
Liabilities
Current liabilities
Short-term debt,508,793,618,528,1269
Capital leases,,,243,291,90
Accounts payable,15194,15769,16056,23737,18463
Taxes payable,1277,1566,871,1486,
Other current liabilities,13563,15624,14728,22006,8356
Total current liabilities,30542,33751,32516,48048,28178
Non-current liabilities
Long-term debt,89,98,88,856,824
Capital leases,,,1016,3412,3013
Deferred taxes liabilities,1479,1824,1078,831,82
Deferred revenues,108986,123967,137933,154154,
Minority interest,181,330,469,462,402
Other long-term liabilities,2653,3371,5902,6386,770
Total non-current liabilities,113388,129590,146487,166100,5090
Total liabilities,143930,163341,179003,214148,33269
Stockholders' equity
Common stock,850,850,850,850,850
Additional paid-in capital,7387,7387,7387,7387,
Retained earnings,45004,51187,53837,60176,
Accumulated other comprehensive income,1051,1644,2600,4310,104987
Total stockholders' equity,54292,61069,64673,72723,105837
Total liabilities and stockholders' equity,198222,224410,243676,286871,139106
