﻿ANSAL PROPERTIES & INFRASTRUCTURE LTD  (500013) CashFlowFlag INCOME STATEMENT
Fiscal year ends in March. INR in millions except per share data.,2017-03,2018-03,2019-03,2020-03,2021-03,TTM
Revenue,8357,6641,8062,11119,8417,7156
Cost of revenue,5763,5186,5050,7649,5618,4656
Gross profit,2594,1455,3011,3470,2799,2500
Operating expenses
"Sales, General and administrative",162,202,170,325,225,
Other operating expenses,1617,1548,2376,3536,2800,3371
Total operating expenses,1779,1749,2546,3861,3025,3371
Operating income,815,-294,466,-391,-226,-871
Interest Expense,3217,2378,2339,1829,1470,1140
Other income (expense),2089,678,556,-317,810,800
Income before taxes,-313,-1994,-1317,-2536,-886,-1211
Provision for income taxes,81,-277,85,75,-228,-278
Other income,,,,,,-2
Net income from continuing operations,-394,-1717,-1402,-2612,-658,-935
Other,187,320,,,,124
Net income,-207,-1397,-1402,-2612,-658,-812
Net income available to common shareholders,-207,-1397,-1402,-2612,-658,-812
Earnings per share
Basic,-1.32,-8.87,-8.91,-16.59,-4.18,-5.15
Diluted,-1.32,-8.87,-8.91,-16.59,-4.18,-5.15
Weighted average shares outstanding
Basic,157,157,157,157,157,157
Diluted,157,157,157,157,157,157
EBITDA,3067,621,1249,-448,817,147
