﻿CENTURY TEXTILES & INDUSTRIES LTD  (500040) Statement of  CASH FLOW
Fiscal year ends in March. INR in millions except per share data.,2018-03,2019-03,2020-03,2021-03,2022-03,TTM
Cash Flows From Operating Activities
Net income,5897,10256,2573,-450,2153,2153
Depreciation & amortization,3179,2635,2286,2311,2307,2307
Investments losses (gains),-49,-42,-28,-33,-33,-33
Change in working capital,10749,102,-4410,2015,-4036,-4036
Inventory,860,419,-3897,-937,-7907,-7907
Other working capital,9890,-316,-513,2952,3871,3871
Other non-cash items,2315,276,-649,1820,-902,-902
Net cash provided by operating activities,22090,13226,-228,5664,-511,-511
Cash Flows From Investing Activities
"Investments in property, plant, and equipment",-1702,-1981,-2076,-879,-1284,-1284
"Property, plant, and equipment reductions",176,71,50,30,27,27
"Acquisitions, net",,,,,342,342
Purchases of investments,,,,-445,-983,-983
Sales/Maturities of investments,,,,21,,
Other investing activities,-423,-327,-384,356,136,136
Net cash used for investing activities,-1949,-2237,-2410,-916,-1762,-1762
Cash Flows From Financing Activities
Debt issued,7960,,6225,4662,3765,3765
Debt repayment,-20642,-4862,-1082,-7713,-4009,-4009
Dividend paid,-614,-726,-838,-337,-115,-115
Other financing activities,-4656,-8016,-389,-1320,2426,2426
Net cash provided by (used for) financing activities,-17952,-13604,3916,-4709,2068,2068
Net change in cash,2190,-2615,1278,39,-206,-206
Cash at beginning of period,-415,1775,-874,404,442,442
Cash at end of period,1775,-840,404,442,237,237
Free Cash Flow
Operating cash flow,22090,13226,-228,5664,-511,-511
Capital expenditure,-1702,-1981,-2076,-879,-1284,-1284
Free cash flow,20388,11245,-2305,4785,-1796,-1796
