﻿IFCI LTD  (500106) CashFlowFlag INCOME STATEMENT
Fiscal year ends in March. INR in millions except per share data.,2017-03,2018-03,2019-03,2020-03,2021-03,TTM
Revenue,11319,10923,8790,10467,8735,-313
Gross profit,11319,10923,8790,10467,8735,-313
Operating expenses
"Sales, General and administrative",1099,1183,934,1322,1262,
Other operating expenses,7569,5355,6045,6207,5526,6744
Total operating expenses,8668,6538,6979,7529,6789,6744
Operating income,2652,4385,1811,2938,1946,-7057
Interest Expense,23750,21074,18027,14513,11472,10053
Other income (expense),15008,-515,9260,10632,-11322,-6652
Income before taxes,-6090,-17203,-6956,-942,-20848,-23762
Provision for income taxes,-2847,-7488,-2196,1290,-1732,2948
Net income from continuing operations,-3243,-9715,-4760,-2232,-19116,-26710
Extraordinary items,160,15,,,,
Other,-372,-320,-127,-72,-299,-758
Net income,-3775,-10050,-4887,-2304,-19415,-27468
Preferred dividend,3,2,,,,
Net income available to common shareholders,-3778,-10053,-4887,-2304,-19415,-27468
Earnings per share
Basic,-2.27,-6.05,-2.88,-1.36,-10.24,-13.78
Diluted,-2.27,-6.05,-2.88,-1.36,-10.24,-13.78
Weighted average shares outstanding
Basic,1662,1662,1696,1696,1896,2004
Diluted,1662,1662,1696,1696,1896,2004
