﻿STEEL AUTHORITY OF INDIA LTD  (500113) Statement of  CASH FLOW
Fiscal year ends in March. INR in millions except per share data.,2017-03,2018-03,2019-03,2020-03,2021-03,TTM
Cash Flows From Operating Activities
Net income,-47157,-5266,35492,33016,72056,194827
Depreciation & amortization,26816,30660,33853,37557,41028,42214
Investments losses (gains),-11,-18,-17,-35,-79,
Change in working capital,17457,11183,-26646,-106582,100643,78571
Inventory,-11008,-14059,-26479,-45113,41215,-876
Other working capital,28466,25242,-167,-61469,59428,79446
Other non-cash items,24495,25274,29469,29867,20656,13791
Net cash provided by operating activities,21601,61831,72152,-6177,234304,329403
Cash Flows From Investing Activities
"Investments in property, plant, and equipment",-54543,-67576,-39812,-47544,-36727,-41237
"Property, plant, and equipment reductions",275,1531,1007,3731,1430,1810
Purchases of investments,-378,-134,,-324,-236,
Sales/Maturities of investments,16,1266,559,67,80,-314
Other investing activities,-38,-79,1300,1464,1326,930
Net cash used for investing activities,-54668,-64992,-36945,-42605,-34127,-38810
Cash Flows From Financing Activities
Debt issued,58300,106897,13744,89074,,
Debt repayment,,,,,-163350,-235004
Dividend paid,,,,-2504,-4130,
Other financing activities,-25278,-104203,-49235,-36538,-29419,-50392
Net cash provided by (used for) financing activities,33021,2694,-35491,50032,-196899,-285396
Net change in cash,-45,-466,-284,1250,3277,5197
Cash at beginning of period,1452,1406,940,656,1905,1156
Cash at end of period,1406,940,656,1905,5183,6353
Free Cash Flow
Operating cash flow,21601,61831,72152,-6177,234304,329403
Capital expenditure,-54543,-67576,-39812,-47544,-36727,-41237
Free cash flow,-32942,-5745,32340,-53720,197577,288166
