﻿DR REDDY'S LABORATORIES LTD  (500124) CashFlowFlag BALANCE SHEET
Fiscal year ends in March. INR in millions except per share data.,2017-03,2018-03,2019-03,2020-03,2021-03
Assets
Current assets
Cash
Cash and cash equivalents,3866,2638,2228,2053,14829
Short-term investments,14270,18330,22529,23687,19744
Total cash,18136,20968,24757,25740,34573
Receivables,38065,40617,39869,50278,49641
Inventories,28529,29089,33579,35066,45412
Prepaid expenses,712,761,951,950,1141
Other current assets,14933,18210,15345,18336,17482
Total current assets,100375,109645,114501,130370,148249
Non-current assets
"Property, plant and equipment"
"Gross property, plant and equipment",100140,108114,109648,115643,127669
Accumulated Depreciation,-42980,-50245,-55560,-63311,-70558
"Net property, plant and equipment",57160,57869,54088,52332,57111
Equity and other investments,6840,4653,3342,3091,8333
Goodwill,3752,3945,3902,3994,4568
Intangible assets,44925,44665,44367,27659,35648
Deferred income taxes,5580,3628,4168,12214,10630
Other long-term assets,1189,1199,1059,2581,952
Total non-current assets,119446,115959,110926,101871,117242
Total assets,219821,225604,225427,232241,265491
Liabilities and stockholders' equity
Liabilities
Current liabilities
Short-term debt,43736,25625,16324,20315,23145
Capital leases,,,57,483,864
Accounts payable,,,10296,10745,12696
Taxes payable,1483,1530,181,573,1389
Accrued liabilities,13963,14861,15178,18025,17821
Deferred revenues,819,982,1351,1910,2033
Other current liabilities,24999,26694,16313,20763,25443
Total current liabilities,85000,69692,59700,72814,83391
Non-current liabilities
Long-term debt,4852,24459,21448,,3800
Capital leases,597,630,552,1304,2499
Deferred taxes liabilities,1204,730,610,275,338
Deferred revenues,3166,2697,2002,1956,1531
Other long-term liabilities,958,936,918,904,870
Total non-current liabilities,10777,29452,25530,4439,9038
Total liabilities,95777,99144,85230,77253,92429
Stockholders' equity
Common stock,829,830,830,831,832
Other Equity,,,,,1326
Additional paid-in capital,7359,7963,8384,8668,9060
Retained earnings,108224,113865,128646,144247,156023
Treasury stock,,,-535,-1006,-1967
Accumulated other comprehensive income,7632,3802,2872,2248,7788
Total stockholders' equity,124044,126460,140197,154988,173062
Total liabilities and stockholders' equity,219821,225604,225427,232241,265491
