﻿ELECTROSTEEL CASTINGS LTD  (500128) Statement of  CASH FLOW
Fiscal year ends in March. INR in millions except per share data.,2017-03,2018-03,2019-03,2020-03,2021-03,TTM
Cash Flows From Operating Activities
Net income,1326,645,-255,1145,-570,3746
Depreciation & amortization,669,624,585,571,912,1187
Investments losses (gains),-10,-50,-392,65,2315,-256
Change in working capital,877,2210,-4366,-1875,588,-5415
Inventory,-368,195,-1442,-1425,-801,-4872
Other working capital,1246,2015,-2924,-450,1389,-542
Other non-cash items,1244,1237,3966,2341,1403,1250
Net cash provided by operating activities,4107,4666,-462,2247,4648,512
Cash Flows From Investing Activities
"Investments in property, plant, and equipment",1076,-309,-579,-590,-1324,-2138
"Property, plant, and equipment reductions",,14,14,2,6,145
"Acquisitions, net",,,,0,,
Sales/Maturities of investments,,,,6,297,1968
Other investing activities,-251,-360,896,377,1952,2213
Net cash used for investing activities,825,-655,332,-204,931,2189
Cash Flows From Financing Activities
Debt issued,,,,600,2754,4205
Debt repayment,,,,-1208,-4074,-5899
Common stock issued,,,1400,500,,
Common stock repurchased,,,-2,,,
Dividend paid,-170,-178,-123,,-130,-108
Other financing activities,-3145,-5762,-1326,-2091,-2766,97
Net cash provided by (used for) financing activities,-3315,-5941,-52,-2199,-4216,-1705
Effect of exchange rate changes,-0,-1,1,0,-0,
Net change in cash,1617,-1931,-180,-156,1362,996
Cash at beginning of period,1245,2862,931,750,595,1175
Cash at end of period,2862,931,750,595,1957,2171
Free Cash Flow
Operating cash flow,4107,4666,-462,2247,4648,512
Capital expenditure,,-309,-579,-590,-1324,-2138
Free cash flow,4107,4357,-1040,1658,3324,-1625
