﻿EPL LTD ORDINARY SHARES  (500135) CashFlowFlag INCOME STATEMENT
Fiscal year ends in March. INR in millions except per share data.,2017-03,2018-03,2019-03,2020-03,2021-03,TTM
Revenue,22880,24122,26914,27464,30774,33486
Cost of revenue,11149,11478,12876,12754,14233,15920
Gross profit,11731,12643,14038,14710,16541,17566
Operating expenses
"Sales, General and administrative",922,1006,1120,1227,1591,
Other operating expenses,7947,8528,9681,10126,11101,14138
Total operating expenses,8868,9534,10800,11353,12692,14138
Operating income,2863,3110,3238,3357,3849,3428
Interest Expense,415,408,496,456,381,327
Other income (expense),296,-70,144,-148,-157,-82
Income before taxes,2743,2631,2886,2754,3311,3019
Provision for income taxes,787,889,932,638,868,723
Net income from continuing operations,1956,1742,1954,2116,2443,2296
Other,-53,-26,-29,-43,-52,-71
Net income,1903,1716,1925,2072,2391,2225
Net income available to common shareholders,1903,1716,1925,2072,2391,2225
Earnings per share
Basic,6.06,5.46,6.12,6.57,7.58,7.05
Diluted,6.03,5.45,6.11,6.57,7.57,7.03
Weighted average shares outstanding
Basic,314,314,315,315,316,316
Diluted,316,315,315,315,316,317
EBITDA,4573,4710,5243,5507,6038,5830
