﻿DIAMINES & CHEMICALS LTD  (500120) Statement of  CASH FLOW
Fiscal year ends in March. INR in millions except per share data.,2017-03,2018-03,2019-03,2020-03,2021-03,TTM
Cash Flows From Operating Activities
Net income,58,82,178,352,258,175
Depreciation & amortization,18,19,20,66,31,32
Investments losses (gains),-0,15,-0,,-6,-6
Change in working capital,-76,0,-33,-27,-48,24
Inventory,15,9,-26,23,-55,11
Other working capital,-91,-9,-7,-50,8,13
Other non-cash items,-2,-19,-41,-132,-82,-74
Net cash provided by operating activities,-2,98,125,260,154,151
Cash Flows From Investing Activities
"Investments in property, plant, and equipment",-105,-9,-26,-30,-113,-155
"Property, plant, and equipment reductions",103,75,0,1,,
"Acquisitions, net",99,,,-21,-7,-18
Sales/Maturities of investments,0,,,,,
Other investing activities,0,-94,-59,-80,-29,71
Net cash used for investing activities,97,-28,-85,-130,-149,-101
Cash Flows From Financing Activities
Debt repayment,-78,-45,,,,
Dividend paid,,-18,-65,-71,-39,-49
Other financing activities,-17,-3,19,-21,2,69
Net cash provided by (used for) financing activities,-96,-65,-46,-92,-37,20
Net change in cash,-0,5,-6,37,-32,70
Cash at beginning of period,1,1,6,0,37,15
Cash at end of period,1,6,0,37,5,85
Free Cash Flow
Operating cash flow,-2,98,125,260,154,151
Capital expenditure,-105,-9,-26,-30,-113,-155
Free cash flow,-107,89,99,229,41,-4
