﻿PROCTER & GAMBLE HEALTH LTD  (500126) Statement of  CASH FLOW
Fiscal year ends in June. INR in millions except per share data.,2016-12,2017-12,2018-12,2020-06,2021-06,TTM
Cash Flows From Operating Activities
Net income,1102,1522,11376,,2333,2035
Depreciation & amortization,276,264,250,,300,283
Investments losses (gains),-22,-198,-109,,,
Stock based compensation,,,,,19,30
Change in working capital,311,-478,-503,,526,-633
Inventory,-8,41,-280,,153,-351
Other working capital,319,-519,-223,,373,-281
Other non-cash items,-597,-573,-12318,,-705,-559
Net cash provided by operating activities,1070,537,-1304,,2473,1157
Cash Flows From Investing Activities
"Investments in property, plant, and equipment",-316,-303,-267,,-526,-341
"Property, plant, and equipment reductions",1,2,2,,,
"Acquisitions, net",,,10520,,,
Purchases of investments,-9311,-3775,-1057,,,
Sales/Maturities of investments,8718,3204,3197,,,
Other investing activities,158,395,302,,203,129
Net cash used for investing activities,-750,-476,12697,,-323,-212
Cash Flows From Financing Activities
Dividend paid,-124,-183,-249,,-3818,-2158
Other financing activities,-25,-37,-52,,-48,-49
Net cash provided by (used for) financing activities,-150,-220,-300,,-3866,-2207
Net change in cash,171,-160,11093,,-1716,-1263
Cash at beginning of period,92,263,103,,6357,3390
Cash at end of period,263,103,11196,,4640,2128
Free Cash Flow
Operating cash flow,1070,537,-1304,,2473,1157
Capital expenditure,-316,-303,-267,,-526,-341
Free cash flow,754,234,-1571,,1947,816
