﻿HMT LTD  (500191) CashFlowFlag INCOME STATEMENT
Fiscal year ends in March. INR in millions except per share data.,2017-03,2018-03,2019-03,2020-03,2021-03,TTM
Revenue,1954,1912,2626,2603,2039,1795
Cost of revenue,1140,920,991,1296,1239,1006
Gross profit,815,992,1635,1307,800,789
Operating expenses
"Sales, General and administrative",8,7,10,7,14,
Other operating expenses,2261,1932,1817,1668,1360,1250
Total operating expenses,2269,1938,1827,1675,1374,1250
Operating income,-1454,-946,-193,-368,-574,-461
Interest Expense,622,662,675,654,839,818
Other income (expense),398,423,518,363,333,250
Income before taxes,-1679,-1185,-350,-659,-1080,-1029
Provision for income taxes,-184,-1,5,12,43,43
Net income from continuing operations,-1495,-1183,-355,-671,-1123,-1072
Net income from discontinuing ops,-3945,-329,1909,2230,25,26
Other,0,0,-5,-0,0,0
Net income,-5440,-1512,1549,1559,-1098,-1047
Net income available to common shareholders,-5440,-1512,1549,1559,-1098,-1047
Earnings per share
Basic,-4.52,-1.26,-1.00,4.38,-3.09,-2.95
Diluted,-4.52,-1.26,-1.00,4.38,-3.09,-2.95
Weighted average shares outstanding
Basic,1204,1204,356,356,356,355
Diluted,1204,1204,356,356,356,355
EBITDA,-927,-400,438,108,-143,-116
