﻿PRAG BOSIMI SYNTHETICS LTD  (500192) CashFlowFlag INCOME STATEMENT
Fiscal year ends in March. INR in millions except per share data.,2017-03,2018-03,2019-03,2020-03,2021-03,TTM
Revenue,24,232,575,176,11,3
Cost of revenue,16,200,496,132,14,14
Gross profit,8,32,79,44,-3,-11
Operating expenses
"Sales, General and administrative",6,102,11,8,4,1
Other operating expenses,157,92,170,140,66,67
Total operating expenses,163,194,182,149,70,69
Operating income,-155,-162,-102,-105,-73,-79
Interest Expense,62,59,19,63,61,59
Other income (expense),32,8,9,10,12,12
Income before taxes,-184,-213,-113,-158,-122,-126
Provision for income taxes,,,,7,,
Net income from continuing operations,-184,-213,-113,-165,-122,-126
Net income,-184,-213,-113,-165,-122,-126
Net income available to common shareholders,-184,-213,-113,-165,-122,-126
Earnings per share
Basic,-2.48,-0.73,-1.48,-2.13,-1.60,-1.66
Diluted,-2.48,-0.73,-1.48,-2.13,-1.60,-1.66
Weighted average shares outstanding
Basic,74,74,76,74,77,76
Diluted,74,74,76,74,77,76
EBITDA,-24,-119,-51,-51,-17,-22
