﻿ARVIND LTD  (500101) CashFlowFlag INCOME STATEMENT
Fiscal year ends in March. INR in millions except per share data.,2017-03,2018-03,2019-03,2020-03,2021-03,TTM
Revenue,88784,104072,69244,70840,48860,72982
Cost of revenue,47854,59129,37986,42561,28672,42254
Gross profit,40930,44943,31259,28279,20189,30728
Operating expenses
"Sales, General and administrative",5046,6005,2712,2563,2006,
"Restructuring, merger and acquisition",,,-931,,,
Other operating expenses,28980,33202,23666,21195,15719,24347
Total operating expenses,34026,39208,25448,23757,17725,24347
Operating income,6905,5736,5811,4522,2464,6381
Interest Expense,2659,2359,2198,2309,2185,1845
Other income (expense),-48,527,-610,-535,-588,-1020
Income before taxes,4197,3904,3003,1678,-309,3516
Provision for income taxes,997,746,615,757,-35,1443
Net income from continuing operations,3201,3158,2387,921,-274,2073
Net income from discontinuing ops,,,-103,,,
Other,-62,-63,-22,36,109,-1
Net income,3138,3095,2262,956,-165,2072
Net income available to common shareholders,3138,3095,2262,956,-165,2072
Earnings per share
Basic,12.15,11.97,8.75,3.70,-0.64,7.99
Diluted,12.14,11.95,8.74,3.70,-0.64,7.97
Weighted average shares outstanding
Basic,258,259,259,259,259,259
Diluted,259,259,259,259,259,260
EBITDA,9828,9856,8482,6892,4727,8044
