﻿ESTER INDUSTRIES LTD  (500136) Statement of  CASH FLOW
Fiscal year ends in March. INR in millions except per share data.,2017-03,2018-03,2019-03,2020-03,2021-03,TTM
Cash Flows From Operating Activities
Net income,-164,75,470,1386,1854,1800
Depreciation & amortization,295,310,324,353,352,364
Investments losses (gains),-0,14,20,-0,-3,
Change in working capital,35,-188,144,126,-394,-1214
Inventory,109,21,-110,145,-264,-582
Other working capital,-74,-209,254,-19,-130,-632
Other non-cash items,273,298,211,-109,-354,-294
Net cash provided by operating activities,439,509,1170,1755,1455,655
Cash Flows From Investing Activities
"Investments in property, plant, and equipment",-123,-160,-258,-431,-1359,-1447
"Property, plant, and equipment reductions",7,10,2,3,1,1
Purchases of investments,-1,-0,,-174,-162,68
Sales/Maturities of investments,3,74,94,79,,
Other investing activities,14,-74,-72,11,47,136
Net cash used for investing activities,-100,-150,-235,-513,-1473,-1242
Cash Flows From Financing Activities
Debt issued,371,351,535,211,842,1260
Debt repayment,-421,-385,-445,-1154,-317,-216
Dividend paid,-1,,,-50,-334,-284
Other financing activities,-293,-329,-1030,-249,-158,-162
Net cash provided by (used for) financing activities,-343,-362,-940,-1243,33,598
Net change in cash,-4,-3,-5,0,16,11
Cash at beginning of period,21,10,7,2,2,39
Cash at end of period,16,7,2,2,18,51
Free Cash Flow
Operating cash flow,439,509,1170,1755,1455,655
Capital expenditure,-123,-160,-258,-431,-1359,-1447
Free cash flow,316,349,912,1325,97,-792
