﻿AGI GREENPAC LTD  (500187) Statement of  CASH FLOW
Fiscal year ends in March. INR in millions except per share data.,2017-03,2018-03,2019-03,2020-03,2021-03,TTM
Cash Flows From Operating Activities
Net income,1469,1051,1074,750,1148,1715
Depreciation & amortization,1109,1141,1510,1429,1214,1200
Investments losses (gains),-1,-1,-1,,,
Change in working capital,-159,-1800,155,-1964,311,247
Inventory,-108,-718,-56,-1173,-282,-1111
Other working capital,-51,-1082,211,-791,593,1358
Other non-cash items,-375,158,552,853,815,323
Net cash provided by operating activities,2042,548,3290,1068,3488,3485
Cash Flows From Investing Activities
"Investments in property, plant, and equipment",-2258,-2968,-3390,-1332,-1700,-2989
"Property, plant, and equipment reductions",14,18,137,365,475,106
Purchases of investments,-2018,-505,-477,,-0,
Sales/Maturities of investments,974,1616,481,,,
Other investing activities,2,7,28,-182,149,757
Net cash used for investing activities,-3286,-1831,-3222,-1149,-1076,-2126
Cash Flows From Financing Activities
Debt issued,2299,2690,2421,568,432,1764
Debt repayment,-1256,-902,-739,-179,-566,-713
Common stock repurchased,,,,,-647,-644
Dividend paid,-288,-288,-288,-208,-218,-260
Other financing activities,1722,740,-3246,-206,-1626,-1500
Net cash provided by (used for) financing activities,2476,2240,-1852,-24,-2624,-1355
Net change in cash,1232,957,-1784,-106,-212,4
Cash at beginning of period,167,1399,2356,355,249,51
Cash at end of period,1399,2356,573,249,37,55
Free Cash Flow
Operating cash flow,2042,548,3290,1068,3488,3485
Capital expenditure,-2258,-2968,-3390,-1332,-1700,-2989
Free cash flow,-216,-2420,-100,-265,1788,496
