﻿GODREJ INDUSTRIES LTD  (500164) CashFlowFlag INCOME STATEMENT
Fiscal year ends in March. INR in millions except per share data.,2017-03,2018-03,2019-03,2020-03,2021-03,TTM
Revenue,83190,91980,111083,112701,93221,122846
Cost of revenue,63014,71919,86578,84024,69102,92523
Gross profit,20176,20061,24505,28677,24119,30323
Operating expenses
Research and development,30,23,40,41,46,
"Sales, General and administrative",2093,2301,2244,2909,3507,
Other operating expenses,12970,15017,17158,19574,19467,27203
Total operating expenses,15094,17342,19441,22524,23020,27203
Operating income,5083,2719,5064,6153,1100,3120
Interest Expense,3156,3183,4045,3832,3631,4663
Other income (expense),969,8611,9841,6753,8691,8886
Income before taxes,2896,8148,10860,9073,6159,7342
Provision for income taxes,1674,1837,2222,2728,2263,2568
Other income,3367,,,,,
Net income from continuing operations,4588,6311,8637,6345,3896,4774
Net income from discontinuing ops,,,,1737,13,
Other,-2024,-2097,-2742,-2560,-564,-667
Net income,2564,4214,5895,5522,3346,4107
Preferred dividend,,,16,,,
Net income available to common shareholders,2564,4214,5879,5522,3346,4107
Earnings per share
Basic,7.13,12.48,17.48,16.41,9.94,12.20
Diluted,7.12,12.47,17.47,16.41,9.94,12.20
Weighted average shares outstanding
Basic,336,336,336,336,337,337
Diluted,336,336,337,337,337,337
EBITDA,7533,13083,16635,15244,12214,14647
