﻿IFCI LTD  (500106) CashFlowFlag BALANCE SHEET
Fiscal year ends in March. INR in millions except per share data.,2017-03,2018-03,2019-03,2020-03,2021-03
Assets
Current assets
Cash
Cash and cash equivalents,14000,7170,18549,30526,27461
Total cash,14000,7170,18549,30526,27461
Receivables,8840,8001,8858,9289,14772
Prepaid expenses,882,1206,134,434,342
Other current assets,-23721,-16377,-27542,-40249,-42574
Total current assets,,,,,
Non-current assets
"Property, plant and equipment"
"Gross property, plant and equipment",19799,19705,11456,11686,12695
Accumulated Depreciation,-6096,-6579,-1040,-1466,-1917
"Net property, plant and equipment",13703,13126,10416,10220,10778
Equity and other investments,68640,62938,69673,48836,65692
Goodwill,4466,4466,4466,4466,4466
Intangible assets,80,58,46,498,456
Other long-term assets,-86890,-80587,-84600,-64020,-81392
Total non-current assets,,,,,
Total assets,,,,,
Liabilities and stockholders' equity
Liabilities
Current liabilities
Accounts payable,11360,13581,8162,9105,16076
Other current liabilities,-11360,-13581,-8162,-9105,-16076
Total current liabilities,,,,,
Non-current liabilities
Minority interest,134,134,11108,10780,12865
Total non-current liabilities,134,134,11108,10780,12865
Total liabilities,134,134,11108,10780,12865
Stockholders' equity
Preferred stock,2638,2250,,,
Common stock,16620,16960,16960,16960,18960
Additional paid-in capital,14002,15812,15922,15922,15922
Retained earnings,21259,9055,1672,-1870,-21676
Accumulated other comprehensive income,20351,20389,19012,21479,24173
Total stockholders' equity,74871,64466,53567,52490,37380
Total liabilities and stockholders' equity,75006,64600,64675,63270,50245
