﻿STEEL AUTHORITY OF INDIA LTD  (500113) CashFlowFlag BALANCE SHEET
Fiscal year ends in March. INR in millions except per share data.,2017-03,2018-03,2019-03,2020-03,2021-03
Assets
Current assets
Cash
Cash and cash equivalents,1406,940,656,1905,5183
Short-term investments,383,-151,-2674,-2687,-2553
Total cash,1789,789,-2018,-782,2630
Receivables,29347,38710,44975,88447,71537
Inventories,157361,170243,195103,238363,153342
Prepaid expenses,37075,37140,40978,44647,44656
Other current assets,31497,50764,44892,40580,49677
Total current assets,257069,297647,323930,411255,321842
Non-current assets
"Property, plant and equipment"
"Gross property, plant and equipment",1059428,1120402,1155657,1195344,750683
Accumulated Depreciation,-338906,-364754,-396298,-431915,
"Net property, plant and equipment",720522,755648,759359,763429,750683
Intangible assets,15226,14550,14511,14436,14294
Deferred income taxes,38488,41620,28668,20222,
Other long-term assets,44863,44944,53055,59935,105640
Total non-current assets,819099,856763,855592,858022,870617
Total assets,1076168,1154410,1179523,1269276,1192459
Liabilities and stockholders' equity
Liabilities
Current liabilities
Short-term debt,232709,155160,142389,192432,177015
Capital leases,1144,1155,1284,3238,2492
Accounts payable,52184,75266,72252,61717,70150
Taxes payable,167,21357,21793,16311,121
Other current liabilities,177442,181257,178453,175951,215199
Total current liabilities,463645,434197,416172,449648,464976
Non-current liabilities
Long-term debt,177321,284239,294716,326998,179066
Capital leases,13554,13532,13310,18602,18195
Deferred taxes liabilities,,,,,13341
Accrued liabilities,5802,5515,5596,5678,5732
Deferred revenues,1513,1383,2532,3975,4400
Minority interest,0,0,0,0,0
Other long-term liabilities,43894,46077,50734,49273,52687
Total non-current liabilities,242085,350747,366889,404526,273420
Total liabilities,705730,784943,783062,854174,738396
Stockholders' equity
Common stock,41305,41305,41305,41305,41305
Additional paid-in capital,22087,25758,22292,16101,13192
Retained earnings,250417,245618,274644,297903,340816
Accumulated other comprehensive income,56613,56785,58219,59793,58748
Total stockholders' equity,370422,369466,396462,415102,454062
Total liabilities and stockholders' equity,1076152,1154410,1179523,1269276,1192459
