﻿PRAG BOSIMI SYNTHETICS LTD  (500192) CashFlowFlag BALANCE SHEET
Fiscal year ends in March. INR in millions except per share data.,2017-03,2018-03,2019-03,2020-03,2021-03
Assets
Current assets
Cash
Cash and cash equivalents,24,7,3,6,3
Short-term investments,264,127,110,113,
Total cash,288,134,113,119,3
Receivables,11,131,95,37,4
Inventories,116,116,112,97,86
Prepaid expenses,,,43,40,31
Other current assets,42,48,11,12,5
Total current assets,457,429,374,305,128
Non-current assets
"Property, plant and equipment"
"Gross property, plant and equipment",3007,2224,2426,2435,2455
Accumulated Depreciation,-880,,-177,-221,-266
"Net property, plant and equipment",2127,2224,2249,2213,2190
Other long-term assets,208,241,214,223,229
Total non-current assets,2335,2465,2463,2437,2419
Total assets,2792,2894,2837,2742,2547
Liabilities and stockholders' equity
Liabilities
Current liabilities
Short-term debt,148,117,100,99,
Accounts payable,73,121,79,34,29
Other current liabilities,27,47,30,32,30
Total current liabilities,249,285,209,165,59
Non-current liabilities
Long-term debt,1539,1471,1600,1611,1575
Accrued liabilities,,,16,43,87
Deferred revenues,,,103,124,124
Pensions and other benefits,5,13,18,21,21
Other long-term liabilities,29,201,66,91,116
Total non-current liabilities,1574,1685,1802,1890,1923
Total liabilities,1823,1970,2011,2055,1982
Stockholders' equity
Common stock,744,913,927,927,927
Additional paid-in capital,815,,815,815,815
Retained earnings,-2022,,-2347,-2512,-2634
Accumulated other comprehensive income,1432,11,1430,1456,1456
Total stockholders' equity,969,924,825,687,565
Total liabilities and stockholders' equity,2792,2894,2837,2742,2547
