﻿GHCL LTD  (500171) CashFlowFlag INCOME STATEMENT
Fiscal year ends in March. INR in millions except per share data.,2018-03,2019-03,2020-03,2021-03,2022-03,TTM
Revenue,29432,33413,33051,29001,37784,37784
Cost of revenue,14298,15632,15820,14344,16869,16869
Gross profit,15134,17781,17232,14657,20914,20914
Operating expenses
"Sales, General and administrative",2283,1986,1779,1566,,
Other operating expenses,7777,9238,9413,7885,12292,12292
Total operating expenses,10060,11224,11192,9451,12292,12292
Operating income,5073,6557,6040,5206,8622,8622
Interest Expense,1053,1036,1039,844,636,636
Other income (expense),54,-215,-55,24,121,121
Income before taxes,4074,5306,4946,4386,8108,8108
Provision for income taxes,510,1800,980,1124,2125,2125
Net income from continuing operations,3564,3506,3966,3261,5983,5983
Net income from discontinuing ops,,,,,484,484
Net income,3564,3506,3966,3261,6467,6467
Net income available to common shareholders,3564,3506,3966,3261,6467,6467
Earnings per share
Basic,36.48,35.81,40.50,34.32,67.89,67.89
Diluted,36.25,35.50,40.50,34.23,67.68,67.68
Weighted average shares outstanding
Basic,98,98,98,95,95,95
Diluted,98,99,98,95,96,96
EBITDA,6228,7511,7297,6563,10062,10062
