﻿JOHN COCKERILL INDIA LTD  (500147) CashFlowFlag BALANCE SHEET
Fiscal year ends in March. INR in millions except per share data.,2017-03,2018-03,2019-03,2020-03,2021-03
Assets
Current assets
Cash
Cash and cash equivalents,661,1224,1081,438,223
Short-term investments,,250,,49,
Total cash,661,1474,1081,487,223
Receivables,447,901,1078,779,1276
Inventories,188,144,120,141,143
Prepaid expenses,,59,456,332,271
Other current assets,683,760,2226,1689,1953
Total current assets,1980,3339,4961,3427,3865
Non-current assets
"Property, plant and equipment"
"Gross property, plant and equipment",1225,726,764,807,809
Accumulated Depreciation,-561,-106,-162,-216,-266
"Net property, plant and equipment",664,620,602,591,543
Intangible assets,1,3,2,1,0
Deferred income taxes,36,8,,,
Other long-term assets,150,181,315,488,172
Total non-current assets,851,812,919,1080,715
Total assets,2831,4151,5879,4507,4581
Liabilities and stockholders' equity
Liabilities
Current liabilities
Capital leases,,,,2,1
Accounts payable,63,495,830,913,1139
Deferred income taxes,,5,5,16,5
Other current liabilities,1174,1635,2959,1402,1592
Total current liabilities,1238,2136,3794,2333,2738
Non-current liabilities
Capital leases,,,,2,0
Deferred taxes liabilities,,,23,13,
Deferred revenues,,395,,,
Other long-term liabilities,47,42,153,85,90
Total non-current liabilities,47,437,176,100,90
Total liabilities,1285,2573,3970,2433,2828
Stockholders' equity
Common stock,49,49,49,49,49
Additional paid-in capital,147,147,147,147,147
Retained earnings,440,474,805,973,649
Accumulated other comprehensive income,910,907,908,905,908
Total stockholders' equity,1546,1578,1910,2074,1753
Total liabilities and stockholders' equity,2831,4151,5879,4507,4581
