﻿GANESH BENZOPLAST LTD  (500153) CashFlowFlag INCOME STATEMENT
Fiscal year ends in March. INR in millions except per share data.,2017-03,2018-03,2019-03,2020-03,2021-03,TTM
Revenue,1181,1692,2116,2467,2704,3595
Cost of revenue,339,702,964,1095,996,1648
Gross profit,842,990,1152,1372,1708,1947
Operating expenses
"Sales, General and administrative",83,76,86,126,154,
Other operating expenses,464,516,657,756,870,1438
Total operating expenses,546,593,743,881,1025,1438
Operating income,296,397,409,490,683,509
Interest Expense,153,112,102,94,67,38
Other income (expense),-15,521,5,-59,-82,-21
Income before taxes,128,807,313,337,534,450
Provision for income taxes,,,,,315,340
Net income from continuing operations,128,807,313,337,219,111
Other,,,,,,-0
Net income,128,807,313,337,219,111
Net income available to common shareholders,128,807,313,337,219,111
Earnings per share
Basic,2.46,15.58,6.04,6.50,3.92,1.15
Diluted,2.46,15.58,6.04,6.50,3.92,1.15
Weighted average shares outstanding
Basic,52,52,52,52,56,63
Diluted,52,52,52,52,56,63
EBITDA,391,1039,539,561,750,642
