﻿GODFREY PHILLIPS INDIA LTD  (500163) Statement of  CASH FLOW
Fiscal year ends in March. INR in millions except per share data.,2017-03,2018-03,2019-03,2020-03,2021-03,TTM
Cash Flows From Operating Activities
Net income,1992,2330,3626,5135,4873,5591
Depreciation & amortization,978,984,959,1552,1413,1436
Investments losses (gains),-460,-473,-639,-833,-1091,-982
Change in working capital,452,3001,690,-1168,-1334,-138
Inventory,862,664,-580,-464,-552,194
Other working capital,-409,2337,1270,-704,-783,-332
Other non-cash items,-498,-681,-1120,-936,-762,-926
Net cash provided by operating activities,2465,5162,3515,3750,3098,4982
Cash Flows From Investing Activities
"Investments in property, plant, and equipment",-694,-615,-1254,-1224,-1316,-1478
"Property, plant, and equipment reductions",13,26,16,18,13,12
"Acquisitions, net",,,-55,,,
Purchases of investments,-26081,-39980,-39810,-53310,-39098,-50928
Sales/Maturities of investments,25545,36479,37850,53693,37380,48487
Other investing activities,-81,41,133,107,45,26
Net cash used for investing activities,-1298,-4049,-3119,-716,-2976,-3881
Cash Flows From Financing Activities
Debt issued,,,,,600,
Debt repayment,-607,-259,,,,
Dividend paid,-415,-414,-412,-1723,-25,-1262
Other financing activities,-187,-322,18,-1310,-734,183
Net cash provided by (used for) financing activities,-1209,-996,-394,-3033,-159,-1078
Effect of exchange rate changes,-0,-0,0,0,0,
Net change in cash,-42,118,2,1,-37,23
Cash at beginning of period,133,111,167,314,315,366
Cash at end of period,91,228,169,315,278,389
Free Cash Flow
Operating cash flow,2465,5162,3515,3750,3098,4982
Capital expenditure,-694,-615,-1254,-1224,-1316,-1478
Free cash flow,1771,4547,2261,2526,1783,3505
