﻿GOODRICKE GROUP LTD  (500166) Statement of  CASH FLOW
Fiscal year ends in March. INR in millions except per share data.,2017-03,2018-03,2019-03,2020-03,2021-03,TTM
Cash Flows From Operating Activities
Net income,489,489,257,127,262,17
Depreciation & amortization,137,147,156,206,208,209
Investments losses (gains),-3,-2,-0,-0,-0,
Change in working capital,64,-322,-2,-9,-306,-11
Inventory,175,-112,-118,170,-432,483
Other working capital,-111,-209,116,-179,126,-494
Other non-cash items,-84,-76,-13,79,12,42
Net cash provided by operating activities,603,236,397,404,176,257
Cash Flows From Investing Activities
"Investments in property, plant, and equipment",-278,-501,-555,-253,-207,-220
"Property, plant, and equipment reductions",1,5,1,2,2,
Purchases of investments,-445,-170,-80,-80,-110,-130
Sales/Maturities of investments,305,315,80,80,110,130
Other investing activities,19,-19,1,1,1,-28
Net cash used for investing activities,-398,-370,-552,-250,-204,-248
Cash Flows From Financing Activities
Debt issued,,200,375,1338,1684,1806
Debt repayment,,-9,-39,-1081,-1726,-1699
Dividend paid,-86,-98,-96,-87,-1,
Other financing activities,-31,-38,-67,-133,-96,-96
Net cash provided by (used for) financing activities,-117,55,172,37,-139,11
Net change in cash,88,-79,17,192,-167,20
Cash at beginning of period,79,168,89,106,297,164
Cash at end of period,168,89,106,297,130,184
Free Cash Flow
Operating cash flow,603,236,397,404,176,257
Capital expenditure,-278,-501,-555,-253,-207,-220
Free cash flow,325,-265,-158,151,-31,38
