﻿EPL LTD ORDINARY SHARES  (500135) Statement of  CASH FLOW
Fiscal year ends in March. INR in millions except per share data.,2017-03,2018-03,2019-03,2020-03,2021-03,TTM
Cash Flows From Operating Activities
Net income,2743,2631,2886,2754,3311,3293
Depreciation & amortization,1415,1671,1861,2298,2346,2430
Investments losses (gains),-0,-1,-2,-4,-5,-7
Stock based compensation,3,-34,,,144,165
Change in working capital,491,-539,-404,78,-380,-531
Inventory,-109,-404,-370,-438,-436,-657
Other working capital,600,-135,-34,516,56,126
Other non-cash items,-965,-291,-777,-250,-192,-388
Net cash provided by operating activities,3687,3437,3564,4876,5224,4962
Cash Flows From Investing Activities
"Investments in property, plant, and equipment",-2305,-1405,-3040,-1286,-1760,-2410
"Property, plant, and equipment reductions",237,31,38,170,36,118
"Acquisitions, net",-1291,48,,,-1672,
Purchases of investments,-455,-1720,-915,-3703,-3359,-4610
Sales/Maturities of investments,455,1721,917,3553,3888,4915
Other investing activities,350,-234,1122,31,62,-1715
Net cash used for investing activities,-3010,-1560,-1879,-1236,-2805,-3702
Cash Flows From Financing Activities
Debt issued,3030,2889,4590,3348,5755,3807
Debt repayment,-2755,-3532,-5164,-3218,-6974,-3010
Common stock issued,7,10,53,13,7,47
Dividend paid,-414,-452,-454,-868,-1292,-1291
Other financing activities,-631,-455,-965,-703,-687,-670
Net cash provided by (used for) financing activities,-762,-1540,-1939,-1428,-3191,-1117
Effect of exchange rate changes,,,,,21,18
Net change in cash,-85,337,-254,2212,-751,161
Cash at beginning of period,687,820,1157,904,3116,2037
Cash at end of period,602,1157,904,3116,2365,2198
Free Cash Flow
Operating cash flow,3687,3437,3564,4876,5224,4962
Capital expenditure,-2305,-1405,-3040,-1286,-1760,-2410
Free cash flow,1382,2032,524,3590,3464,2552
