﻿HINDUSTAN ZINC LTD  (500188) CashFlowFlag BALANCE SHEET
Fiscal year ends in March. INR in millions except per share data.,2018-03,2019-03,2020-03,2021-03,2022-03
Assets
Current assets
Cash
Cash and cash equivalents,1730,20,18780,3130,15920
Short-term investments,202220,194880,203490,176450,192560
Total cash,203950,194900,222270,179580,208480
Receivables,1840,1960,4010,4060,7160
Inventories,13790,15440,18350,14250,19530
Prepaid expenses,3060,2750,2820,2760,
Other current assets,18790,670,680,45030,4650
Total current assets,241430,215720,248130,245680,239820
Non-current assets
"Property, plant and equipment"
"Gross property, plant and equipment",237630,279790,319470,340360,192400
Accumulated Depreciation,-93120,-110110,-130870,-154290,
"Net property, plant and equipment",144510,169680,188600,186070,192400
Intangible assets,710,640,980,1230,2310
Deferred income taxes,22080,19250,18220,10580,
Other long-term assets,20590,19290,13820,13710,12170
Total non-current assets,187890,208860,221620,211590,206880
Total assets,429320,424580,469750,457270,446700
Liabilities and stockholders' equity
Liabilities
Current liabilities
Short-term debt,,25380,6110,28650,9920
Capital leases,,,60,160,150
Accounts payable,9470,11740,14880,15450,20380
Taxes payable,1650,1600,630,1820,2560
Other current liabilities,48930,38720,32450,32680,27930
Total current liabilities,60050,77440,54130,78760,60940
Non-current liabilities
Long-term debt,,,,43120,21110
Capital leases,,,220,80,60
Deferred taxes liabilities,,,,,9420
Deferred revenues,7920,9450,10680,10360,
Other long-term liabilities,2030,1640,1620,1820,12360
Total non-current liabilities,9950,11090,12520,55380,42950
Total liabilities,70000,88530,66650,134140,103890
Stockholders' equity
Common stock,8450,8450,8450,8450,8450
Retained earnings,,223760,290810,210840,
Accumulated other comprehensive income,350870,103840,103840,103840,334360
Total stockholders' equity,359320,336050,403100,323130,342810
Total liabilities and stockholders' equity,429320,424580,469750,457270,446700
