﻿GTL LTD  (500160) CashFlowFlag BALANCE SHEET
Fiscal year ends in March. INR in millions except per share data.,2017-03,2018-03,2019-03,2020-03,2021-03
Assets
Current assets
Cash
Cash and cash equivalents,1104,154,47,38,24
Short-term investments,3434,,,,
Total cash,4538,154,47,38,24
Receivables,1965,8,0,0,1
Inventories,154,,,,
Prepaid expenses,,158,23,56,30
Other current assets,1081,399,391,1247,641
Total current assets,7738,720,460,1341,696
Non-current assets
"Property, plant and equipment"
"Gross property, plant and equipment",2438,2422,2423,2466,2480
Accumulated Depreciation,-1526,-1627,-1672,-1716,-1758
"Net property, plant and equipment",911,795,751,750,722
Intangible assets,8,8,8,7,7
Deferred income taxes,23,,,,
Other long-term assets,10708,8462,1882,549,548
Total non-current assets,11650,9265,2641,1306,1277
Total assets,19388,9984,3101,2647,1973
Liabilities and stockholders' equity
Liabilities
Current liabilities
Short-term debt,3326,22736,22309,22874,22705
Accounts payable,2197,994,579,693,111
Taxes payable,34,81,82,94,95
Other current liabilities,72235,48879,52583,52184,51409
Total current liabilities,77793,72690,75553,75845,74319
Non-current liabilities
Long-term debt,1271,1412,1569,1743,1937
Capital leases,,,,23,8
Pensions and other benefits,8,7,4,13,11
Minority interest,2,,,,
Other long-term liabilities,,,,,4
Total non-current liabilities,1280,1418,1573,1780,1960
Total liabilities,79073,74109,77126,77624,76279
Stockholders' equity
Common stock,1573,1573,1573,1573,1573
Additional paid-in capital,4568,4568,4568,4568,4568
Retained earnings,-78925,-83466,-87617,-87921,-92841
Accumulated other comprehensive income,13099,13201,7451,6802,12394
Total stockholders' equity,-59685,-64124,-74025,-74978,-74306
Total liabilities and stockholders' equity,19388,9984,3101,2647,1973
