﻿CHENNAI PETROLEUM CORP LTD  (500110) Statement of  CASH FLOW
Fiscal year ends in March. INR in millions except per share data.,2018-03,2019-03,2020-03,2021-03,2022-03,TTM
Cash Flows From Operating Activities
Net income,14725,-2900,-29948,12962,18412,18412
Depreciation & amortization,3402,4525,4682,4658,5039,5039
Change in working capital,10571,-6540,15481,-16825,-17217,-17217
Inventory,-15567,-1008,24824,-21488,-30264,-30264
Other working capital,26138,-5532,-9343,4663,13047,13047
Other non-cash items,-1132,3477,3584,3727,4024,4024
Net cash provided by operating activities,27567,-1437,-6202,4522,10259,10259
Cash Flows From Investing Activities
"Investments in property, plant, and equipment",-9909,-13085,-9871,-5689,-6997,-6997
"Property, plant, and equipment reductions",2,1,1,6,2,2
Other investing activities,214,351,239,203,236,236
Net cash used for investing activities,-9692,-12733,-9630,-5480,-6758,-6758
Cash Flows From Financing Activities
Debt issued,,9092,14646,10100,7750,7750
Debt repayment,-33,-15000,-3505,-5188,-4680,-4680
Dividend paid,-3764,-2755,,,,
Other financing activities,-14080,22834,4689,-3944,-6498,-6498
Net cash provided by (used for) financing activities,-17877,14171,15831,968,-3428,-3428
Net change in cash,-2,1,-1,11,72,72
Cash at beginning of period,3,0,2,0,12,12
Cash at end of period,0,2,0,12,83,83
Free Cash Flow
Operating cash flow,27567,-1437,-6202,4522,10259,10259
Capital expenditure,-9909,-13085,-9871,-5689,-6997,-6997
Free cash flow,17658,-14522,-16073,-1166,3262,3262
