﻿JOHN COCKERILL INDIA LTD  (500147) CashFlowFlag INCOME STATEMENT
Fiscal year ends in March. INR in millions except per share data.,2017-03,2018-03,2019-03,2020-03,2021-03,TTM
Revenue,1538,3011,4873,3487,1935,3768
Cost of revenue,736,2075,3370,2127,1348,2799
Gross profit,802,935,1503,1360,587,969
Operating expenses
"Sales, General and administrative",94,125,334,395,82,
Other operating expenses,609,697,641,520,630,803
Total operating expenses,703,822,974,915,712,803
Operating income,99,113,529,445,-125,166
Interest Expense,2,0,2,2,4,20
Other income (expense),-53,19,-57,-154,-173,-164
Income before taxes,44,133,470,289,-302,-17
Provision for income taxes,9,65,119,52,-11,1
Net income from continuing operations,35,67,351,237,-291,-19
Net income,35,67,351,237,-291,-19
Net income available to common shareholders,35,67,351,237,-291,-19
Earnings per share
Basic,7.00,13.61,71.08,48.09,-58.86,-3.78
Diluted,7.00,13.61,71.08,48.09,-58.86,-3.78
Weighted average shares outstanding
Basic,5,5,5,5,5,5
Diluted,5,5,5,5,5,5
EBITDA,98,192,530,348,-248,50
