﻿BALLARPUR INDUSTRIES LTD  (500102) CashFlowFlag INCOME STATEMENT
Fiscal year ends in March. INR in millions except per share data.,2014-06,2016-03,2017-03,2018-03,2019-03,TTM
Revenue,52192,42227,20164,24775,35958,33950
Cost of revenue,26409,25095,13704,13318,19572,18922
Gross profit,25782,17132,6460,11456,16385,15029
Operating expenses
"Sales, General and administrative",1359,546,1117,1388,1212,
Other operating expenses,19775,12072,9522,9319,12042,12072
Total operating expenses,21134,12617,10639,10706,13254,12072
Operating income,4649,4514,-4179,750,3132,2956
Interest Expense,4010,5538,8111,8024,8295,8338
Other income (expense),-344,1299,-3413,-3032,-2855,-5545
Income before taxes,296,276,-15703,-10305,-8018,-10927
Provision for income taxes,-321,-89,-1354,-1664,335,150
Other income,,-0,,,,
Net income from continuing operations,617,366,-14349,-8641,-8354,-11078
Net income from discontinuing ops,,-2660,-4270,-11715,-2364,-3582
Other,-119,693,5000,6406,1408,1456
Net income,498,-1601,-13618,-13950,-9310,-13204
Net income available to common shareholders,498,-1601,-13618,-13950,-9310,-13204
Earnings per share
Basic,0.76,-2.44,-20.77,-12.77,-7.20,-10.21
Diluted,0.76,-2.44,-20.77,-12.77,-7.20,-10.21
Weighted average shares outstanding
Basic,656,656,656,1092,1293,1293
Diluted,656,656,656,1092,1293,1293
EBITDA,9262,9891,-3678,485,2932,-71
