﻿MAHANAGAR TELEPHONE NIGAM LTD  (500108) CashFlowFlag BALANCE SHEET
Fiscal year ends in March. INR in millions except per share data.,2017-03,2018-03,2019-03,2020-03,2021-03
Assets
Current assets
Cash
Cash and cash equivalents,981,544,1196,1966,1271
Short-term investments,,,,,376
Total cash,981,544,1196,1966,1647
Receivables,4918,4243,6115,6290,7717
Inventories,157,246,250,193,91
Prepaid expenses,7062,6527,6808,6559,6204
Other current assets,36341,38685,43287,70324,46158
Total current assets,49458,50245,57655,85332,61817
Non-current assets
"Property, plant and equipment"
"Gross property, plant and equipment",212442,214270,219405,222786,223738
Accumulated Depreciation,-160248,-165208,-172909,-178678,-184130
"Net property, plant and equipment",52194,49061,46496,44108,39608
Intangible assets,37777,34393,31019,27662,24318
Other long-term assets,37333,28798,11875,9779,8010
Total non-current assets,127304,112252,89390,81549,71937
Total assets,176762,162497,147045,166881,133754
Liabilities and stockholders' equity
Liabilities
Current liabilities
Short-term debt,81852,67221,82604,104114,71764
Capital leases,46,46,46,1040,713
Accounts payable,4075,4288,5334,7960,7017
Taxes payable,,,,,14
Other current liabilities,20160,18998,27736,56151,25649
Total current liabilities,106134,90554,115720,169266,105158
Non-current liabilities
Long-term debt,69707,102522,114316,125541,181722
Capital leases,406,406,406,2217,1804
Deferred taxes liabilities,46,,63,68,69
Deferred revenues,2025,1722,1280,1058,853
Other long-term liabilities,32354,30667,12539,4552,4593
Total non-current liabilities,104538,135316,128604,133436,189041
Total liabilities,210671,225870,244324,302702,294199
Stockholders' equity
Common stock,6300,6300,6300,6300,6300
Additional paid-in capital,6650,6650,6650,6650,6650
Retained earnings,-49572,-79516,-113565,-152057,-176594
Accumulated other comprehensive income,2883,3193,3337,3286,3198
Total stockholders' equity,-33739,-63374,-97278,-135821,-160445
Total liabilities and stockholders' equity,176933,162497,147045,166881,133754
