﻿HLV LTD  (500193) CashFlowFlag INCOME STATEMENT
Fiscal year ends in March. INR in millions except per share data.,2017-03,2018-03,2019-03,2020-03,2021-03,TTM
Revenue,6999,7185,1543,1457,189,570
Cost of revenue,616,2834,800,798,242,368
Gross profit,6383,4351,744,659,-53,203
Operating expenses
"Sales, General and administrative",539,574,156,256,135,
Other operating expenses,6010,2929,694,735,278,485
Total operating expenses,6549,3503,850,991,413,485
Operating income,-166,848,-106,-331,-466,-282
Interest Expense,900,810,0,8,23,30
Other income (expense),41,-270,-272,137,129,20
Income before taxes,-1025,-232,-378,-202,-359,-292
Provision for income taxes,0,,,,,
Net income from continuing operations,-1025,-232,-378,-202,-359,-292
Net income from discontinuing ops,,,-811,2139,,
Net income,-1025,-232,-1189,1937,-359,-292
Net income available to common shareholders,-1025,-232,-1189,1937,-359,-292
Earnings per share
Basic,-2.20,-0.43,-1.89,3.07,-0.57,-0.45
Diluted,-2.20,-0.43,-1.89,3.07,-0.57,-0.45
Weighted average shares outstanding
Basic,467,538,631,631,631,645
Diluted,467,538,631,631,631,645
EBITDA,1899,1832,-282,-75,-201,-121
