﻿HERO MOTOCORP LTD  (500182) CashFlowFlag INCOME STATEMENT
Fiscal year ends in March. INR in millions except per share data.,2018-03,2019-03,2020-03,2021-03,2022-03,TTM
Revenue,318607,334869,288126,304516,295513,295513
Cost of revenue,220492,236120,199281,218358,209204,209204
Gross profit,98115,98749,88845,86158,86309,86309
Operating expenses
"Sales, General and administrative",20284,20803,17466,16383,,
Other operating expenses,30162,33890,38922,35885,58757,58757
Total operating expenses,50446,54693,56388,52268,58757,58757
Operating income,47669,44056,32458,33891,27552,27552
Interest Expense,308,372,466,464,531,531
Other income (expense),5560,7358,14120,5067,3560,3560
Income before taxes,52921,51043,46111,38493,30581,30581
Provision for income taxes,15699,16380,9517,9133,7291,7291
Net income from continuing operations,37222,34664,36594,29360,23290,23290
Other,-18,-223,-213,-183,-122,-122
Net income,37204,34441,36381,29178,23169,23169
Net income available to common shareholders,37204,34441,36381,29178,23169,23169
Earnings per share
Basic,186.30,172.45,182.15,146.07,115.96,115.96
Diluted,186.29,172.44,182.15,146.04,115.93,115.93
Weighted average shares outstanding
Basic,200,200,200,200,200,200
Diluted,200,200,200,200,200,200
EBITDA,58979,57659,55035,46108,38007,38007
