﻿GOLDEN TOBACCO LTD  (500151) CashFlowFlag INCOME STATEMENT
Fiscal year ends in March. INR in millions except per share data.,2017-03,2018-03,2019-03,2020-03,2021-03,TTM
Revenue,456,795,729,194,368,277
Cost of revenue,266,450,161,180,173,105
Gross profit,191,345,568,14,195,172
Operating expenses
"Sales, General and administrative",144,89,77,47,2,
Other operating expenses,212,158,65,151,103,118
Total operating expenses,356,247,141,197,105,118
Operating income,-165,98,427,-183,90,54
Interest Expense,266,236,143,108,42,42
Other income (expense),156,102,-5,270,29,63
Income before taxes,-275,-36,279,-22,76,75
Provision for income taxes,,45,6,-6,0,6
Net income from continuing operations,-275,-81,273,-16,76,69
Net income,-275,-81,273,-16,76,69
Net income available to common shareholders,-275,-81,273,-16,76,69
Earnings per share
Basic,-15.64,-4.60,15.50,-0.90,4.34,3.93
Diluted,-15.64,-4.60,15.50,-0.90,4.34,3.93
Weighted average shares outstanding
Basic,18,18,18,18,18,18
Diluted,18,18,18,18,18,18
EBITDA,-1,207,428,96,123,122
