﻿GUJARAT LEASE FINANCING LTD  (500174) CashFlowFlag BALANCE SHEET
Fiscal year ends in March. INR in millions except per share data.,2018-03,2019-03,2020-03,2021-03,2022-03
Assets
Current assets
Cash
Cash and cash equivalents,2,1,1,58,3
Short-term investments,,,,,51
Total cash,2,1,1,58,54
Prepaid expenses,1,0,0,0,
Other current assets,,0,,0,0
Total current assets,3,1,2,59,54
Non-current assets
"Property, plant and equipment"
"Gross property, plant and equipment",2,2,2,2,
Accumulated Depreciation,-0,-1,-1,-1,
"Net property, plant and equipment",1,1,1,0,0
Other long-term assets,78,92,34,1,5
Total non-current assets,79,93,35,1,5
Total assets,82,94,37,60,59
Liabilities and stockholders' equity
Liabilities
Current liabilities
Accounts payable,0,1,1,0,0
Other current liabilities,5,3,3,3,3
Total current liabilities,5,4,4,3,4
Non-current liabilities
Long-term debt,150,150,100,100,100
Deferred taxes liabilities,,1,,,
Total non-current liabilities,150,151,100,100,100
Total liabilities,155,156,104,103,104
Stockholders' equity
Common stock,272,272,272,272,272
Additional paid-in capital,912,912,912,676,
Retained earnings,-1608,-1597,-1602,-1578,
Accumulated other comprehensive income,351,351,351,587,-316
Total stockholders' equity,-73,-62,-67,-43,-44
Total liabilities and stockholders' equity,82,94,37,60,59
