﻿FINOLEX CABLES LTD  (500144) CashFlowFlag INCOME STATEMENT
Fiscal year ends in March. INR in millions except per share data.,2017-03,2018-03,2019-03,2020-03,2021-03,TTM
Revenue,24218,27696,30301,28407,27222,34567
Cost of revenue,17498,20656,22960,21124,20719,27086
Gross profit,6719,7040,7341,7283,6503,7481
Operating expenses
"Sales, General and administrative",633,799,826,849,747,
Other operating expenses,2608,2271,2137,2772,2326,3333
Total operating expenses,3240,3070,2964,3621,3073,3333
Operating income,3479,3970,4378,3662,3430,4147
Interest Expense,43,14,9,16,8,6
Other income (expense),1601,1536,1734,1474,2887,3178
Income before taxes,5037,5491,6102,5120,6309,7320
Provision for income taxes,1034,2190,2028,1210,1694,1897
Net income from continuing operations,4002,3301,4075,3910,4615,5423
Net income,4002,3301,4075,3910,4615,5423
Net income available to common shareholders,4002,3301,4075,3910,4615,5423
Earnings per share
Basic,26.20,21.60,26.64,25.57,30.17,35.46
Diluted,26.20,21.60,26.64,25.57,30.17,35.46
Weighted average shares outstanding
Basic,153,153,153,153,153,153
Diluted,153,153,153,153,153,153
EBITDA,5560,5944,6517,5525,6706,7731
