﻿ELECTROSTEEL CASTINGS LTD  (500128) CashFlowFlag BALANCE SHEET
Fiscal year ends in March. INR in millions except per share data.,2017-03,2018-03,2019-03,2020-03,2021-03
Assets
Current assets
Cash
Cash and cash equivalents,3566,931,750,595,2130
Short-term investments,1190,1299,118,19,3997
Total cash,4756,2229,869,613,6127
Receivables,4453,5249,6088,6179,7688
Inventories,6309,6100,7542,8970,12295
Prepaid expenses,,1283,987,851,1487
Other current assets,4013,3568,2681,2413,2750
Total current assets,19531,18430,18167,19027,30346
Non-current assets
"Property, plant and equipment"
"Gross property, plant and equipment",30300,30498,30908,31425,45539
Accumulated Depreciation,-1213,-1756,-2249,-2780,-5606
"Net property, plant and equipment",29087,28743,28659,28645,39933
Goodwill,22,22,22,22,22
Intangible assets,57,30,16,19,137
Other long-term assets,8961,7003,7350,8215,1377
Total non-current assets,38127,35798,36047,36901,41468
Total assets,57657,54228,54214,55928,71814
Liabilities and stockholders' equity
Liabilities
Current liabilities
Short-term debt,7057,8289,9228,10155,12932
Capital leases,,1,1,21,60
Accounts payable,2858,3561,3093,3858,4623
Deferred income taxes,,,38,31,77
Taxes payable,424,154,,,
Other current liabilities,4411,3826,2371,2175,2979
Total current liabilities,14751,15832,14731,16240,20672
Non-current liabilities
Long-term debt,11347,8484,8379,7026,8024
Capital leases,3,2,4,157,359
Deferred taxes liabilities,2983,3130,2915,2943,4242
Deferred revenues,,1788,1587,525,467
Minority interest,2,4,7,12,8981
Other long-term liabilities,2208,202,207,222,383
Total non-current liabilities,16542,13609,13098,10886,22456
Total liabilities,31293,29441,27829,27126,43128
Stockholders' equity
Common stock,357,357,405,433,433
Additional paid-in capital,6559,6559,7910,8383,8383
Retained earnings,8385,6565,7424,9205,7618
Accumulated other comprehensive income,11063,11306,10645,10780,12253
Total stockholders' equity,26364,24787,26385,28801,28686
Total liabilities and stockholders' equity,57657,54228,54214,55928,71814
