﻿STATE BANK OF INDIA  (500112) Statement of  CASH FLOW
Fiscal year ends in March. INR in millions except per share data.,2017-03,2018-03,2019-03,2020-03,2021-03,TTM
Cash Flows From Operating Activities
Net income,15767,-126138,44511,319076,309217,393179
Depreciation & amortization,29147,31051,34959,36616,37111,36940
Investments losses (gains),-39,11052,21123,-147,20,20
Change in working capital,95460,-1551217,-306338,-379548,80044,1229432
Other working capital,95460,-1551217,-306338,-379548,80044,1229432
Other non-cash items,633725,670174,501305,263289,472798,371851
Net cash provided by operating activities,774060,-965079,295560,239285,899189,2031422
Cash Flows From Investing Activities
"Investments in property, plant, and equipment",-44237,-7907,-30055,-30650,-38280,-36536
"Acquisitions, net",15859,52391,4030,-4574,886,17026
Other investing activities,57,66173,17458,1987,32,32
Net cash used for investing activities,-28321,110658,-8568,-33237,-37362,-19478
Cash Flows From Financing Activities
Common stock issued,56748,237825,,,,
Common stock repurchased,,,-87,,,
Dividend paid,-23375,-24163,,,,
Other financing activities,-75338,-158190,4564,54295,71427,-190865
Net cash provided by (used for) financing activities,-41965,55472,4476,54295,71427,-190865
Effect of exchange rate changes,-17397,13052,10763,27686,664,7138
Net change in cash,686377,-785898,302232,288030,933918,1828217
Cash at beginning of period,2045595,2731972,1952891,2255123,2543153,2177457
Cash at end of period,2731972,1946074,2255123,2543153,3477070,4005675
Free Cash Flow
Operating cash flow,774060,-965079,295560,239285,899189,2031422
Capital expenditure,-44237,-7907,-30055,-30650,-38280,-36536
Free cash flow,729823,-972986,265505,208635,860909,1994886
