﻿ARVIND LTD  (500101) Statement of  CASH FLOW
Fiscal year ends in March. INR in millions except per share data.,2017-03,2018-03,2019-03,2020-03,2021-03,TTM
Cash Flows From Operating Activities
Net income,4197,3158,2284,921,-274,1354
Depreciation & amortization,2971,3593,3281,2904,2852,2731
Investments losses (gains),-12,15,,114,-103,
Deferred income taxes,,746,588,757,-35,1219
Stock based compensation,72,58,15,11,11,19
Change in working capital,-3137,-4745,12111,1386,2554,334
Inventory,-4624,-1124,5611,2912,800,-3256
Other working capital,1486,-3622,6500,-1525,1753,3590
Other non-cash items,1343,1460,5302,2511,2758,1991
Net cash provided by operating activities,5435,4285,23582,8605,7763,7649
Cash Flows From Investing Activities
"Investments in property, plant, and equipment",-4536,-5301,-6492,-4146,-1159,-1623
"Property, plant, and equipment reductions",155,745,6901,178,268,340
"Acquisitions, net",,,,-93,,1
Purchases of investments,,,-82,-254,,
Sales/Maturities of investments,1734,12,,,,
Other investing activities,2942,984,537,1258,79,222
Net cash used for investing activities,294,-3560,865,-3056,-811,-1060
Cash Flows From Financing Activities
Debt issued,697,30203,32759,31033,6638,2754
Debt repayment,-9233,-27529,-38991,-33477,-5726,-4146
Common stock issued,23,30,,9,2,2
Common stock repurchased,-17,,,,,
Dividend paid,-740,-807,-772,-623,,
Other financing activities,3456,-2451,-3190,-2688,-8080,-4654
Net cash provided by (used for) financing activities,-5815,-554,-10194,-5747,-7168,-6044
Net change in cash,-86,172,14252,-198,-216,544
Cash at beginning of period,296,143,340,669,471,220
Cash at end of period,209,314,14592,471,255,765
Free Cash Flow
Operating cash flow,5435,4285,23582,8605,7763,7649
Capital expenditure,-4536,-5301,-6492,-4146,-1159,-1623
Free cash flow,899,-1016,17090,4458,6604,6026
