﻿RELIANCE CAPITAL LTD  (500111) CashFlowFlag INCOME STATEMENT
Fiscal year ends in March. INR in millions except per share data.,2017-03,2018-03,2019-03,2020-03,2021-03,TTM
Revenue,141730,152220,119550,80520,116980,123580
Gross profit,141730,152220,119550,80520,116980,123580
Operating expenses
"Sales, General and administrative",12970,10530,6880,9780,11110,
Other operating expenses,111330,122020,103070,88070,122620,137960
Total operating expenses,124300,132550,109950,97850,133730,137960
Operating income,17430,19670,9600,-17330,-16750,-14380
Interest Expense,30680,40260,45190,39690,27410,24990
Other income (expense),28640,37310,22270,44790,-46980,-14770
Income before taxes,15390,16720,-13320,-12230,-91140,-54140
Provision for income taxes,2930,4380,1220,-240,1730,1560
Net income from continuing operations,12460,12340,-14540,-11990,-92870,-55700
Other,-1620,-1030,-590,1240,-1170,-400
Net income,10840,11310,-15130,-10750,-94040,-56100
Preferred dividend,-20,-1780,-590,,-1170,-1170
Net income available to common shareholders,10860,13090,-14540,-10750,-92870,-54930
Earnings per share
Basic,42.99,51.81,-57.91,-42.81,-369.82,-221.92
Diluted,42.99,51.72,-57.91,-42.81,-369.82,-221.92
Weighted average shares outstanding
Basic,253,253,251,251,251,250
Diluted,253,253,251,251,251,250
