﻿ESTER INDUSTRIES LTD  (500136) CashFlowFlag INCOME STATEMENT
Fiscal year ends in March. INR in millions except per share data.,2017-03,2018-03,2019-03,2020-03,2021-03,TTM
Revenue,7069,8073,10236,10351,9882,13110
Cost of revenue,5551,6406,8146,7347,6255,9108
Gross profit,1518,1667,2090,3004,3627,4002
Operating expenses
"Sales, General and administrative",491,422,345,335,408,
Other operating expenses,876,852,928,1062,1195,1962
Total operating expenses,1366,1274,1273,1397,1603,1962
Operating income,152,393,817,1607,2023,2040
Interest Expense,292,316,330,233,173,208
Other income (expense),-25,-2,-16,12,4,7
Income before taxes,-164,75,470,1386,1854,1839
Provision for income taxes,-54,22,159,391,479,477
Net income from continuing operations,-109,53,311,995,1375,1362
Net income,-109,53,311,995,1375,1362
Net income available to common shareholders,-109,53,311,995,1375,1362
Earnings per share
Basic,-1.31,0.63,3.73,11.93,16.49,16.34
Diluted,-1.31,0.63,3.73,11.93,16.49,16.34
Weighted average shares outstanding
Basic,83,83,83,83,83,83
Diluted,83,83,83,83,83,83
EBITDA,423,701,1125,1971,2380,2422
