﻿P.H.CAPITAL LTD  (500143) CashFlowFlag INCOME STATEMENT
Fiscal year ends in March. INR in millions except per share data.,2017-03,2018-03,2019-03,2020-03,2021-03,TTM
Revenue,460,882,515,591,483,800
Cost of revenue,438,850,511,613,321,559
Gross profit,23,32,5,-22,162,241
Operating expenses
"Sales, General and administrative",1,0,0,0,0,4
Other operating expenses,3,3,5,5,4,4
Total operating expenses,3,3,5,5,4,7
Operating income,19,29,-1,-27,159,234
Interest Expense,3,5,3,3,1,5
Other income (expense),0,-0,-0,0,-0,4
Income before taxes,17,24,-3,-30,157,232
Provision for income taxes,3,7,1,-3,54,50
Net income from continuing operations,14,17,-4,-27,103,182
Other,,-0,,,,
Net income,14,17,-4,-27,103,182
Net income available to common shareholders,14,17,-4,-27,103,182
Earnings per share
Basic,4.64,5.63,-1.46,-8.90,34.32,60.78
Diluted,4.64,5.63,-1.46,-8.90,34.32,60.78
Weighted average shares outstanding
Basic,3,3,3,3,3,3
Diluted,3,3,3,3,3,3
EBITDA,20,30,-0,-26,159,237
