﻿FGP LTD  (500142) Statement of  CASH FLOW
Fiscal year ends in March. INR in millions except per share data.,2017-03,2018-03,2019-03,2020-03,2021-03,TTM
Cash Flows From Operating Activities
Net income,-8,-4,2,-12,0,2
Depreciation & amortization,0,0,0,0,0,-0
Investments losses (gains),-1,-3,-2,6,-7,-8
Change in working capital,1,-1,1,-0,1,-1
Other working capital,1,-1,1,-0,1,-1
Other non-cash items,-1,1,-1,-0,0,0
Net cash provided by operating activities,-9,-7,1,-7,-6,-7
Cash Flows From Investing Activities
"Investments in property, plant, and equipment",,-0,-0,,-0,
"Property, plant, and equipment reductions",,,,0,,
Sales/Maturities of investments,8,8,4,,3,6
Other investing activities,1,1,2,1,0,0
Net cash used for investing activities,9,9,5,1,3,6
Cash Flows From Financing Activities
Other financing activities,,,-0,,,0
Net cash provided by (used for) financing activities,,,-0,,,0
Net change in cash,0,2,7,-6,-3,-0
Cash at beginning of period,1,1,3,10,4,1
Cash at end of period,1,3,10,4,1,1
Free Cash Flow
Operating cash flow,-9,-7,1,-7,-6,-7
Capital expenditure,,-0,-0,,-0,
Free cash flow,-9,-7,1,-7,-6,-7
