﻿HMT LTD  (500191) CashFlowFlag BALANCE SHEET
Fiscal year ends in March. INR in millions except per share data.,2017-03,2018-03,2019-03,2020-03,2021-03
Assets
Current assets
Cash
Cash and cash equivalents,2456,2295,2378,2085,1906
Short-term investments,146,,,,
Total cash,2602,2295,2378,2085,1906
Receivables,963,1049,1663,1508,1685
Inventories,1437,1301,1685,1890,1721
Prepaid expenses,,,52,56,59
Other current assets,722,667,605,972,608
Total current assets,5725,5313,6383,6510,5979
Non-current assets
"Property, plant and equipment"
"Gross property, plant and equipment",4788,4580,4605,4636,4617
Accumulated Depreciation,-4051,-3942,-3990,-4061,-4100
"Net property, plant and equipment",737,638,615,575,517
Intangible assets,75,97,94,127,112
Prepaid pension benefit,,28,24,4,
Other long-term assets,117,47,33,30,190
Total non-current assets,929,810,767,736,820
Total assets,6654,6123,7150,7246,6799
Liabilities and stockholders' equity
Liabilities
Current liabilities
Short-term debt,3981,5736,7263,8664,9998
Accounts payable,852,1343,1001,1138,1026
Taxes payable,0,0,65,13,
Other current liabilities,43587,43166,42987,41506,42250
Total current liabilities,48421,50245,51317,51320,53274
Non-current liabilities
Long-term debt,4353,3732,2314,1222,179
Deferred taxes liabilities,9,8,5,4,5
Deferred revenues,,,511,257,84
Pensions and other benefits,827,771,546,512,409
Minority interest,-8,-8,-3,-3,-3
Other long-term liabilities,,842,,,17
Total non-current liabilities,5181,5345,3373,1992,692
Total liabilities,53602,55590,54690,53313,53966
Stockholders' equity
Common stock,12041,12041,3556,3556,3556
Retained earnings,-60273,-62814,-52324,-50765,-51863
Accumulated other comprehensive income,1284,1374,1258,1172,1169
Total stockholders' equity,-46948,-49399,-47510,-46037,-47137
Total liabilities and stockholders' equity,6654,6191,7180,7276,6829
