﻿NXTDIGITAL LTD  (500189) Statement of  CASH FLOW
Fiscal year ends in March. INR in millions except per share data.,2017-03,2018-03,2019-03,2020-03,2021-03,TTM
Cash Flows From Operating Activities
Net income,-1864,-2337,-3639,-3035,-1114,-1109
Depreciation & amortization,1240,1535,1529,1975,2040,2066
Investments losses (gains),-509,-0,50,-1177,-67,-64
Change in working capital,123,-433,-503,-667,-516,-572
Inventory,694,619,22,-25,5,-43
Other working capital,-571,-1052,-525,-641,-521,-529
Other non-cash items,2021,1967,1187,1524,1141,921
Net cash provided by operating activities,1012,732,-1375,-1380,1483,1242
Cash Flows From Investing Activities
"Investments in property, plant, and equipment",-438,-1435,-805,-715,-1079,-501
"Property, plant, and equipment reductions",,182,68,2,28,
"Acquisitions, net",569,,,,,
Purchases of investments,-132,-452,-144,-141,,
Sales/Maturities of investments,1931,,6315,7061,993,988
Sales of intangibles,20,,,,,
Other investing activities,35,33,151,81,144,138
Net cash used for investing activities,1985,-1671,5585,6287,87,625
Cash Flows From Financing Activities
Debt issued,,,,,40,
Debt repayment,,,,,-91,
Common stock issued,1168,,,,,
Dividend paid,-2,-360,-360,-384,-135,
Other financing activities,-4208,1034,-3934,-4584,-1522,-1566
Net cash provided by (used for) financing activities,-3043,674,-4294,-4968,-1709,-1566
Net change in cash,-45,-265,-84,-61,-139,301
Cash at beginning of period,742,697,400,316,269,289
Cash at end of period,697,431,316,255,131,590
Free Cash Flow
Operating cash flow,1012,732,-1375,-1380,1483,1242
Capital expenditure,-438,-1435,-805,-715,-1079,-501
Free cash flow,574,-703,-2180,-2096,405,741
