﻿GOODYEAR INDIA LTD  (500168) CashFlowFlag BALANCE SHEET
Fiscal year ends in March. INR in millions except per share data.,2017-03,2018-03,2019-03,2020-03,2021-03
Assets
Current assets
Cash
Cash and cash equivalents,4534,3187,3009,2254,3829
Short-term investments,123,2550,2550,3180,2101
Total cash,4657,5737,5559,5434,5930
Receivables,1572,2067,2385,2145,2651
Inventories,1690,1682,1672,1498,1332
Prepaid expenses,,236,177,148,85
Other current assets,131,176,157,184,214
Total current assets,8051,9900,9951,9408,10212
Non-current assets
"Property, plant and equipment"
"Gross property, plant and equipment",3371,3859,4547,5319,5700
Accumulated Depreciation,-791,-1136,-1535,-2017,-2421
"Net property, plant and equipment",2580,2723,3012,3302,3279
Intangible assets,1,1,1,2,2
Deferred income taxes,126,,,,
Other long-term assets,264,352,342,356,413
Total non-current assets,2971,3076,3355,3660,3694
Total assets,11022,12976,13305,13068,13906
Liabilities and stockholders' equity
Liabilities
Current liabilities
Capital leases,,,,42,29
Accounts payable,25,1021,3422,2663,4052
Other current liabilities,3510,3633,926,818,1054
Total current liabilities,3535,4654,4348,3522,5135
Non-current liabilities
Capital leases,,,,107,116
Deferred taxes liabilities,200,92,67,21,17
Pensions and other benefits,,8,219,261,242
Other long-term liabilities,216,200,,,
Total non-current liabilities,416,299,286,389,375
Total liabilities,3951,4954,4634,3911,5510
Stockholders' equity
Common stock,231,231,231,231,231
Additional paid-in capital,,631,631,631,631
Retained earnings,5540,6491,7140,7626,6864
Accumulated other comprehensive income,1301,669,669,669,669
Total stockholders' equity,7071,8022,8671,9157,8396
Total liabilities and stockholders' equity,11022,12976,13305,13068,13906
