﻿GFL LTD  (500173) CashFlowFlag BALANCE SHEET
Fiscal year ends in March. INR in millions except per share data.,2017-03,2018-03,2019-03,2020-03,2021-03
Assets
Current assets
Cash
Cash and cash equivalents,2377,1108,712,2074,785
Short-term investments,5670,1844,1643,577,151
Total cash,8047,2951,2355,2651,936
Receivables,27747,19437,21231,13816,178
Inventories,10585,13139,15980,12075,103
Prepaid expenses,1801,2678,3002,4548,338
Other current assets,11040,1457,2434,3557,757
Total current assets,59220,39662,45001,36647,2312
Non-current assets
"Property, plant and equipment"
"Gross property, plant and equipment",43275,52230,60627,53069,39437
Accumulated Depreciation,-5327,-7960,-10951,-6949,-8290
"Net property, plant and equipment",37947,44270,49677,46120,31147
Goodwill,175,175,175,175,175
Intangible assets,925,832,750,361,56
Deferred income taxes,483,1676,5028,4380,2841
Other long-term assets,11039,12588,14827,8178,2302
Total non-current assets,50570,59541,70458,59215,36522
Total assets,109790,99203,115459,95862,38833
Liabilities and stockholders' equity
Liabilities
Current liabilities
Short-term debt,21642,14065,16205,9482,677
Capital leases,,2,2,701,811
Accounts payable,11049,8415,12861,11931,1055
Taxes payable,919,964,810,692,55
Other current liabilities,3963,6367,4904,12052,1274
Total current liabilities,37573,29814,34782,34857,3873
Non-current liabilities
Long-term debt,11438,5943,5723,1559,470
Capital leases,,9,,25939,26593
Deferred taxes liabilities,2096,2013,149,53,3
Deferred revenues,1016,470,815,455,577
Pensions and other benefits,332,372,401,265,167
Minority interest,10815,11929,12879,10131,3359
Other long-term liabilities,1338,986,942,816,67
Total non-current liabilities,27034,21721,20909,39218,31235
Total liabilities,64608,51535,55691,74075,35108
Stockholders' equity
Common stock,110,110,110,110,110
Additional paid-in capital,4679,4679,4677,4680,1431
Retained earnings,10762,11195,21284,16686,1692
Accumulated other comprehensive income,29632,31685,33697,311,494
Total stockholders' equity,45183,47668,59768,21787,3726
Total liabilities and stockholders' equity,109790,99203,115459,95862,38833
