﻿GTN INDUSTRIES LTD  (500170) CashFlowFlag BALANCE SHEET
Fiscal year ends in March. INR in millions except per share data.,2017-03,2018-03,2019-03,2020-03,2021-03
Assets
Current assets
Cash
Cash and cash equivalents,64,5,26,41,58
Short-term investments,,0,1,,1
Total cash,64,5,27,41,59
Receivables,145,322,269,243,275
Inventories,592,633,540,619,593
Prepaid expenses,,85,39,88,31
Other current assets,109,190,213,231,275
Total current assets,909,1234,1089,1222,1233
Non-current assets
"Property, plant and equipment"
"Gross property, plant and equipment",3010,1744,3254,3105,3106
Accumulated Depreciation,-1518,-39,-1575,-1645,-1734
"Net property, plant and equipment",1492,1705,1678,1460,1373
Intangible assets,0,0,0,0,0
Deferred income taxes,,,7,7,27
Other long-term assets,79,80,50,49,50
Total non-current assets,1571,1785,1736,1516,1450
Total assets,2481,3019,2825,2737,2683
Liabilities and stockholders' equity
Liabilities
Current liabilities
Short-term debt,985,1222,1009,1014,1006
Accounts payable,264,376,397,411,309
Taxes payable,,,,,5
Other current liabilities,64,105,45,70,185
Total current liabilities,1313,1703,1451,1495,1504
Non-current liabilities
Long-term debt,433,614,791,711,712
Deferred taxes liabilities,,37,,,
Pensions and other benefits,,9,9,13,10
Other long-term liabilities,-0,,,,
Total non-current liabilities,433,661,799,723,722
Total liabilities,1746,2364,2250,2219,2226
Stockholders' equity
Preferred stock,290,,,,
Common stock,176,175,175,175,175
Additional paid-in capital,111,,111,111,111
Retained earnings,-355,,228,174,112
Accumulated other comprehensive income,513,480,59,58,59
Total stockholders' equity,735,655,574,519,458
Total liabilities and stockholders' equity,2481,3019,2825,2737,2683
