﻿GFL LTD  (500173) Statement of  CASH FLOW
Fiscal year ends in March. INR in millions except per share data.,2017-03,2018-03,2019-03,2020-03,2021-03,TTM
Cash Flows From Operating Activities
Net income,2145,2401,13491,-2365,-3357,-4101
Depreciation & amortization,3487,2992,3331,3542,2832,2876
Investments losses (gains),-1041,-846,-192,-93,-18,-32
Deferred income taxes,2269,394,-5423,-415,-1084,-1312
Stock based compensation,1,18,13,5,2,10
Change in working capital,-3031,3534,-2914,6245,212,569
Inventory,-1146,-2554,-2841,-537,20,7
Other working capital,-1885,6088,-73,6782,192,562
Other non-cash items,3487,1026,1367,5223,-146,903
Net cash provided by operating activities,7317,9518,9672,12142,-1557,-1088
Cash Flows From Investing Activities
"Investments in property, plant, and equipment",-6581,-10153,-9278,-5162,-596,-633
"Property, plant, and equipment reductions",31,18,166,499,1,
"Acquisitions, net",-9,1579,-707,,,
Purchases of investments,-7510,-15809,-9854,-5013,-1343,-4424
Sales/Maturities of investments,6886,19475,10305,4604,1475,3249
Purchases of intangibles,-31,-23,-31,-74,-11,-25
Other investing activities,469,10804,-145,-530,1211,1029
Net cash used for investing activities,-6744,5890,-9544,-5676,738,-804
Cash Flows From Financing Activities
Debt issued,5145,5786,3094,547,760,400
Debt repayment,-1970,-18961,-3378,-2305,-541,-726
Common stock issued,,,1,1,3473,5427
Dividend paid,,-463,-464,-530,,
Other financing activities,-2664,-3043,223,-4005,-3131,-3779
Net cash provided by (used for) financing activities,511,-16681,-523,-6292,560,1322
Net change in cash,1083,-1272,-395,174,-259,-571
Cash at beginning of period,1272,2377,1108,712,480,677
Cash at end of period,2356,1105,712,887,221,106
Free Cash Flow
Operating cash flow,7317,9518,9672,12142,-1557,-1088
Capital expenditure,-6612,-10177,-9309,-5236,-606,-658
Free cash flow,705,-658,364,6906,-2164,-1746
