﻿HCL INFOSYSTEMS LTD  (500179) CashFlowFlag INCOME STATEMENT
Fiscal year ends in March. INR in millions except per share data.,2017-03,2018-03,2019-03,2020-03,2021-03,TTM
Revenue,37375,36120,43399,18152,3528,990
Cost of revenue,30334,32462,39588,17087,3244,574
Gross profit,7041,3658,3812,1064,283,417
Operating expenses
"Sales, General and administrative",,489,531,453,423,408
Other operating expenses,8912,4546,4337,2777,2373,1805
Total operating expenses,8912,5035,4867,3230,2796,2213
Operating income,-1871,-1377,-1056,-2166,-2513,-1796
Interest Expense,1903,1310,1105,768,491,177
Other income (expense),847,671,766,658,1056,2037
Income before taxes,-2927,-2016,-1394,-2276,-1948,64
Provision for income taxes,-450,56,82,622,20,
Other income,,,,,,-20
Net income from continuing operations,-2477,-2072,-1477,-2898,-1967,45
Net income from discontinuing ops,,-6066,125,1534,,
Net income,-2477,-8138,-1352,-1363,-1967,45
Net income available to common shareholders,-2477,-8138,-1352,-1363,-1967,45
Earnings per share
Basic,-11.03,-31.77,-4.11,-4.14,-5.98,0.13
Diluted,-11.03,-31.77,-4.11,-4.14,-5.98,0.13
Weighted average shares outstanding
Basic,225,256,329,329,329,328
Diluted,225,256,329,329,329,328
EBITDA,-632,-356,-70,-1327,-1414,262
