﻿HDFC BANK LTD  (500180) Statement of  CASH FLOW
Fiscal year ends in March. INR in millions except per share data.,2017-03,2018-03,2019-03,2020-03,2021-03,TTM
Cash Flows From Operating Activities
Net income,140741,178834,220566,260364,326006,358290
Depreciation & amortization,8880,9680,12249,12800,13860,14973
Investments losses (gains),-9606,-10853,-2596,-25826,-55925,
Deferred income taxes,-5049,-10404,-8129,-101,-8267,
Stock based compensation,8203,6595,5343,7476,10604,
Change in working capital,187192,-153625,-126268,-230662,472346,499995
Accounts receivable,-9083,-10528,-15060,-9753,-15805,
Accounts payable,3286,20997,13775,564,-2074,
Accrued liabilities,223290,-122804,84300,146967,18701,
Other working capital,-30300,-41291,-209282,-368440,471524,499995
Other non-cash items,48911,74048,82108,147129,163153,93625
Net cash provided by operating activities,379272,94274,183272,171180,921776,966883
Cash Flows From Investing Activities
"Investments in property, plant, and equipment",-12628,-9182,-16355,-18294,-17806,-19903
"Property, plant, and equipment reductions",94,95,212,182,153,196
Purchases of investments,-2890097,-1518100,-1784576,-2608674,-3217281,
Sales/Maturities of investments,2687237,1368510,1390851,1867971,2393477,
Other investing activities,-1362810,-1889650,-1127115,-1391673,-1679692,-2503496
Net cash used for investing activities,-1578204,-2048326,-1536983,-2150488,-2521150,-2523203
Cash Flows From Financing Activities
Debt issued,335049,425517,320094,272105,481989,656748
Debt repayment,-123074,-225150,-224084,-315210,-326285,-233424
Common stock issued,,,,,,8257
Dividend paid,-29281,-34490,-41015,-66447,-167,-36091
Other financing activities,1071283,1931138,1462508,1955339,1762832,1762989
Net cash provided by (used for) financing activities,1253977,2097014,1517502,1845787,1918369,2158480
Effect of exchange rate changes,-2008,479,-3070,10610,-262,1441
Net change in cash,53037,143442,160721,-122912,318734,603602
Cash at beginning of period,377672,430709,574151,734873,611961,1096136
Cash at end of period,430709,574151,734872,611961,930695,1699738
Free Cash Flow
Operating cash flow,379272,94274,183272,171180,921776,966883
Capital expenditure,-12628,-9182,-16355,-18294,-17806,-19903
Free cash flow,366644,85093,166917,152885,903970,946980
