﻿EPL LTD ORDINARY SHARES  (500135) CashFlowFlag BALANCE SHEET
Fiscal year ends in March. INR in millions except per share data.,2017-03,2018-03,2019-03,2020-03,2021-03
Assets
Current assets
Cash
Cash and cash equivalents,820,1157,904,3116,2365
Short-term investments,208,568,431,556,4
Total cash,1028,1726,1334,3672,2369
Receivables,3766,4590,4934,4903,5891
Inventories,2460,2864,3234,3672,4149
Prepaid expenses,174,194,193,252,241
Other current assets,2211,1966,1238,915,790
Total current assets,9640,11340,10933,13413,13440
Non-current assets
"Property, plant and equipment"
"Gross property, plant and equipment",15121,17301,20063,22979,25958
Accumulated Depreciation,-3840,-5746,-7226,-9600,-12122
"Net property, plant and equipment",11281,11555,12838,13379,13836
Goodwill,142,142,142,142,1159
Intangible assets,564,561,506,513,590
Deferred income taxes,90,54,74,101,169
Other long-term assets,869,894,708,511,920
Total non-current assets,12947,13206,14268,14646,16674
Total assets,22587,24546,25201,28059,30114
Liabilities and stockholders' equity
Liabilities
Current liabilities
Short-term debt,1874,2807,1621,3137,1991
Capital leases,60,42,11,268,266
Accounts payable,1473,1884,2065,2446,4222
Taxes payable,167,247,121,82,124
Other current liabilities,1876,1933,1922,1964,1128
Total current liabilities,5450,6912,5740,7897,7731
Non-current liabilities
Long-term debt,6050,4004,4693,3239,3545
Capital leases,,488,,724,641
Deferred taxes liabilities,408,357,510,475,543
Deferred revenues,,,,,143
Minority interest,57,43,52,86,333
Other long-term liabilities,233,236,327,312,197
Total non-current liabilities,6747,5128,5581,4836,5402
Total liabilities,12197,12040,11322,12733,13133
Stockholders' equity
Common stock,314,314,631,631,631
Additional paid-in capital,1324,,993,1010,895
Retained earnings,3196,,5882,6986,8065
Accumulated other comprehensive income,5556,12191,6374,6700,7390
Total stockholders' equity,10390,12506,13880,15326,16981
Total liabilities and stockholders' equity,22587,24546,25201,28059,30114
