﻿CHENNAI PETROLEUM CORP LTD  (500110) CashFlowFlag INCOME STATEMENT
Fiscal year ends in March. INR in millions except per share data.,2018-03,2019-03,2020-03,2021-03,2022-03,TTM
Revenue,324743,413146,370908,223596,433754,433754
Cost of revenue,295633,398214,383075,196143,393695,393695
Gross profit,29111,14932,-12168,27454,40059,40059
Operating expenses
"Sales, General and administrative",2010,2118,1693,2252,,
Other operating expenses,9143,9579,9882,9211,17859,17859
Total operating expenses,11154,11697,11575,11462,17859,17859
Operating income,17957,3235,-23742,15991,22200,22200
Interest Expense,3075,4082,3847,3725,4124,4124
Other income (expense),-156,-2053,-2359,696,337,337
Income before taxes,14725,-2900,-29948,12962,18412,18412
Provision for income taxes,5453,-847,-9384,10390,4892,4892
Net income from continuing operations,9272,-2054,-20564,2573,13520,13520
Net income,9272,-2054,-20564,2573,13520,13520
Net income available to common shareholders,9272,-2054,-20564,2573,13520,13520
Earnings per share
Basic,62.27,-13.79,-138.10,17.28,90.80,90.80
Diluted,62.27,-13.79,-138.10,17.28,90.80,90.80
Weighted average shares outstanding
Basic,149,149,149,149,149,149
Diluted,149,149,149,149,149,149
EBITDA,21203,5707,-21420,21345,27576,27576
