﻿DCW LTD  (500117) CashFlowFlag BALANCE SHEET
Fiscal year ends in March. INR in millions except per share data.,2017-03,2018-03,2019-03,2020-03,2021-03
Assets
Current assets
Cash
Cash and cash equivalents,16,36,12,35,500
Short-term investments,,3,157,509,724
Total cash,16,39,169,543,1225
Receivables,805,862,737,727,952
Inventories,1352,1571,1223,1770,1691
Prepaid expenses,44,150,68,95,148
Other current assets,630,402,305,494,97
Total current assets,2846,3023,2501,3629,4112
Non-current assets
"Property, plant and equipment"
"Gross property, plant and equipment",17746,18023,18473,18721,18900
Accumulated Depreciation,-1217,-2076,-3063,-3927,-4793
"Net property, plant and equipment",16530,15947,15409,14795,14107
Other long-term assets,146,67,276,122,533
Total non-current assets,16676,16014,15686,14916,14641
Total assets,19523,19037,18187,18546,18752
Liabilities and stockholders' equity
Liabilities
Current liabilities
Short-term debt,2897,3350,2994,1381,1003
Capital leases,,,,2,1
Accounts payable,2713,1738,2776,3232,2980
Taxes payable,,7,6,,
Other current liabilities,923,1518,1221,1597,1428
Total current liabilities,6533,6614,6997,6212,5413
Non-current liabilities
Long-term debt,4800,4788,3836,4673,5227
Capital leases,,,,1,10
Deferred taxes liabilities,1134,836,664,540,616
Pensions and other benefits,125,154,108,137,153
Other long-term liabilities,383,294,267,205,462
Total non-current liabilities,6442,6072,4874,5556,6468
Total liabilities,12975,12686,11871,11768,11880
Stockholders' equity
Common stock,439,442,442,522,522
Additional paid-in capital,1290,1317,1317,1958,1958
Retained earnings,1569,1367,1324,1056,1094
Accumulated other comprehensive income,3250,3225,3232,3242,3298
Total stockholders' equity,6547,6351,6315,6778,6872
Total liabilities and stockholders' equity,19523,19037,18187,18546,18752
