﻿PRAG BOSIMI SYNTHETICS LTD  (500192) Statement of  CASH FLOW
Fiscal year ends in March. INR in millions except per share data.,2017-03,2018-03,2019-03,2020-03,2021-03,TTM
Cash Flows From Operating Activities
Net income,-184,-213,-113,-158,-122,-121
Depreciation & amortization,99,36,43,44,44,45
Investments losses (gains),-1,-1,,,,
Change in working capital,6,-51,-7,37,59,75
Inventory,-14,-1,4,15,12,9
Other working capital,19,-51,-10,22,47,65
Other non-cash items,34,52,13,53,52,52
Net cash provided by operating activities,-47,-177,-63,-23,33,51
Cash Flows From Investing Activities
"Investments in property, plant, and equipment",-224,-119,-87,-9,-21,-30
Purchases of investments,-227,,,,,
Sales/Maturities of investments,,138,17,,,
Other investing activities,1,6,6,4,122,50
Net cash used for investing activities,-449,25,-64,-5,101,20
Cash Flows From Financing Activities
Debt issued,227,,,,,
Debt repayment,-128,-46,-2,-1,-99,
Common stock issued,,15,14,,,
Other financing activities,-51,166,112,35,-40,-43
Net cash provided by (used for) financing activities,48,135,125,33,-139,-43
Net change in cash,-449,-17,-2,5,-5,27
Cash at beginning of period,473,24,7,4,10,7
Cash at end of period,24,7,4,10,4,34
Free Cash Flow
Operating cash flow,-47,-177,-63,-23,33,51
Capital expenditure,-224,-119,-87,-9,-21,-30
Free cash flow,-271,-296,-150,-32,12,20
