﻿HINDUSTAN CONSTRUCTION CO LTD  (500185) Statement of  CASH FLOW
Fiscal year ends in March. INR in millions except per share data.,2017-03,2018-03,2019-03,2020-03,2021-03,TTM
Cash Flows From Operating Activities
Net income,-10222,-11002,-8256,3620,-8674,6005
Depreciation & amortization,2058,2013,1774,1518,1355,1427
Investments losses (gains),-12,-18,72,162,-10,-12
Change in working capital,-337,6020,-5531,-3420,-1854,-2073
Inventory,-639,1039,-165,1645,-124,-319
Other working capital,302,4981,-5366,-5064,-1730,-1754
Other non-cash items,15738,17005,13798,3496,12662,3628
Net cash provided by operating activities,7226,14019,1857,5377,3479,8974
Cash Flows From Investing Activities
"Investments in property, plant, and equipment",-2462,,-425,-873,-748,-329
"Property, plant, and equipment reductions",247,571,178,208,141,246
Purchases of investments,-8,-172,-326,,-531,
Sales/Maturities of investments,,458,39,224,90,
Other investing activities,106,245,488,84,302,-4992
Net cash used for investing activities,-2116,1102,-46,-357,-746,-5075
Cash Flows From Financing Activities
Debt issued,6390,,,2316,6486,
Debt repayment,,-2073,-5226,-2942,-897,-775
Common stock issued,8086,198,4905,,,
Dividend paid,-2,-2,-2,,,
Other financing activities,-19241,-11480,-2823,-4514,-4581,-5907
Net cash provided by (used for) financing activities,-4766,-13356,-3146,-5141,1008,-6682
Effect of exchange rate changes,1,0,1,175,-81,-62
Net change in cash,344,1764,-1335,54,3660,-2845
Cash at beginning of period,1934,2277,4042,2707,2761,7754
Cash at end of period,2277,4042,2707,2761,6421,4909
Free Cash Flow
Operating cash flow,7226,14019,1857,5377,3479,8974
Capital expenditure,-2462,,-425,-873,-748,-329
Free cash flow,4764,14019,1432,4504,2731,8645
