﻿HLV LTD  (500193) CashFlowFlag BALANCE SHEET
Fiscal year ends in March. INR in millions except per share data.,2017-03,2018-03,2019-03,2020-03,2021-03
Assets
Current assets
Cash
Cash and cash equivalents,478,208,290,182,33
Short-term investments,,-44,,,
Total cash,478,163,290,182,33
Receivables,716,825,654,75,28
Inventories,301,323,78,67,62
Prepaid expenses,,251,93,95,224
Other current assets,440,224,35201,639,688
Total current assets,1935,1787,36316,1058,1036
Non-current assets
"Property, plant and equipment"
"Gross property, plant and equipment",54379,40582,2985,3223,3210
Accumulated Depreciation,-12838,-2508,-278,-371,-483
"Net property, plant and equipment",41541,38074,2707,2852,2726
Goodwill,,325,,,
Intangible assets,363,23,6,3,2
Other long-term assets,3548,5321,2858,2684,2200
Total non-current assets,45452,43744,5571,5539,4928
Total assets,47386,45530,41888,6597,5964
Liabilities and stockholders' equity
Liabilities
Current liabilities
Short-term debt,2573,7089,29005,296,327
Capital leases,,,,35,38
Accounts payable,827,970,634,620,9
Other current liabilities,2694,2520,2325,689,970
Total current liabilities,6093,10579,31964,1640,1343
Non-current liabilities
Long-term debt,39541,30731,7105,36,104
Capital leases,,,,149,111
Pensions and other benefits,,166,58,97,88
Other long-term liabilities,401,212,106,102,101
Total non-current liabilities,39941,31109,7269,383,404
Total liabilities,46035,41689,39233,2023,1747
Stockholders' equity
Common stock,933,1261,1261,1261,1261
Additional paid-in capital,4987,8085,8085,7410,7410
Retained earnings,-9726,-6145,-7334,-5397,-5756
Accumulated other comprehensive income,5158,641,643,1300,1303
Total stockholders' equity,1352,3842,2655,4574,4217
Total liabilities and stockholders' equity,47386,45530,41888,6597,5964
