﻿IDBI BANK LTD  (500116) CashFlowFlag BALANCE SHEET
Fiscal year ends in March. INR in millions except per share data.,2018-03,2019-03,2020-03,2021-03,2022-03
Assets
Current assets
Cash
Cash and cash equivalents,585358,430707,545489,538122,268005
Total cash,585358,430707,545489,538122,268005
Receivables,75143,44181,34079,30575,
Prepaid expenses,41429,50918,60140,65402,
Other current assets,-701931,-525806,-639708,-634099,-268005
Total current assets,,,,,
Non-current assets
"Property, plant and equipment"
"Gross property, plant and equipment",97660,112980,106101,106380,
Accumulated Depreciation,-29130,-29881,-24034,-27653,
"Net property, plant and equipment",68529,83099,82068,78727,99870
Equity and other investments,921550,933277,819958,814709,834750
Other long-term assets,-990079,-1016376,-902026,-893436,-934620
Total non-current assets,,,,,
Total assets,,,,,
Liabilities and stockholders' equity
Liabilities
Current liabilities
Accounts payable,11809,9401,7132,4981,
Taxes payable,815,976,1023,930,
Other current liabilities,-12624,-10377,-8155,-5910,
Total current liabilities,,,,,
Non-current liabilities
Minority interest,860,970,1036,1130,1282
Total non-current liabilities,860,970,1036,1130,1282
Total liabilities,860,970,1036,1130,1282
Stockholders' equity
Common stock,30839,77363,103806,107524,107524
Additional paid-in capital,181605,430132,496689,507323,
Retained earnings,-171485,-323717,-454100,-451594,
Accumulated other comprehensive income,178122,199689,201962,213028,318193
Total stockholders' equity,219080,383467,348357,376280,425717
Total liabilities and stockholders' equity,219939,384437,349393,377410,426999
