﻿HIMADRI SPECIALITY CHEMICAL LTD  (500184) Statement of  CASH FLOW
Fiscal year ends in March. INR in millions except per share data.,2017-03,2018-03,2019-03,2020-03,2021-03,TTM
Cash Flows From Operating Activities
Net income,1247,3610,4621,1941,646,804
Depreciation & amortization,328,332,344,392,470,478
Investments losses (gains),-26,-24,-15,-1,-1,
Stock based compensation,3,10,17,14,5,4
Change in working capital,-255,-1342,355,130,-1743,-999
Inventory,-763,-242,-1231,1380,658,-1569
Other working capital,507,-1100,1585,-1250,-2401,569
Other non-cash items,758,-20,-565,350,220,281
Net cash provided by operating activities,2054,2567,4758,2826,-404,567
Cash Flows From Investing Activities
"Investments in property, plant, and equipment",-47,-628,-2038,-2467,-350,-248
"Property, plant, and equipment reductions",4,,1,0,0,0
Purchases of investments,-79,-635,-688,-1620,-3496,-997
Sales/Maturities of investments,280,640,460,1946,2693,1409
Purchases of intangibles,,,-5,-1,-1,
Other investing activities,17,120,27,5,19,24
Net cash used for investing activities,175,-503,-2242,-2138,-1136,188
Cash Flows From Financing Activities
Debt issued,505,1312,41,19,4079,1485
Debt repayment,-1188,-2522,-1904,-470,-1947,-1693
Common stock issued,,,3,4,3,
Dividend paid,-25,-50,-50,-76,-63,
Other financing activities,-1624,-738,-664,114,-425,-445
Net cash provided by (used for) financing activities,-2332,-1999,-2574,-408,1647,-653
Effect of exchange rate changes,-74,14,-0,-1,-0,
Net change in cash,-176,78,-58,280,107,102
Cash at beginning of period,297,121,199,141,420,1492
Cash at end of period,121,199,141,420,527,1593
Free Cash Flow
Operating cash flow,2054,2567,4758,2826,-404,567
Capital expenditure,-47,-628,-2043,-2469,-351,-248
Free cash flow,2007,1939,2715,357,-756,318
