﻿MANGALORE REFINERY AND PETROCHEMICALS LTD  (500109) Statement of  CASH FLOW
Fiscal year ends in March. INR in millions except per share data.,2017-03,2018-03,2019-03,2020-03,2021-03,TTM
Cash Flows From Operating Activities
Net income,32932,17736,3513,-40391,-7650,-6353
Depreciation & amortization,9841,9661,10475,10858,11580,11727
Investments losses (gains),-276,-153,-112,-20,-4,
Deferred income taxes,17606,10978,3001,-13593,-1540,-1293
Change in working capital,-66422,-650,-11716,27346,-34087,-2036
Inventory,-10316,-8241,-10701,20753,-28660,-38902
Other working capital,-56106,7590,-1015,6594,-5427,36867
Other non-cash items,-5376,2147,6867,20575,3680,-13135
Net cash provided by operating activities,-11693,39719,12028,4775,-28020,-11090
Cash Flows From Investing Activities
"Investments in property, plant, and equipment",-8618,-10707,-9646,-14938,-9140,-7409
"Property, plant, and equipment reductions",1044,,14,6,1,1
"Acquisitions, net",1,,-1530,,-12169,
Other investing activities,5264,894,1112,446,315,-11895
Net cash used for investing activities,-2310,-9813,-10050,-14487,-20992,-19303
Cash Flows From Financing Activities
Debt issued,19997,14980,20329,,39919,28894
Debt repayment,-16561,-21560,-14662,,-18583,-13929
Common stock issued,,,2997,2445,,
Dividend paid,,-12656,-6339,-2113,,
Other financing activities,-525,-8727,-8660,9350,27917,15444
Net cash provided by (used for) financing activities,2912,-27963,-6335,9682,49253,30409
Net change in cash,-11092,1942,-4357,-29,240,15
Cash at beginning of period,13553,2462,4404,47,18,33
Cash at end of period,2462,4404,47,18,258,48
Free Cash Flow
Operating cash flow,-11693,39719,12028,4775,-28020,-11090
Capital expenditure,-8618,-10707,-9646,-14938,-9140,-7409
Free cash flow,-20311,29012,2382,-10163,-37160,-18499
