﻿P.H.CAPITAL LTD  (500143) CashFlowFlag BALANCE SHEET
Fiscal year ends in March. INR in millions except per share data.,2017-03,2018-03,2019-03,2020-03,2021-03
Assets
Current assets
Cash
Cash and cash equivalents,1,0,2,1,5
Total cash,1,0,2,1,5
Inventories,105,127,115,71,200
Prepaid expenses,2,0,0,0,6
Other current assets,,27,1,21,1
Total current assets,108,155,118,93,212
Non-current assets
"Property, plant and equipment"
"Gross property, plant and equipment",12,12,12,12,12
Accumulated Depreciation,-8,-9,-9,-10,-10
"Net property, plant and equipment",4,3,3,3,3
Intangible assets,0,0,0,0,
Deferred income taxes,,,,1,
Other long-term assets,0,0,0,0,0
Total non-current assets,4,3,3,3,3
Total assets,113,158,121,96,215
Liabilities and stockholders' equity
Liabilities
Current liabilities
Short-term debt,29,36,3,12,0
Capital leases,,,,0,0
Accounts payable,0,0,0,0,0
Other current liabilities,0,1,0,1,1
Total current liabilities,29,37,4,13,1
Non-current liabilities
Long-term debt,0,0,0,0,
Capital leases,,,,0,
Deferred taxes liabilities,0,6,7,,27
Other long-term liabilities,0,0,,0,
Total non-current liabilities,1,7,7,0,27
Total liabilities,30,44,11,13,29
Stockholders' equity
Common stock,30,30,30,30,30
Retained earnings,53,,,53,156
Accumulated other comprehensive income,,84,80,,
Total stockholders' equity,83,114,110,83,186
Total liabilities and stockholders' equity,113,158,121,96,215
