﻿GODREJ INDUSTRIES LTD  (500164) CashFlowFlag BALANCE SHEET
Fiscal year ends in March. INR in millions except per share data.,2017-03,2018-03,2019-03,2020-03,2021-03
Assets
Current assets
Cash
Cash and cash equivalents,1868,2810,7560,5904,3944
Short-term investments,12290,16995,12891,24958,54252
Total cash,14158,19805,20451,30862,58196
Receivables,8968,10439,12282,15524,15107
Inventories,50203,34293,34972,32446,62490
Prepaid expenses,3891,3464,6008,6007,6892
Other current assets,6717,11770,13548,20893,33487
Total current assets,83939,79771,87261,105733,176172
Non-current assets
"Property, plant and equipment"
"Gross property, plant and equipment",29332,33267,38994,42023,47404
Accumulated Depreciation,-2393,-4044,-5528,-7098,-10101
"Net property, plant and equipment",26939,29222,33465,34924,37302
Goodwill,5003,5003,5988,6833,6833
Intangible assets,633,574,739,741,735
Deferred income taxes,2684,2937,6497,5150,4014
Other long-term assets,32987,40955,49457,51270,64994
Total non-current assets,68246,78691,96146,98918,113878
Total assets,152185,158463,183407,204651,290050
Liabilities and stockholders' equity
Liabilities
Current liabilities
Short-term debt,60413,59443,59469,66118,67939
Capital leases,,,,225,378
Accounts payable,16419,16856,19559,21804,33207
Taxes payable,124,619,398,895,323
Other current liabilities,10469,12132,22509,12723,18600
Total current liabilities,87424,89050,101934,101765,120448
Non-current liabilities
Long-term debt,15083,9523,12606,6126,31106
Capital leases,,,,284,780
Deferred taxes liabilities,2292,2425,2784,2426,2223
Deferred revenues,152,,204,212,170
Pensions and other benefits,,,,,391
Minority interest,14746,17969,22121,35607,58170
Other long-term liabilities,531,408,293,364,1228
Total non-current liabilities,32805,30324,38008,45019,94070
Total liabilities,120229,119374,139943,146784,214518
Stockholders' equity
Common stock,336,336,336,336,337
Additional paid-in capital,15846,10038,10004,9974,9513
Retained earnings,15530,18750,17881,22880,27195
Treasury stock,-48,,,,
Accumulated other comprehensive income,292,9965,15243,24676,38488
Total stockholders' equity,31956,39089,43464,57867,75532
Total liabilities and stockholders' equity,152185,158463,183407,204651,290050
