﻿IDBI BANK LTD  (500116) CashFlowFlag INCOME STATEMENT
Fiscal year ends in March. INR in millions except per share data.,2018-03,2019-03,2020-03,2021-03,2022-03,TTM
Revenue,121695,90772,108202,128483,141135,141135
Gross profit,121695,90772,108202,128483,141135,141135
Operating expenses
"Sales, General and administrative",747,1049,765,795,,
Other operating expenses,48051,51455,63650,60923,109810,109810
Total operating expenses,48798,52504,64415,61718,109810,109810
Operating income,72897,38268,43787,66764,31325,31325
Interest Expense,173762,161625,138411,114075,91249,91249
Other income (expense),19706,-26341,-33569,61798,97130,97130
Income before taxes,-81159,-149698,-128193,14487,37205,37205
Provision for income taxes,,,,,12027,12027
Other income,,,,835,393,393
Net income from continuing operations,-81159,-149698,-128193,15321,25571,25571
Other,-165,-170,-159,-182,-234,-234
Net income,-81324,-149868,-128352,15140,25337,25337
Net income available to common shareholders,-81324,-149868,-128352,15140,25337,25337
Earnings per share
Basic,-34.00,-30.22,-14.42,1.44,2.36,2.36
Diluted,-34.00,-30.22,-14.42,1.44,2.36,2.36
Weighted average shares outstanding
Basic,2392,4959,8899,10486,10736,10736
Diluted,2392,4959,8899,10486,10736,10736
