﻿ARVIND LTD  (500101) CashFlowFlag BALANCE SHEET
Fiscal year ends in March. INR in millions except per share data.,2017-03,2018-03,2019-03,2020-03,2021-03
Assets
Current assets
Cash
Cash and cash equivalents,209,395,706,502,271
Short-term investments,16,28,62,184,210
Total cash,226,423,769,687,481
Receivables,8139,17670,8971,10477,10917
Inventories,23828,26194,15984,12768,11598
Prepaid expenses,2307,1704,3652,2406,2753
Other current assets,6338,9404,5527,4039,3296
Total current assets,40837,55394,34904,30377,29046
Non-current assets
"Property, plant and equipment"
"Gross property, plant and equipment",41083,45044,42206,47575,47221
Accumulated Depreciation,-6081,-7891,-7265,-9672,-11502
"Net property, plant and equipment",35002,37153,34941,37904,35719
Goodwill,183,1370,262,267,146
Intangible assets,1306,1917,1286,964,596
Deferred income taxes,2258,2205,113,356,78
Other long-term assets,7119,4545,1830,1787,1623
Total non-current assets,45867,47190,38432,41278,38161
Total assets,86704,102584,73336,71654,67207
Liabilities and stockholders' equity
Liabilities
Current liabilities
Short-term debt,22090,24743,17651,14371,8602
Capital leases,,,,355,240
Accounts payable,14788,21472,13580,12599,14003
Deferred income taxes,,,108,23,0
Taxes payable,70,53,,,
Other current liabilities,2966,4780,2736,3402,3117
Total current liabilities,39914,51048,34075,30750,25962
Non-current liabilities
Long-term debt,7566,8487,9348,10183,11419
Capital leases,,,,1492,952
Deferred taxes liabilities,817,708,408,271,96
Deferred revenues,355,383,640,731,717
Minority interest,1514,3053,863,580,473
Other long-term liabilities,857,1078,498,562,394
Total non-current liabilities,11109,13708,11757,13819,14052
Total liabilities,51023,64756,45832,44569,40014
Stockholders' equity
Common stock,2584,2586,2586,2588,2589
Additional paid-in capital,6262,6843,6843,6815,6825
Retained earnings,18752,21121,17508,17751,17742
Accumulated other comprehensive income,8084,7279,568,-68,37
Total stockholders' equity,35682,37828,27504,27086,27193
Total liabilities and stockholders' equity,86704,102584,73336,71654,67207
