﻿Growth Profitability and Financial Ratios for Gujarat Lease Financing Ltd
Financials
,2013-03,2014-03,2015-03,2016-03,2017-03,2018-03,2019-03,2020-03,2021-03,2022-03,TTM
Revenue INR Mil,0,,0,,,,,,,,
Gross Margin %,13.5,,-12.0,,,,,,,,
Operating Income INR Mil,-2,-2,-3,-4,-4,-4,-3,-0,-4,-4,-4
Operating Margin %,-914.0,,-849.2,,,,,,,,
Net Income INR Mil,-2,0,-1,-2,-3,-3,-4,4,-3,-1,-1
Earnings Per Share INR,-0.07,0.02,-0.04,-0.07,-0.11,-0.14,-0.14,0.02,-0.13,-0.03,-0.03
Dividends INR,,,,,,,,,,,
Payout Ratio % *,,,,,,,,,,,
Shares Mil,27,27,27,27,27,27,27,27,27,27,27
Book Value Per Share * INR,-7.96,-8.03,-8.01,-8.06,-8.13,-8.24,-2.69,-2.19,-2.11,-1.63,-1.63
Operating Cash Flow INR Mil,-2,-1,1,-4,-3,-3,-5,-6,-58,-3,-3
Cap Spending INR Mil,,,-0,,-0,,-0,,-0,,
Free Cash Flow INR Mil,-2,-1,1,-4,-3,-3,-5,-6,-58,-3,-3
Free Cash Flow Per Share * INR,-0.05,-0.07,-0.04,0.03,-0.13,-0.10,-0.12,-0.26,-0.13,-2.01,
Working Capital INR Mil,-71,-70,-70,-71,-73,-2,-4,-2,55,50,

Key Ratios -> Profitability
Margins % of Sales,2013-03,2014-03,2015-03,2016-03,2017-03,2018-03,2019-03,2020-03,2021-03,2022-03,TTM
Revenue,100.00,,100.00,,,,,,,,
COGS,86.47,,112.03,,,,,,,,
Gross Margin,13.53,,-12.03,,,,,,,,
SG&A,274.88,,,,,,,,,,
R&D,,,,,,,,,,,
Other,652.66,,837.17,,,,,,,,
Operating Margin,-914.01,,-849.20,,,,,,,,
Net Int Inc & Other,,,533.96,,,,,,,,
EBT Margin,-914.01,,-315.24,,,,,,,,

Profitability,2013-03,2014-03,2015-03,2016-03,2017-03,2018-03,2019-03,2020-03,2021-03,2022-03,TTM
Tax Rate %,,13.12,,,,,,,,,
Net Margin %,-914.01,,-320.86,,,,,,,,
Asset Turnover (Average),0.01,,0.03,,,,,,,,
Return on Assets %,-13.63,3.32,-8.84,-15.55,-27.92,-7.08,-4.38,5.72,-7.24,-1.38,-1.38
Financial Leverage (Average),,,,,,,,,,,
Return on Equity %,,,,,,,,,,,
Return on Invested Capital %,,,,,,,,,,,
Interest Coverage,,,,,,,,,,,

Key Ratios -> Growth
,2013-03,2014-03,2015-03,2016-03,2017-03,2018-03,2019-03,2020-03,2021-03,2022-03,Latest Qtr
Revenue %
Year over Year,276.36,,,,,,,,,,
3-Year Average,-42.99,,89.45,,,,,,,,
5-Year Average,-28.40,,-19.65,,,,,,,,
10-Year Average,,,,,,,,,,,
Operating Income %
Year over Year,,,,,,,,,,,45.38
3-Year Average,,,,,,,,,,,
5-Year Average,,,,,,,,,,,
10-Year Average,,,,,,,,,,,
Net Income %
Year over Year,,,,,,,,,,,
3-Year Average,,88.74,,,,,,,,,
5-Year Average,,-35.45,,,,,,,,,
10-Year Average,,,,,,,,14.13,,,
EPS %
Year over Year,,,,,,,,,,,-50.00
3-Year Average,,102.84,,,,,,,,,
5-Year Average,,-32.24,,,,,,,,,
10-Year Average,,,,,,,,13.35,,,

Key Ratios -> Cash Flow
Cash Flow Ratios,2013-03,2014-03,2015-03,2016-03,2017-03,2018-03,2019-03,2020-03,2021-03,2022-03,TTM
Operating Cash Flow Growth % YOY,,,,,,,,,,,
Free Cash Flow Growth % YOY,,,,,,,,,,,
Cap Ex as a % of Sales,,,26.47,,,,,,,,
Free Cash Flow/Sales %,-936.71,,243.32,,,,,,,,
Free Cash Flow/Net Income,1.02,-2.78,-0.76,1.84,0.93,1.04,1.36,-1.58,16.68,4.12,4.12

Key Ratios -> Financial Health
Balance Sheet Items (in %),2013-03,2014-03,2015-03,2016-03,2017-03,2018-03,2019-03,2020-03,2021-03,2022-03,Latest Qtr
Cash & Short-Term Investments,52.58,34.47,64.28,71.04,66.12,2.29,0.65,3.24,97.62,90.17,90.17
Accounts Receivable,,,,,,,,,,,
Inventory,2.20,11.73,8.33,9.92,12.54,,,,,,
Other Current Assets,0.74,11.86,4.44,3.78,4.61,0.85,0.39,0.95,0.60,0.82,0.82
Total Current Assets,55.53,58.06,77.05,84.73,83.28,3.14,1.04,4.19,98.23,90.99,90.99
Net PP&E,43.70,41.19,22.23,14.40,15.63,1.46,1.06,1.91,0.82,0.36,0.36
Intangibles,,,,,,,,,,,
Other Long-Term Assets,0.77,0.75,0.73,0.86,1.09,95.40,97.89,93.90,0.95,8.65,8.65
Total Assets,100.00,100.00,100.00,100.00,100.00,100.00,100.00,100.00,100.00,100.00,100.00
Accounts Payable,,,0.73,0.79,2.23,0.30,1.40,1.82,0.49,0.43,0.43
Short-Term Debt,,,,,,,,,,,
Taxes Payable,,,,,,,,,,,
Accrued Liabilities,,,,,,,,,,,
Other Short-Term Liabilities,603.30,585.70,581.40,695.18,882.83,5.52,3.40,7.85,5.12,5.56,5.56
Total Current Liabilities,603.30,585.70,582.13,695.96,885.06,5.82,4.81,9.67,5.60,6.00,6.00
Long-Term Debt,,,,,,183.10,160.34,273.71,166.94,168.46,168.46
Other Long-Term Liabilities,0.13,,15.65,14.13,17.86,,1.34,,,,
Total Liabilities,,,,,,188.92,166.49,283.38,172.55,174.46,174.46
Total Stockholders' Equity,,,,,,-88.92,-66.49,-183.38,-72.55,-74.46,-74.46
Total Liabilities & Equity,100.00,100.00,100.00,100.00,100.00,100.00,100.00,100.00,100.00,100.00,100.00

Liquidity/Financial Health,2013-03,2014-03,2015-03,2016-03,2017-03,2018-03,2019-03,2020-03,2021-03,2022-03,Latest Qtr
Current Ratio,0.09,0.10,0.13,0.12,0.09,0.54,0.22,0.43,17.53,15.18,15.18
Quick Ratio,0.09,0.05,0.12,0.11,0.08,0.39,0.14,0.33,17.42,15.04,15.04
Financial Leverage,,,,,,,,,,,
Debt/Equity,,,,,,,,,,,

Key Ratios -> Efficiency Ratios
Efficiency,2013-03,2014-03,2015-03,2016-03,2017-03,2018-03,2019-03,2020-03,2021-03,2022-03,TTM
Days Sales Outstanding,,,,,,,,,,,
Days Inventory,765.68,,1182.55,,517.31,,,,,,
Payables Period,,,87.98,,66.46,91.15,355.85,380.79,198.28,97.46,97.46
Cash Conversion Cycle,,,,,,,,,,,
Receivables Turnover,,,,,,,,,,,
Inventory Turnover,0.48,,0.31,,0.71,,,,,,
Fixed Assets Turnover,0.03,,0.09,,,,,,,,
Asset Turnover,0.01,,0.03,,,,,,,,
