﻿HERO MOTOCORP LTD  (500182) Statement of  CASH FLOW
Fiscal year ends in March. INR in millions except per share data.,2018-03,2019-03,2020-03,2021-03,2022-03,TTM
Cash Flows From Operating Activities
Net income,37222,34664,36594,29360,23290,23290
Depreciation & amortization,5750,6244,8458,7151,6895,6895
Investments losses (gains),-3612,-3915,-4061,-4562,-3346,-3346
Deferred income taxes,15699,16380,9517,9133,7291,7291
Stock based compensation,54,66,102,89,100,100
Change in working capital,1975,-19458,11955,9377,-6685,-6685
Inventory,-2541,-2869,-328,-5070,3169,3169
Other working capital,4516,-16589,12282,14447,-9853,-9853
Other non-cash items,-16914,-23658,-7382,-9443,-6509,-6509
Net cash provided by operating activities,40172,10323,55181,41104,21037,21037
Cash Flows From Investing Activities
"Investments in property, plant, and equipment",-8242,-9796,-133,-5810,-5697,-5697
"Property, plant, and equipment reductions",27,42,,72,108,108
"Acquisitions, net",-901,-6283,,-3684,-1500,-1500
Purchases of investments,-348540,-394789,-493576,-493885,-421149,-421149
Sales/Maturities of investments,336816,420204,474808,479301,424375,424375
Other investing activities,2258,3598,-9290,1113,1643,1643
Net cash used for investing activities,-18582,12976,-28191,-22893,-2220,-2220
Cash Flows From Financing Activities
Debt issued,256,1084,,,205,205
Debt repayment,-583,-248,-808,,,
Common stock issued,27,20,1,78,50,50
Dividend paid,-16975,-19286,-19570,-19183,-19073,-19073
Other financing activities,-3749,-4094,-5641,586,-936,-936
Net cash provided by (used for) financing activities,-21024,-22524,-26018,-18518,-19753,-19753
Net change in cash,566,775,972,-307,-936,-936
Cash at beginning of period,741,1306,2081,3053,2746,2746
Cash at end of period,1306,2081,3053,2746,1810,1810
Free Cash Flow
Operating cash flow,40172,10323,55181,41104,21037,21037
Capital expenditure,-8242,-9796,-12878,-5810,-5697,-5697
Free cash flow,31930,527,42303,35294,15340,15340
