﻿STEEL AUTHORITY OF INDIA LTD  (500113) CashFlowFlag INCOME STATEMENT
Fiscal year ends in March. INR in millions except per share data.,2017-03,2018-03,2019-03,2020-03,2021-03,TTM
Revenue,436545,568547,663018,609283,683454,952347
Cost of revenue,249996,320464,351813,296072,336304,393373
Gross profit,186550,248083,311206,313211,347150,558974
Operating expenses
"Sales, General and administrative",12338,23384,27116,23755,23581,
Other operating expenses,199398,207237,217344,220589,235045,368121
Total operating expenses,211736,230622,244461,244344,258626,368121
Operating income,-25186,17461,66745,68867,88524,190853
Interest Expense,25194,29294,31775,34602,27897,17708
Other income (expense),3223,6567,522,-1250,11430,3592
Income before taxes,-47157,-5266,35492,33016,72056,176738
Provision for income taxes,-19595,-2452,12005,11809,30575,44393
Net income from continuing operations,-27562,-2814,23487,21207,41481,132344
Other,,,,,,1
Net income,-27562,-2814,23487,21207,41481,132345
Net income available to common shareholders,-27562,-2814,23487,21207,41481,132345
Earnings per share
Basic,-6.67,-0.68,5.69,5.13,10.04,32.04
Diluted,-6.67,-0.68,5.69,5.13,10.04,32.04
Weighted average shares outstanding
Basic,4131,4131,4131,4131,4131,4127
Diluted,4131,4131,4131,4131,4131,4127
EBITDA,4853,54687,101121,105175,140982,237335
