﻿MAHANAGAR TELEPHONE NIGAM LTD  (500108) Statement of  CASH FLOW
Fiscal year ends in March. INR in millions except per share data.,2017-03,2018-03,2019-03,2020-03,2021-03,TTM
Cash Flows From Operating Activities
Net income,-29690,-29730,-33902,-36927,-24592,-25810
Depreciation & amortization,11133,10287,9837,9858,8933,8189
Investments losses (gains),,-27,29,,98,117
Change in working capital,-4145,9900,1305,-1261,-9693,-5981
Inventory,127,-212,-23,3,-46,-223
Other working capital,-4272,10112,1328,-1264,-9647,-5758
Other non-cash items,12459,10755,15351,16273,23009,22494
Net cash provided by operating activities,-10244,1184,-7379,-12056,-2245,-992
Cash Flows From Investing Activities
"Investments in property, plant, and equipment",-4174,-4913,-2954,-1426,-997,
Purchases of investments,-145,,,,,
Sales of intangibles,7,,,,,
Other investing activities,4009,-43,97,993,-1594,-607
Net cash used for investing activities,-303,-4956,-2857,-432,-2592,-607
Cash Flows From Financing Activities
Other financing activities,9839,3446,10442,13259,4142,1646
Net cash provided by (used for) financing activities,9839,3446,10442,13259,4142,1646
Net change in cash,-707,-326,205,770,-695,47
Cash at beginning of period,1688,870,544,1196,1966,982
Cash at end of period,980,544,749,1966,1271,1030
Free Cash Flow
Operating cash flow,-10244,1184,-7379,-12056,-2245,-992
Capital expenditure,-4174,-4913,-2954,-1426,-997,
Free cash flow,-14418,-3729,-10333,-13482,-3242,-1858
