﻿MANGALORE REFINERY AND PETROCHEMICALS LTD  (500109) CashFlowFlag BALANCE SHEET
Fiscal year ends in March. INR in millions except per share data.,2017-03,2018-03,2019-03,2020-03,2021-03
Assets
Current assets
Cash
Cash and cash equivalents,2462,4404,47,18,258
Short-term investments,2755,880,,,
Total cash,5217,5284,47,18,258
Receivables,26190,25768,23739,10172,24507
Inventories,44140,52404,63087,42322,71028
Prepaid expenses,5385,3008,5720,4733,4207
Other current assets,19500,3490,6637,2386,2300
Total current assets,100432,89954,99230,59630,102300
Non-current assets
"Property, plant and equipment"
"Gross property, plant and equipment",224474,236723,245546,267717,276401
Accumulated Depreciation,-19890,-29385,-39479,-49892,-60711
"Net property, plant and equipment",204583,207338,206067,217825,215690
Goodwill,3773,3773,3773,3773,3773
Intangible assets,27,56,59,98,86
Deferred income taxes,3107,,,13015,13775
Other long-term assets,16475,18385,18534,12078,11670
Total non-current assets,227966,229552,228433,246789,244995
Total assets,328397,319506,327663,306419,347294
Liabilities and stockholders' equity
Liabilities
Current liabilities
Short-term debt,46686,104023,116819,53248,81340
Capital leases,,,,281,220
Accounts payable,60445,47925,46932,32765,43290
Taxes payable,445,,,,
Other current liabilities,35498,13905,15305,18664,16090
Total current liabilities,143075,165854,179057,104958,140939
Non-current liabilities
Long-term debt,85291,44568,39358,123778,156993
Capital leases,,,,2131,2072
Deferred taxes liabilities,,902,2501,,
Deferred revenues,,3596,3482,3596,3448
Pensions and other benefits,662,,,,
Minority interest,3729,1540,3001,2490,
Other long-term liabilities,619,712,806,1119,1360
Total non-current liabilities,90300,51318,49148,133114,163874
Total liabilities,233375,217172,228205,238072,304813
Stockholders' equity
Common stock,17527,17527,17527,17527,17527
Additional paid-in capital,3560,3560,3558,3556,3556
Retained earnings,72713,80017,76910,41297,35625
Accumulated other comprehensive income,1223,1230,1463,5968,-14227
Total stockholders' equity,95022,102334,99458,68347,42481
Total liabilities and stockholders' equity,328397,319506,327663,306419,347294
