﻿NXTDIGITAL LTD  (500189) CashFlowFlag INCOME STATEMENT
Fiscal year ends in March. INR in millions except per share data.,2017-03,2018-03,2019-03,2020-03,2021-03,TTM
Revenue,7849,8437,6728,9980,9499,10073
Cost of revenue,4309,5022,4929,4692,4702,4737
Gross profit,3540,3415,1799,5288,4797,5336
Operating expenses
"Sales, General and administrative",427,526,199,208,197,
Other operating expenses,2497,3361,3667,4211,4536,5626
Total operating expenses,2924,3887,3866,4419,4733,5626
Operating income,616,-472,-2067,869,64,-290
Interest Expense,1448,1394,1415,1137,1389,1364
Other income (expense),-1031,-471,-157,513,180,377
Income before taxes,-1864,-2337,-3639,245,-1146,-1277
Provision for income taxes,176,574,-208,-852,-982,-590
Net income from continuing operations,-2039,-2911,-3431,1097,-164,-687
Net income from discontinuing ops,,,,-2438,32,7
Extraordinary items,,,,,-7,
Other,1473,466,770,-343,-167,-132
Net income,-566,-2445,-2661,-1684,-291,-811
Net income available to common shareholders,-566,-2445,-2661,-1684,-291,-811
Earnings per share
Basic,-24.38,-105.28,-114.57,-72.52,-10.55,-31.68
Diluted,-24.38,-105.28,-114.57,-72.52,-10.55,-31.68
Weighted average shares outstanding
Basic,23,23,23,23,27,25
Diluted,23,23,23,27,27,25
EBITDA,825,592,-695,3356,2284,2196
