﻿GANESH BENZOPLAST LTD  (500153) Statement of  CASH FLOW
Fiscal year ends in March. INR in millions except per share data.,2017-03,2018-03,2019-03,2020-03,2021-03,TTM
Cash Flows From Operating Activities
Net income,128,807,313,337,534,458
Depreciation & amortization,110,120,124,130,150,155
Change in working capital,-7,84,72,-293,-34,136
Inventory,-29,7,-1,-13,-62,-25
Other working capital,22,77,73,-279,28,161
Other non-cash items,157,-617,98,91,-34,-98
Net cash provided by operating activities,388,393,607,265,616,651
Cash Flows From Investing Activities
"Investments in property, plant, and equipment",-117,-189,-280,-131,-145,-197
Purchases of investments,,-13,,,-190,-310
Other investing activities,-7,11,4,3,10,20
Net cash used for investing activities,-124,-192,-276,-128,-325,-487
Cash Flows From Financing Activities
Debt issued,,,11,,18,56
Debt repayment,-123,-101,-212,-43,-171,-212
Other financing activities,-153,-112,-102,-94,-67,-38
Net cash provided by (used for) financing activities,-276,-212,-302,-137,-219,-195
Net change in cash,-12,-11,28,0,71,-31
Cash at beginning of period,28,16,5,33,34,90
Cash at end of period,16,5,33,34,105,59
Free Cash Flow
Operating cash flow,388,393,607,265,616,651
Capital expenditure,-117,-189,-280,-131,-145,-197
Free cash flow,272,204,327,135,471,454
