﻿DIAMINES & CHEMICALS LTD  (500120) CashFlowFlag BALANCE SHEET
Fiscal year ends in March. INR in millions except per share data.,2017-03,2018-03,2019-03,2020-03,2021-03
Assets
Current assets
Cash
Cash and cash equivalents,6,5,0,37,5
Short-term investments,,100,169,268,311
Total cash,6,105,169,305,316
Receivables,82,79,76,125,94
Inventories,77,67,93,70,125
Prepaid expenses,,4,6,8,13
Other current assets,97,5,4,5,17
Total current assets,262,260,349,513,566
Non-current assets
"Property, plant and equipment"
"Gross property, plant and equipment",610,285,309,341,453
Accumulated Depreciation,-381,-39,-57,-125,-156
"Net property, plant and equipment",230,247,252,216,297
Intangible assets,,,0,0,0
Other long-term assets,13,20,18,35,84
Total non-current assets,243,266,271,250,382
Total assets,505,526,619,763,948
Liabilities and stockholders' equity
Liabilities
Current liabilities
Short-term debt,59,,20,,3
Accounts payable,19,36,41,29,29
Deferred income taxes,,,,1,
Taxes payable,,4,,,
Other current liabilities,24,16,24,31,27
Total current liabilities,102,57,85,61,58
Non-current liabilities
Long-term debt,10,,,,
Deferred taxes liabilities,47,39,42,42,36
Pensions and other benefits,3,3,5,9,4
Other long-term liabilities,,1,,,
Total non-current liabilities,60,44,47,51,39
Total liabilities,162,100,131,112,98
Stockholders' equity
Common stock,98,98,98,98,98
Retained earnings,193,271,337,504,674
Accumulated other comprehensive income,52,58,53,50,78
Total stockholders' equity,343,426,488,652,850
Total liabilities and stockholders' equity,505,526,619,763,948
