﻿TITAN CO LTD  (500114) CashFlowFlag INCOME STATEMENT
Fiscal year ends in March. INR in millions except per share data.,2018-03,2019-03,2020-03,2021-03,2022-03,TTM
Revenue,161057,197237,209755,216060,274170,274170
Cost of revenue,117425,144474,152067,164400,216410,216410
Gross profit,43632,52762,57688,51660,57760,57760
Operating expenses
"Sales, General and administrative",9750,11603,12448,10060,5900,5900
Other operating expenses,18706,21330,24042,20340,22440,22440
Total operating expenses,28457,32932,36490,30400,28340,28340
Operating income,15175,19830,21198,21260,29420,29420
Interest Expense,529,525,1662,2030,2180,2180
Other income (expense),652,264,1480,-5960,1800,1800
Income before taxes,15298,19569,21016,13270,29040,29040
Provision for income taxes,4279,5682,6090,3530,7060,7060
Net income from continuing operations,11019,13886,14927,9740,21980,21980
Other,282,155,87,-10,-250,-250
Net income,11301,14042,15014,9730,21730,21730
Net income available to common shareholders,11301,14042,15014,9730,21730,21730
Earnings per share
Basic,12.75,15.82,16.91,10.96,24.48,24.48
Diluted,12.75,15.82,16.91,10.96,24.48,24.48
Weighted average shares outstanding
Basic,888,888,888,888,888,888
Diluted,888,888,888,888,888,888
EBITDA,17141,21723,26158,19050,35210,35210
