﻿UFLEX LTD  (500148) Statement of  CASH FLOW
Fiscal year ends in March. INR in millions except per share data.,2017-03,2018-03,2019-03,2020-03,2021-03,TTM
Cash Flows From Operating Activities
Net income,3945,3539,4088,4809,11422,11070
Depreciation & amortization,3175,3516,3809,4032,4557,4986
Investments losses (gains),-2,-16,-2,-56,-0,
Change in working capital,873,-1893,-3801,-1733,-3083,-5889
Inventory,-578,-1182,-467,-114,-2956,-4838
Other working capital,1451,-710,-3334,-1619,-127,-1051
Other non-cash items,369,1417,1440,1129,1166,249
Net cash provided by operating activities,8360,6564,5533,8181,14062,10416
Cash Flows From Investing Activities
"Investments in property, plant, and equipment",-7618,-4775,-3854,-21861,-11550,-6592
"Property, plant, and equipment reductions",10,1109,22,1093,56,40
"Acquisitions, net",0,,-34,,,
Other investing activities,348,-153,427,452,209,310
Net cash used for investing activities,-7259,-3819,-3439,-20316,-11285,-6242
Cash Flows From Financing Activities
Dividend paid,-231,-253,-144,-144,-144,
Other financing activities,-1786,-2300,-2223,13833,-477,-3101
Net cash provided by (used for) financing activities,-2017,-2553,-2368,13689,-621,-3101
Net change in cash,-916,192,-274,1554,2155,1072
Cash at beginning of period,3879,2963,3155,2881,4435,5238
Cash at end of period,2963,3155,2881,4435,6590,6310
Free Cash Flow
Operating cash flow,8360,6564,5533,8181,14062,10416
Capital expenditure,-7618,-4775,-3854,-21861,-11550,-6592
Free cash flow,742,1789,1679,-13680,2511,3824
