﻿TITAN CO LTD  (500114) Statement of  CASH FLOW
Fiscal year ends in March. INR in millions except per share data.,2018-03,2019-03,2020-03,2021-03,2022-03,TTM
Cash Flows From Operating Activities
Net income,15298,19569,21016,13270,29040,29040
Depreciation & amortization,1314,1628,3480,3750,3990,3990
Investments losses (gains),-195,-446,-317,-350,-870,-870
Stock based compensation,43,11,4,,20,20
Change in working capital,-12364,-3036,-22715,26210,-32200,-32200
Inventory,-9959,-11199,-10571,-3160,-51990,-51990
Other working capital,-2405,8163,-12144,29370,19790,19790
Other non-cash items,-4603,-5297,-4942,-1490,-7220,-7220
Net cash provided by operating activities,-507,12429,-3474,41390,-7240,-7240
Cash Flows From Investing Activities
"Investments in property, plant, and equipment",-3048,-2647,-3550,-1460,-2240,-2240
"Property, plant, and equipment reductions",56,14,94,70,80,80
"Acquisitions, net",,182,-387,430,,
Purchases of investments,-7149,-14331,-1126,-28790,-23220,-23220
Sales/Maturities of investments,10465,7950,6309,1000,36200,36200
Other investing activities,636,849,1010,740,820,820
Net cash used for investing activities,960,-7983,2350,-28010,11640,11640
Cash Flows From Financing Activities
Debt issued,,,,,3490,3490
Debt repayment,,,,,-70,-70
Dividend paid,-2774,-3974,-5356,-3550,-3550,-3550
Other financing activities,249,-914,2939,-8790,-3900,-3900
Net cash provided by (used for) financing activities,-2524,-4888,-2417,-12340,-4030,-4030
Effect of exchange rate changes,13,17,0,20,10,10
Net change in cash,-2060,-425,-3540,1060,380,380
Cash at beginning of period,6780,4720,4295,750,1810,1810
Cash at end of period,4720,4295,755,1810,2190,2190
Free Cash Flow
Operating cash flow,-507,12429,-3474,41390,-7240,-7240
Capital expenditure,-3048,-2647,-3550,-1460,-2240,-2240
Free cash flow,-3556,9782,-7024,39930,-9480,-9480
