﻿DCW LTD  (500117) Statement of  CASH FLOW
Fiscal year ends in March. INR in millions except per share data.,2017-03,2018-03,2019-03,2020-03,2021-03,TTM
Cash Flows From Operating Activities
Net income,248,-491,-219,-397,137,789
Depreciation & amortization,679,878,834,872,874,883
Investments losses (gains),29,,9,7,,
Change in working capital,897,-712,1199,195,-10,-899
Inventory,328,-219,348,-547,79,-803
Other working capital,570,-494,851,742,-90,-96
Other non-cash items,434,898,1031,1018,1177,1163
Net cash provided by operating activities,2287,573,2854,1695,2177,1936
Cash Flows From Investing Activities
"Investments in property, plant, and equipment",-902,-204,-314,-157,-179,-209
"Property, plant, and equipment reductions",1,58,11,2,2,3
Other investing activities,17,12,-147,-327,-601,-403
Net cash used for investing activities,-883,-134,-449,-482,-779,-609
Cash Flows From Financing Activities
Debt issued,284,1245,499,2036,4670,
Debt repayment,-1065,-1109,-1233,-1980,-4345,-4443
Common stock issued,,23,,721,,
Dividend paid,,-1,-1,-1,-1,
Other financing activities,-627,-596,-1704,-1966,-1308,3224
Net cash provided by (used for) financing activities,-1408,-438,-2439,-1190,-985,-1219
Net change in cash,-4,1,-35,23,413,109
Cash at beginning of period,18,14,14,12,87,51
Cash at end of period,14,14,-21,35,500,160
Free Cash Flow
Operating cash flow,2287,573,2854,1695,2177,1936
Capital expenditure,-902,-204,-314,-157,-179,-209
Free cash flow,1386,369,2540,1538,1998,1727
