﻿DHAMPUR SUGAR MILLS LTD  (500119) Statement of  CASH FLOW
Fiscal year ends in March. INR in millions except per share data.,2017-03,2018-03,2019-03,2020-03,2021-03,TTM
Cash Flows From Operating Activities
Net income,3155,2026,3192,2073,3151,3012
Depreciation & amortization,542,577,708,760,777,778
Investments losses (gains),,-1,15,-12,16,14
Change in working capital,-5274,4809,-6081,37,4370,285
Inventory,-2199,3309,-5282,522,3112,404
Other working capital,-3075,1500,-799,-485,1259,-119
Other non-cash items,1047,640,147,524,488,369
Net cash provided by operating activities,-529,8052,-2019,3382,8803,4458
Cash Flows From Investing Activities
"Investments in property, plant, and equipment",-593,-1465,-882,-612,-879,-1649
"Property, plant, and equipment reductions",,15,72,14,36,50
"Acquisitions, net",-15,,,,,
Purchases of investments,-3,,,,,
Sales/Maturities of investments,4,,,,,
Other investing activities,2,52,-102,113,43,2
Net cash used for investing activities,-606,-1398,-913,-485,-800,-1596
Cash Flows From Financing Activities
Debt issued,5638,683,3180,941,522,
Debt repayment,-2990,-1908,-1335,-1840,-6552,
Preferred stock repaid,-150,,,,,
Common stock issued,610,,,,,
Dividend paid,-247,-513,-276,-717,-398,
Other financing activities,-1701,-4729,1107,-1314,-948,-2959
Net cash provided by (used for) financing activities,1160,-6467,2676,-2929,-7377,-2959
Net change in cash,25,186,-256,-32,625,-97
Cash at beginning of period,185,202,388,132,99,182
Cash at end of period,210,388,132,99,725,84
Free Cash Flow
Operating cash flow,-529,8052,-2019,3382,8803,4458
Capital expenditure,-593,-1465,-882,-612,-879,-1649
Free cash flow,-1122,6586,-2902,2770,7924,2809
