﻿UFLEX LTD  (500148) CashFlowFlag BALANCE SHEET
Fiscal year ends in March. INR in millions except per share data.,2017-03,2018-03,2019-03,2020-03,2021-03
Assets
Current assets
Cash
Cash and cash equivalents,2309,2232,2125,3311,5599
Short-term investments,654,,,,
Total cash,2963,2232,2125,3311,5599
Receivables,16590,19390,20455,19474,24055
Inventories,6786,7968,8435,8549,11506
Prepaid expenses,1169,1165,728,,
Other current assets,2518,4112,3800,5404,6599
Total current assets,30027,34868,35545,36738,47759
Non-current assets
"Property, plant and equipment"
"Gross property, plant and equipment",60004,62596,67174,87825,99028
Accumulated Depreciation,-21916,-23958,-27671,-30231,-34069
"Net property, plant and equipment",38088,38638,39503,57594,64959
Goodwill,2,0,0,,
Intangible assets,494,540,549,424,416
Other long-term assets,2874,2836,3999,5310,5103
Total non-current assets,41458,42014,44052,63327,70478
Total assets,71484,76882,79596,100065,118237
Liabilities and stockholders' equity
Liabilities
Current liabilities
Short-term debt,7517,10245,12287,11395,11784
Capital leases,,,,95,84
Accounts payable,9573,11964,10563,10525,13471
Taxes payable,352,185,261,713,847
Other current liabilities,5842,2564,2529,3250,4563
Total current liabilities,23283,24957,25640,25979,30748
Non-current liabilities
Long-term debt,10298,10549,8764,24511,28067
Capital leases,,,,259,473
Deferred taxes liabilities,1265,1282,1790,1873,2961
Pensions and other benefits,117,197,248,284,285
Minority interest,,49,63,73,81
Other long-term liabilities,82,101,112,188,137
Total non-current liabilities,11761,12178,10976,27189,32003
Total liabilities,35044,37135,36616,53168,62752
Stockholders' equity
Common stock,722,722,722,722,722
Additional paid-in capital,,5711,5711,5711,5711
Retained earnings,,27621,30611,34046,42078
Accumulated other comprehensive income,35719,5693,5936,6419,6974
Total stockholders' equity,36441,39747,42981,46898,55485
Total liabilities and stockholders' equity,71484,76882,79596,100065,118237
