﻿GODFREY PHILLIPS INDIA LTD  (500163) CashFlowFlag INCOME STATEMENT
Fiscal year ends in March. INR in millions except per share data.,2017-03,2018-03,2019-03,2020-03,2021-03,TTM
Revenue,22448,22953,24646,28503,24866,26288
Cost of revenue,11501,11952,10879,12782,12364,12221
Gross profit,10947,11001,13767,15721,12502,14068
Operating expenses
Research and development,40,60,100,79,8,
"Sales, General and administrative",3125,3191,3623,3724,2303,2385
Other operating expenses,6133,6058,7029,7470,6336,7038
Total operating expenses,9298,9309,10752,11273,8647,9423
Operating income,1648,1691,3015,4448,3855,4644
Interest Expense,29,13,4,300,306,318
Other income (expense),373,652,819,987,1324,1209
Income before taxes,1992,2330,3830,5135,4873,5536
Provision for income taxes,623,740,1228,1287,1108,1247
Net income from continuing operations,1369,1590,2603,3848,3765,4289
Other,4,1,0,1,1,7
Net income,1372,1591,2603,3849,3765,4296
Net income available to common shareholders,1372,1591,2603,3849,3765,4296
Earnings per share
Basic,26.32,30.60,50.06,74.02,72.41,82.61
Diluted,26.32,30.60,50.06,74.02,72.41,82.62
Weighted average shares outstanding
Basic,52,52,52,52,52,52
Diluted,52,52,52,52,52,52
EBITDA,2999,3328,4820,6987,6592,7325
