﻿GHCL LTD  (500171) CashFlowFlag BALANCE SHEET
Fiscal year ends in March. INR in millions except per share data.,2018-03,2019-03,2020-03,2021-03,2022-03
Assets
Current assets
Cash
Cash and cash equivalents,116,122,917,350,2436
Short-term investments,72,5,15,10,176
Total cash,188,127,932,360,2612
Receivables,2287,2906,2744,2284,2294
Inventories,6367,7685,7906,7635,9442
Prepaid expenses,546,740,424,347,
Other current assets,617,930,908,525,7365
Total current assets,10005,12387,12915,11150,21713
Non-current assets
"Property, plant and equipment"
"Gross property, plant and equipment",28139,30333,32540,33585,26846
Accumulated Depreciation,-2296,-3248,-4225,-5478,
"Net property, plant and equipment",25843,27084,28314,28107,26846
Intangible assets,57,84,72,60,26
Other long-term assets,377,394,389,461,1368
Total non-current assets,26276,27562,28776,28629,28241
Total assets,36281,39949,41691,39779,49954
Liabilities and stockholders' equity
Liabilities
Current liabilities
Short-term debt,5777,6001,4317,2043,3428
Capital leases,,,7,7,22
Accounts payable,3824,3858,4077,3766,3428
Taxes payable,,93,,,145
Other current liabilities,1116,1129,982,710,4877
Total current liabilities,10717,11082,9383,6526,11901
Non-current liabilities
Long-term debt,7443,7020,8064,5638,4246
Capital leases,,,139,133,179
Deferred taxes liabilities,1950,2530,2531,2602,2696
Deferred revenues,,,,7,
Other long-term liabilities,63,62,86,30,86
Total non-current liabilities,9456,9612,10820,8410,7207
Total liabilities,20173,20694,20204,14936,19108
Stockholders' equity
Common stock,974,980,950,950,954
Additional paid-in capital,222,329,164,164,
Retained earnings,13570,16492,19378,22627,
Accumulated other comprehensive income,1342,1453,998,1102,29902
Total stockholders' equity,16108,19255,21490,24842,30856
Total liabilities and stockholders' equity,36281,39949,41694,39779,49964
