﻿E I D PARRY INDIA LTD  (500125) CashFlowFlag BALANCE SHEET
Fiscal year ends in March. INR in millions except per share data.,2017-03,2018-03,2019-03,2020-03,2021-03
Assets
Current assets
Cash
Cash and cash equivalents,2314,5454,1704,1034,7304
Short-term investments,2473,1256,645,1338,1700
Total cash,4788,6709,2348,2371,9004
Receivables,18528,18288,20719,21160,8614
Inventories,35720,40959,57434,43540,40706
Prepaid expenses,300,4737,4146,2341,2428
Other current assets,35262,36704,35384,35066,27980
Total current assets,94597,107397,120031,104478,88732
Non-current assets
"Property, plant and equipment"
"Gross property, plant and equipment",45859,47081,49565,59200,61439
Accumulated Depreciation,-13451,-15505,-17641,-20731,-24409
"Net property, plant and equipment",32408,31576,31924,38469,37030
Goodwill,250,250,257,314,160
Intangible assets,436,430,397,399,367
Deferred income taxes,675,712,886,883,71
Other long-term assets,5946,5624,6402,5698,6277
Total non-current assets,39716,38591,39865,45762,43904
Total assets,134313,145988,159896,150240,132636
Liabilities and stockholders' equity
Liabilities
Current liabilities
Short-term debt,30871,40670,46810,32967,7254
Capital leases,,,,292,324
Accounts payable,41685,46083,48590,40003,39618
Taxes payable,556,220,385,432,372
Other current liabilities,12091,10932,13339,12207,9881
Total current liabilities,85202,97905,109124,85900,57450
Non-current liabilities
Long-term debt,8426,4100,4521,6100,794
Capital leases,,,,4195,4000
Deferred taxes liabilities,1544,1291,1405,1386,1828
Deferred revenues,111,108,94,66,48
Minority interest,11377,12665,13246,17068,22457
Other long-term liabilities,149,220,228,330,229
Total non-current liabilities,21608,18384,19493,29145,29356
Total liabilities,106810,116289,128617,115045,86806
Stockholders' equity
Common stock,176,177,177,177,177
Additional paid-in capital,4339,4457,4492,4602,4681
Retained earnings,,,-128,2795,14307
Accumulated other comprehensive income,22988,25066,26738,27620,26666
Total stockholders' equity,27503,29699,31279,35195,45830
Total liabilities and stockholders' equity,134313,145988,159896,150240,132636
