﻿MAHANAGAR TELEPHONE NIGAM LTD  (500108) CashFlowFlag INCOME STATEMENT
Fiscal year ends in March. INR in millions except per share data.,2017-03,2018-03,2019-03,2020-03,2021-03,TTM
Revenue,29694,23719,20854,16236,13877,12267
Cost of revenue,31796,27859,26463,24181,6590,6870
Gross profit,-2103,-4140,-5609,-7946,7287,5397
Operating expenses
"Sales, General and administrative",243,222,227,204,222,648
Other operating expenses,18637,15596,15928,14426,14823,13859
Total operating expenses,18880,15817,16156,14630,15045,14507
Operating income,-20982,-19957,-21764,-22576,-7758,-9110
Interest Expense,14187,14757,16734,19210,20611,20866
Other income (expense),5774,4980,4626,4859,3777,3951
Income before taxes,-29396,-29734,-33872,-36927,-24592,-26025
Provision for income taxes,-35,,9,11,21,
Other income,,,0,,,-21
Net income from continuing operations,-29360,-29734,-33881,-36937,-24613,-26046
Net income from discontinuing ops,,4,,,,
Net income,-29360,-29730,-33881,-36937,-24613,-26046
Net income available to common shareholders,-29360,-29730,-33881,-36937,-24613,-26046
Earnings per share
Basic,-46.60,-47.19,-53.78,-58.63,-39.07,-41.35
Diluted,-46.60,-47.19,-53.78,-58.63,-39.07,-41.35
Weighted average shares outstanding
Basic,630,630,630,630,630,630
Diluted,630,630,630,630,630,630
EBITDA,-4076,-4691,-7114,-7858,4952,2809
