﻿UFLEX LTD  (500148) CashFlowFlag INCOME STATEMENT
Fiscal year ends in March. INR in millions except per share data.,2017-03,2018-03,2019-03,2020-03,2021-03,TTM
Revenue,63629,66489,77655,72696,86745,115897
Cost of revenue,45618,48136,56526,50137,55622,77468
Gross profit,18011,18353,21129,22559,31123,38428
Operating expenses
"Sales, General and administrative",5567,4136,4985,4639,5158,
Other operating expenses,6876,8991,9539,11020,12353,23156
Total operating expenses,12443,13127,14524,15659,17511,23156
Operating income,5568,5226,6605,6900,13612,15273
Interest Expense,1446,1573,1806,1946,1985,2536
Other income (expense),-176,-114,-712,-146,-205,-127
Income before taxes,3945,3539,4088,4809,11422,12610
Provision for income taxes,438,417,935,1100,2985,2472
Net income from continuing operations,3508,3122,3152,3709,8437,10138
Other,-23,-17,-14,-11,-8,-11
Net income,3485,3105,3138,3698,8429,10127
Net income available to common shareholders,3485,3105,3138,3698,8429,10127
Earnings per share
Basic,48.25,43.00,43.46,51.21,116.73,140.24
Diluted,48.25,43.00,43.46,51.21,116.73,140.24
Weighted average shares outstanding
Basic,72,72,72,72,72,72
Diluted,72,72,72,72,72,72
EBITDA,8567,8628,9702,10786,17964,20300
