﻿DR REDDY'S LABORATORIES LTD  (500124) CashFlowFlag INCOME STATEMENT
Fiscal year ends in March. INR in millions except per share data.,2017-03,2018-03,2019-03,2020-03,2021-03,TTM
Revenue,140809,142028,153851,174600,189722,207307
Cost of revenue,62453,65724,70421,80591,86645,96835
Gross profit,78356,76304,83430,94009,103077,110472
Operating expenses
Research and development,19551,18265,15607,15410,16541,17250
"Sales, General and administrative",46372,46910,48890,50129,54650,60777
Other operating expenses,-1145,-843,-691,-4300,-1024,-1875
Total operating expenses,64778,64332,63806,61239,70167,76152
Operating income,13578,11972,19624,32770,32910,34320
Interest Expense,634,788,889,983,970,939
Other income (expense),1709,3157,3708,-13755,-5527,2594
Income before taxes,14653,14341,22443,18032,26413,35975
Provision for income taxes,2614,4535,3648,-1466,9175,9658
Net income from continuing operations,12039,9806,18795,19498,17238,26317
Net income,12039,9806,18795,19498,17238,26317
Net income available to common shareholders,12039,9806,18795,19498,17238,26317
Earnings per share
Basic,72.24,59.13,113.28,117.63,103.94,158.68
Diluted,72.09,59.00,113.09,117.40,103.65,158.28
Weighted average shares outstanding
Basic,167,166,166,166,166,166
Diluted,167,166,166,166,166,166
EBITDA,26564,26839,35522,31487,40179,48949
