﻿ELANTAS BECK INDIA LTD  (500123) CashFlowFlag BALANCE SHEET
Fiscal year ends in December. INR in millions except per share data.,2017-12,2018-12,2019-12,2020-12,2021-12
Assets
Current assets
Cash
Cash and cash equivalents,211,23,58,119,35
Short-term investments,1378,1825,1797,2332,2757
Total cash,1589,1847,1856,2451,2792
Receivables,731,836,611,705,868
Inventories,449,511,498,527,839
Prepaid expenses,35,26,101,34,59
Other current assets,69,44,15,11,16
Total current assets,2873,3264,3079,3728,4575
Non-current assets
"Property, plant and equipment"
"Gross property, plant and equipment",1081,704,821,924,1008
Accumulated Depreciation,-532,-105,-161,-212,-264
"Net property, plant and equipment",548,600,661,713,745
Goodwill,,,,11,11
Intangible assets,2,51,493,430,368
Prepaid pension benefit,0,,,,6
Other long-term assets,49,236,330,481,482
Total non-current assets,599,886,1484,1635,1610
Total assets,3472,4151,4564,5363,6185
Liabilities and stockholders' equity
Liabilities
Current liabilities
Accounts payable,472,488,365,607,761
Deferred income taxes,,17,15,13,7
Taxes payable,,1,,36,32
Other current liabilities,159,113,222,145,165
Total current liabilities,632,618,603,802,964
Non-current liabilities
Deferred taxes liabilities,17,95,75,92,124
Pensions and other benefits,46,43,41,48,
Other long-term liabilities,5,5,5,5,51
Total non-current liabilities,68,142,121,145,174
Total liabilities,700,760,723,947,1138
Stockholders' equity
Common stock,79,79,79,79,79
Additional paid-in capital,,70,70,70,70
Retained earnings,,2623,3074,3649,4280
Accumulated other comprehensive income,2693,618,618,618,618
Total stockholders' equity,2772,3390,3840,4416,5047
Total liabilities and stockholders' equity,3472,4151,4564,5363,6185
