﻿METROGLOBAL LTD  (500159) Statement of  CASH FLOW
Fiscal year ends in March. INR in millions except per share data.,2017-03,2018-03,2019-03,2020-03,2021-03,TTM
Cash Flows From Operating Activities
Net income,177,234,216,121,95,125
Depreciation & amortization,1,2,4,7,7,7
Investments losses (gains),-8,-108,-1,-5,-23,-43
Change in working capital,-242,75,411,-165,196,164
Inventory,-42,-33,-253,448,-7,-5
Other working capital,-200,108,664,-613,203,170
Other non-cash items,18,-38,-211,-7,-18,-19
Net cash provided by operating activities,-54,164,420,-49,257,234
Cash Flows From Investing Activities
"Investments in property, plant, and equipment",-22,-70,-78,,-11,
"Property, plant, and equipment reductions",,1,118,34,,
"Acquisitions, net",,,-2,-17,0,-2
Purchases of investments,-28,,-104,-253,,
Sales/Maturities of investments,,127,,87,,
Other investing activities,,3,3,1,-250,-197
Net cash used for investing activities,-50,61,-62,-149,-261,-200
Cash Flows From Financing Activities
Debt issued,88,,,,,
Debt repayment,,-10,-122,-128,,
Common stock repurchased,,,,-40,,
Other financing activities,35,-15,-24,-216,-8,-22
Net cash provided by (used for) financing activities,123,-25,-146,-384,-8,-22
Net change in cash,19,200,212,-582,-11,12
Cash at beginning of period,523,542,741,953,372,398
Cash at end of period,542,741,953,372,360,410
Free Cash Flow
Operating cash flow,-54,164,420,-49,257,234
Capital expenditure,-22,-70,-78,,-11,
Free cash flow,-76,94,342,-49,246,223
