﻿IG PETROCHEMICALS LTD  (500199) CashFlowFlag INCOME STATEMENT
Fiscal year ends in March. INR in millions except per share data.,2017-03,2018-03,2019-03,2020-03,2021-03,TTM
Revenue,10375,11442,13037,10586,11236,17900
Cost of revenue,7639,7360,9225,8261,6614,11388
Gross profit,2735,4082,3812,2325,4622,6511
Operating expenses
"Sales, General and administrative",284,301,356,352,391,
Other operating expenses,1034,1344,1496,1516,1608,2584
Total operating expenses,1318,1645,1852,1869,1999,2584
Operating income,1418,2437,1960,456,2623,3927
Interest Expense,104,113,74,109,107,67
Other income (expense),-1,-21,-19,-28,10,42
Income before taxes,1313,2303,1867,319,2526,3902
Provision for income taxes,301,843,698,110,645,995
Net income from continuing operations,1012,1460,1168,209,1881,2907
Net income,1012,1460,1168,209,1881,2907
Net income available to common shareholders,1012,1460,1168,209,1881,2907
Earnings per share
Basic,32.86,47.42,37.94,6.78,61.08,94.40
Diluted,32.86,47.42,37.94,6.78,61.08,94.40
Weighted average shares outstanding
Basic,31,31,31,31,31,31
Diluted,31,31,31,31,31,31
EBITDA,1589,2673,2205,727,2974,4403
