﻿GOLDEN TOBACCO LTD  (500151) CashFlowFlag BALANCE SHEET
Fiscal year ends in March. INR in millions except per share data.,2017-03,2018-03,2019-03,2020-03,2021-03
Assets
Current assets
Cash
Cash and cash equivalents,24,17,4,9,12
Total cash,24,17,4,9,12
Receivables,87,96,78,30,3
Inventories,641,301,266,240,107
Prepaid expenses,,8,9,12,6
Other current assets,208,54,18,24,24
Total current assets,959,476,374,314,153
Non-current assets
"Property, plant and equipment"
"Gross property, plant and equipment",1170,174,174,111,111
Accumulated Depreciation,-990,-16,-22,-29,-33
"Net property, plant and equipment",181,158,152,81,78
Intangible assets,,1568,1119,1118,1117
Other long-term assets,1908,470,292,230,138
Total non-current assets,2089,2196,1562,1429,1333
Total assets,3048,2671,1937,1744,1486
Liabilities and stockholders' equity
Liabilities
Current liabilities
Short-term debt,374,1163,128,20,20
Accounts payable,313,312,299,56,57
Taxes payable,,137,130,131,45
Other current liabilities,4663,3408,3459,3677,3404
Total current liabilities,5350,5020,4016,3884,3525
Non-current liabilities
Long-term debt,31,,,,
Minority interest,0,0,0,0,
Total non-current liabilities,31,0,0,0,
Total liabilities,5381,5020,4016,3884,3525
Stockholders' equity
Common stock,176,176,176,176,176
Additional paid-in capital,534,534,534,534,534
Retained earnings,-3240,-3310,-3038,-3005,-2929
Accumulated other comprehensive income,197,251,248,156,180
Total stockholders' equity,-2333,-2349,-2080,-2140,-2039
Total liabilities and stockholders' equity,3048,2671,1937,1744,1486
