﻿ELANTAS BECK INDIA LTD  (500123) Statement of  CASH FLOW
Fiscal year ends in December. INR in millions except per share data.,2017-12,2018-12,2019-12,2020-12,2021-12,TTM
Cash Flows From Operating Activities
Net income,815,892,638,802,914,914
Depreciation & amortization,56,66,74,117,121,121
Investments losses (gains),-55,-75,-101,-154,-94,-94
Change in working capital,-59,-163,35,214,-352,-352
Inventory,113,-62,14,-29,-315,-315
Other working capital,-173,-100,21,243,-37,-37
Other non-cash items,-249,-389,-167,-185,-304,-304
Net cash provided by operating activities,507,330,479,794,285,285
Cash Flows From Investing Activities
"Investments in property, plant, and equipment",-197,-232,-125,-166,-111,-111
"Property, plant, and equipment reductions",1,2,3,3,196,196
"Acquisitions, net",,,-360,-90,,
Purchases of investments,-2672,-2825,-1658,-1788,-1185,-1185
Sales/Maturities of investments,2360,2436,1625,1311,754,754
Other investing activities,64,301,119,41,19,19
Net cash used for investing activities,-445,-317,-396,-691,-327,-327
Cash Flows From Financing Activities
Dividend paid,-43,-36,-36,-40,-40,-40
Other financing activities,-2,-9,-11,-2,-2,-2
Net cash provided by (used for) financing activities,-45,-45,-47,-42,-42,-42
Net change in cash,17,-32,36,61,-84,-84
Cash at beginning of period,38,54,23,58,119,119
Cash at end of period,54,23,58,119,35,35
Free Cash Flow
Operating cash flow,507,330,479,794,285,285
Capital expenditure,-197,-232,-125,-166,-111,-111
Free cash flow,311,98,353,628,174,174
