﻿GTL LTD  (500160) Statement of  CASH FLOW
Fiscal year ends in March. INR in millions except per share data.,2017-03,2018-03,2019-03,2020-03,2021-03,TTM
Cash Flows From Operating Activities
Net income,-9892,-4431,-4127,-299,458,3606
Depreciation & amortization,500,191,57,45,47,48
Change in working capital,-834,837,593,1135,69,117
Inventory,-45,-42,86,,,
Other working capital,-789,878,507,1135,69,117
Other non-cash items,10987,4808,4400,-55,61,-3067
Net cash provided by operating activities,761,1404,923,826,634,704
Cash Flows From Investing Activities
"Investments in property, plant, and equipment",-50,-42,-72,-11,-19,-18
"Property, plant, and equipment reductions",4,1,,4,,
Other investing activities,99,28,9,8,13,6
Net cash used for investing activities,53,-13,-63,0,-5,-12
Cash Flows From Financing Activities
Debt issued,63,,,,,
Debt repayment,-160,-1392,-1063,-205,-1405,-588
Other financing activities,-685,-731,14,-828,762,-102
Net cash provided by (used for) financing activities,-782,-2122,-1049,-1034,-642,-690
Net change in cash,31,-731,-188,-207,-14,2
Cash at beginning of period,915,1104,276,173,38,33
Cash at end of period,946,373,88,-33,24,35
Free Cash Flow
Operating cash flow,761,1404,923,826,634,704
Capital expenditure,-50,-42,-72,-11,-19,-18
Free cash flow,711,1362,852,816,615,686
