﻿AGI GREENPAC LTD  (500187) CashFlowFlag BALANCE SHEET
Fiscal year ends in March. INR in millions except per share data.,2017-03,2018-03,2019-03,2020-03,2021-03
Assets
Current assets
Cash
Cash and cash equivalents,1443,2356,573,249,37
Short-term investments,1072,11,3,98,127
Total cash,2515,2368,576,347,164
Receivables,3975,5138,5879,2930,3173
Inventories,4925,5643,5700,4080,4361
Prepaid expenses,,925,996,662,551
Other current assets,653,217,386,922,609
Total current assets,12069,14291,13537,8942,8858
Non-current assets
"Property, plant and equipment"
"Gross property, plant and equipment",18472,21889,25130,23146,25331
Accumulated Depreciation,-2194,-3303,-4715,-4900,-6943
"Net property, plant and equipment",16278,18585,20415,18246,18388
Goodwill,269,269,247,107,
Intangible assets,42,53,49,174,231
Other long-term assets,2189,1538,1357,1215,1083
Total non-current assets,18779,20445,22068,19742,19702
Total assets,30848,34737,35604,28684,28560
Liabilities and stockholders' equity
Liabilities
Current liabilities
Short-term debt,5939,7070,4245,2664,2205
Capital leases,,,,,9
Accounts payable,1967,2174,2645,1952,2301
Other current liabilities,2556,2625,3282,1563,2113
Total current liabilities,10462,11869,10171,6179,6628
Non-current liabilities
Long-term debt,3391,5230,7532,7287,6754
Capital leases,,,,,9
Deferred taxes liabilities,2077,2115,2160,2363,2563
Other long-term liabilities,153,647,613,286,270
Total non-current liabilities,5621,7993,10305,9936,9596
Total liabilities,16083,19862,20476,16115,16225
Stockholders' equity
Common stock,145,145,145,145,129
Additional paid-in capital,4851,4551,4551,3683,2914
Retained earnings,4941,5334,5686,4663,5327
Accumulated other comprehensive income,4828,4845,4746,4078,3965
Total stockholders' equity,14765,14875,15128,12569,12336
Total liabilities and stockholders' equity,30848,34737,35604,28684,28560
