﻿GOLDEN TOBACCO LTD  (500151) Statement of  CASH FLOW
Fiscal year ends in March. INR in millions except per share data.,2017-03,2018-03,2019-03,2020-03,2021-03,TTM
Cash Flows From Operating Activities
Net income,-275,-36,279,-22,76,85
Depreciation & amortization,9,7,6,10,5,5
Investments losses (gains),-2,-2,-412,-2,-0,-0
Change in working capital,133,358,956,412,-140,-219
Inventory,20,340,35,86,132,68
Other working capital,113,18,921,326,-273,-287
Other non-cash items,144,314,-584,-190,58,50
Net cash provided by operating activities,8,642,245,208,-2,-79
Cash Flows From Investing Activities
"Investments in property, plant, and equipment",-0,-3,-0,,-0,-0
"Property, plant, and equipment reductions",,17,8,9,2,9
Sales/Maturities of investments,,,,46,,
Other investing activities,4,62,3,4,2,61
Net cash used for investing activities,4,76,11,59,4,70
Cash Flows From Financing Activities
Debt issued,,,,20,,
Debt repayment,,,-254,-128,,
Other financing activities,-8,-711,-16,-153,,
Net cash provided by (used for) financing activities,-8,-711,-270,-260,,
Net change in cash,5,7,-13,6,2,-9
Cash at beginning of period,5,10,17,4,9,24
Cash at end of period,10,17,4,9,12,15
Free Cash Flow
Operating cash flow,8,642,245,208,-2,-79
Capital expenditure,-0,-3,-0,,-0,-0
Free cash flow,8,639,245,208,-2,-79
