﻿HINDUSTAN PETROLEUM CORP LTD  (500104) CashFlowFlag INCOME STATEMENT
Fiscal year ends in March. INR in millions except per share data.,2017-03,2018-03,2019-03,2020-03,2021-03,TTM
Revenue,2139042,2186469,2742552,2679238,2321642,3259718
Cost of revenue,1936608,1979310,2519299,2509450,2048413,3016866
Gross profit,202433,207160,223253,169787,273229,242851
Operating expenses
"Sales, General and administrative",2894,2829,3198,2940,3326,
Other operating expenses,120095,129790,137608,142974,153167,160662
Total operating expenses,122989,132619,140806,145914,156493,160662
Operating income,79444,74540,82448,23873,116736,82189
Interest Expense,4900,5183,5592,7726,9396,8635
Other income (expense),37431,31744,23536,-2404,34630,33547
Income before taxes,111974,101101,100392,13743,141970,107102
Provision for income taxes,29616,28919,33486,-12644,35341,23737
Net income from continuing operations,82358,72183,66906,26387,106629,83365
Net income,82358,72183,66906,26387,106629,83365
Net income available to common shareholders,82358,72183,66906,26387,106629,83365
Earnings per share
Basic,54.05,47.37,43.41,17.32,70.57,57.75
Diluted,54.05,47.37,43.41,17.32,70.57,57.75
Weighted average shares outstanding
Basic,1524,1524,1524,1524,1511,1435
Diluted,1524,1524,1524,1524,1511,1435
EBITDA,144638,134628,136837,55168,187621,115736
