﻿HINDUSTAN OIL EXPLORATION CO LTD  (500186) CashFlowFlag INCOME STATEMENT
Fiscal year ends in March. INR in millions except per share data.,2017-03,2018-03,2019-03,2020-03,2021-03,TTM
Revenue,255,487,2651,2021,1139,1423
Cost of revenue,209,170,1060,870,507,570
Gross profit,46,317,1591,1151,632,854
Operating expenses
"Sales, General and administrative",63,18,48,38,26,
Other operating expenses,33,33,99,160,290,359
Total operating expenses,96,50,147,198,316,359
Operating income,-50,267,1444,953,316,495
Interest Expense,,10,17,54,58,61
Other income (expense),450,118,141,474,261,235
Income before taxes,400,375,1569,1373,518,668
Provision for income taxes,39,,1,-3,-16,-16
Net income from continuing operations,361,375,1567,1376,534,684
Net income,361,375,1567,1376,534,684
Net income available to common shareholders,361,375,1567,1376,534,684
Earnings per share
Basic,2.76,2.88,12.01,10.46,4.04,5.17
Diluted,2.76,2.85,11.91,10.46,4.04,5.17
Weighted average shares outstanding
Basic,130,130,130,132,132,132
Diluted,130,132,132,132,132,132
EBITDA,496,470,2023,1720,810,730
