﻿PROCTER & GAMBLE HEALTH LTD  (500126) CashFlowFlag BALANCE SHEET
Fiscal year ends in June. INR in millions except per share data.,2015-12,2016-12,2017-12,2018-12,2021-06
Assets
Current assets
Cash
Cash and cash equivalents,1884,2793,2777,12429,4640
Short-term investments,423,278,700,,
Total cash,2307,3070,3477,12429,4640
Receivables,1266,1104,1227,662,594
Inventories,1669,1659,1577,1134,1184
Prepaid expenses,,,1029,859,730
Other current assets,483,576,213,259,123
Total current assets,5724,6410,7523,15343,7271
Non-current assets
"Property, plant and equipment"
"Gross property, plant and equipment",2649,2953,2025,2030,2526
Accumulated Depreciation,-1263,-1548,-760,-854,-1124
"Net property, plant and equipment",1386,1405,1265,1177,1401
Intangible assets,1,2,8,4,1
Deferred income taxes,57,173,308,180,199
Other long-term assets,672,839,808,890,989
Total non-current assets,2116,2419,2389,2252,2590
Total assets,7840,8828,9912,17595,9862
Liabilities and stockholders' equity
Liabilities
Current liabilities
Capital leases,,,,,48
Accounts payable,656,751,833,914,1288
Deferred income taxes,,,,,42
Taxes payable,,,206,201,
Other current liabilities,1003,1333,1214,845,1012
Total current liabilities,1659,2084,2253,1960,2390
Non-current liabilities
Capital leases,,,,,29
Other long-term liabilities,266,290,327,233,406
Total non-current liabilities,266,290,327,233,435
Total liabilities,1924,2374,2580,2194,2824
Stockholders' equity
Common stock,166,166,166,166,166
Additional paid-in capital,111,114,114,114,114
Retained earnings,2270,2733,3611,11680,3277
Accumulated other comprehensive income,3368,3442,3442,3442,3480
Total stockholders' equity,5916,6455,7333,15401,7037
Total liabilities and stockholders' equity,7840,8828,9912,17595,9862
