﻿KANSAI NEROLAC PAINTS LTD  (500165) CashFlowFlag INCOME STATEMENT
Fiscal year ends in March. INR in millions except per share data.,2017-03,2018-03,2019-03,2020-03,2021-03,TTM
Revenue,40426,46458,54070,52638,50576,62756
Cost of revenue,23887,28376,34926,32878,31703,42988
Gross profit,16539,18081,19144,19760,18872,19768
Operating expenses
"Sales, General and administrative",4797,5174,5589,5603,4723,
Other operating expenses,5069,5748,7093,7534,7170,13728
Total operating expenses,9866,10922,12682,13137,11893,13728
Operating income,6673,7159,6462,6623,6980,6040
Interest Expense,,,99,207,236,284
Other income (expense),980,711,604,253,381,372
Income before taxes,7653,7870,6968,6670,7124,6128
Provision for income taxes,2552,2732,2491,1512,1867,1652
Net income from continuing operations,5101,5138,4477,5158,5257,4476
Other,-12,6,51,52,40,108
Net income,5088,5144,4528,5210,5297,4584
Net income available to common shareholders,5088,5144,4528,5210,5297,4584
Earnings per share
Basic,9.44,9.55,8.40,9.67,9.83,8.51
Diluted,9.44,9.55,8.40,9.67,9.83,8.51
Weighted average shares outstanding
Basic,539,539,539,539,539,539
Diluted,539,539,539,539,539,539
EBITDA,7374,7930,8130,8298,9014,8161
