﻿KANSAI NEROLAC PAINTS LTD  (500165) Statement of  CASH FLOW
Fiscal year ends in March. INR in millions except per share data.,2017-03,2018-03,2019-03,2020-03,2021-03,TTM
Cash Flows From Operating Activities
Net income,7653,7870,6968,6670,7124,7146
Depreciation & amortization,701,771,1063,1421,1653,1719
Investments losses (gains),-699,-359,-240,-194,-144,-181
Change in working capital,-1820,-1740,-3602,-570,-788,-3723
Inventory,-1205,-1260,-2590,1027,-1896,-4513
Other working capital,-616,-480,-1013,-1597,1107,790
Other non-cash items,-2322,-2948,-3189,-1376,-1386,-1392
Net cash provided by operating activities,3512,3593,999,5951,6459,3569
Cash Flows From Investing Activities
"Investments in property, plant, and equipment",-2170,-3445,-5271,-2421,-1038,-1272
"Property, plant, and equipment reductions",1,13,23,33,29,27
"Acquisitions, net",,,-765,-411,,
Purchases of investments,-273515,-250223,-164233,-146375,-32865,-31825
Sales/Maturities of investments,270029,251814,170955,145386,29283,30115
Other investing activities,82,213,176,26,62,39
Net cash used for investing activities,-5572,-1627,884,-3762,-4528,-2916
Cash Flows From Financing Activities
Debt issued,,168,,671,,
Debt repayment,-174,-103,-440,-55,-89,
Common stock issued,,,,,197,
Dividend paid,-1644,-1617,-1401,-1411,-2392,-2850
Other financing activities,-344,-338,-388,-612,-459,-58
Net cash provided by (used for) financing activities,-2162,-1890,-2229,-1407,-2742,-2907
Net change in cash,-4222,76,-345,782,-811,-2254
Cash at beginning of period,4779,556,613,268,1050,2104
Cash at end of period,556,632,268,1050,238,-150
Free Cash Flow
Operating cash flow,3512,3593,999,5951,6459,3569
Capital expenditure,-2170,-3445,-5271,-2421,-1038,-1272
Free cash flow,1342,149,-4272,3530,5421,2298
