﻿GOODYEAR INDIA LTD  (500168) CashFlowFlag INCOME STATEMENT
Fiscal year ends in March. INR in millions except per share data.,2017-03,2018-03,2019-03,2020-03,2021-03,TTM
Revenue,15118,16647,19102,17444,17917,24068
Cost of revenue,9514,10812,13248,11948,11813,17062
Gross profit,5604,5835,5855,5496,6104,7006
Operating expenses
"Sales, General and administrative",731,634,921,688,684,
Other operating expenses,3159,3509,3652,3922,3754,5447
Total operating expenses,3890,4143,4573,4609,4438,5447
Operating income,1714,1692,1282,887,1666,1559
Interest Expense,,29,30,40,34,35
Other income (expense),242,330,330,321,200,212
Income before taxes,1956,1993,1581,1168,1832,1736
Provision for income taxes,682,693,561,280,469,448
Net income from continuing operations,1274,1300,1021,888,1363,1287
Net income,1274,1300,1021,888,1363,1287
Net income available to common shareholders,1274,1300,1021,888,1363,1287
Earnings per share
Basic,55.22,56.34,44.25,38.51,59.07,55.81
Diluted,55.22,56.34,44.25,38.51,59.07,55.81
Weighted average shares outstanding
Basic,23,23,23,23,23,23
Diluted,23,23,23,23,23,23
EBITDA,2052,2383,2022,1709,2393,2298
