﻿GFL LTD  (500173) CashFlowFlag INCOME STATEMENT
Fiscal year ends in March. INR in millions except per share data.,2017-03,2018-03,2019-03,2020-03,2021-03,TTM
Revenue,62824,38507,56652,27036,1059,4539
Cost of revenue,24289,7071,16310,4167,343,1576
Gross profit,38535,31436,40342,22869,717,2963
Operating expenses
"Sales, General and administrative",5607,5503,6604,5374,104,
Other operating expenses,24396,21042,23941,15963,5111,6322
Total operating expenses,30003,26545,30545,21338,5214,6322
Operating income,8532,4891,9797,1531,-4498,-3360
Interest Expense,2405,2308,1780,3972,2522,2556
Other income (expense),-1714,211,50,-339,2579,1860
Income before taxes,4414,2794,8068,-2780,-4441,-4055
Provision for income taxes,2269,394,-5423,-415,-1084,-968
Net income from continuing operations,2145,2401,13491,-2365,-3357,-3087
Net income from discontinuing ops,,,,,-943,0
Other,-1264,134,-442,1131,1983,1665
Net income,881,2535,13049,-1234,-2317,-1422
Net income available to common shareholders,881,2535,13049,-1234,-2317,-1422
Earnings per share
Basic,8.02,23.08,118.79,-11.23,-21.09,-10.04
Diluted,8.02,23.08,118.79,-11.23,-21.09,-10.04
Weighted average shares outstanding
Basic,110,110,110,110,110,110
Diluted,110,110,110,110,110,110
EBITDA,10306,8094,13178,4734,913,1405
