﻿PROCTER & GAMBLE HEALTH LTD  (500126) CashFlowFlag INCOME STATEMENT
Fiscal year ends in June. INR in millions except per share data.,2015-12,2016-12,2017-12,2018-12,2021-06,TTM
Revenue,9395,9926,11040,8490,9908,10860
Cost of revenue,4352,4166,4455,2713,3393,3676
Gross profit,5042,5759,6585,5776,6515,7183
Operating expenses
Research and development,121,155,30,20,39,
"Sales, General and administrative",949,1052,1371,1298,1339,
Other operating expenses,3354,3309,3325,2680,2938,4840
Total operating expenses,4424,4515,4726,3998,4316,4840
Operating income,619,1244,1859,1778,2199,2343
Interest Expense,,,,,8,6
Other income (expense),215,-142,-337,-198,142,86
Income before taxes,833,1102,1522,1580,2333,2423
Provision for income taxes,298,343,583,562,565,570
Other income,,,,0,,
Net income from continuing operations,536,759,939,1017,1768,1853
Net income from discontinuing ops,,,,7370,,
Net income,536,759,939,8387,1768,1853
Net income available to common shareholders,536,759,939,8387,1768,1853
Earnings per share
Basic,32.30,45.70,56.60,505.30,107.00,112.10
Diluted,32.30,45.70,56.60,505.30,107.00,112.10
Weighted average shares outstanding
Basic,17,17,17,17,17,17
Diluted,17,17,17,17,17,17
EBITDA,853,1519,2123,2028,2641,2696
