﻿BHARAT HEAVY ELECTRICALS LTD  (500103) Statement of  CASH FLOW
Fiscal year ends in March. INR in millions except per share data.,2017-03,2018-03,2019-03,2020-03,2021-03,TTM
Cash Flows From Operating Activities
Net income,5856,12149,18501,-6591,-35959,-23340
Depreciation & amortization,8498,7873,4757,5033,4732,3935
Investments losses (gains),-410,-5657,-6165,,,
Change in working capital,-13891,-32713,-72969,-29701,26284,13633
Inventory,22288,10003,-19422,-10951,15367,11340
Other working capital,-36178,-42717,-53548,-18750,10917,2293
Other non-cash items,5308,28239,17018,2344,10559,8588
Net cash provided by operating activities,5361,9891,-38857,-28915,5616,2816
Cash Flows From Investing Activities
"Investments in property, plant, and equipment",-3557,-2812,-4253,-4345,-2504,-2222
"Property, plant, and equipment reductions",197,115,10,93,19,19
"Acquisitions, net",366,-747,173,3,,
Purchases of investments,,,,,-1600,-1594
Sales/Maturities of investments,,6371,17172,17065,14,5
Other investing activities,6370,6686,6082,5551,3645,3666
Net cash used for investing activities,3376,9612,19184,18366,-425,-125
Cash Flows From Financing Activities
Debt issued,,,24598,25034,,
Debt repayment,,,,,-997,
Common stock repurchased,,,-16283,,,
Dividend paid,-3537,-4846,-6528,-5046,-7,
Other financing activities,-1137,-1828,-1845,-3368,-2955,-1212
Net cash provided by (used for) financing activities,-4674,-6674,-57,16620,-3958,-1212
Net change in cash,4064,12829,-19731,6071,1233,1480
Cash at beginning of period,100872,14859,27688,7957,13966,8094
Cash at end of period,104936,27688,7957,14029,15199,9574
Free Cash Flow
Operating cash flow,5361,9891,-38857,-28915,5616,2816
Capital expenditure,-3557,-2812,-4253,-4345,-2504,-2222
Free cash flow,1804,7078,-43110,-33260,3112,594
