﻿IFCI LTD  (500106) Statement of  CASH FLOW
Fiscal year ends in March. INR in millions except per share data.,2017-03,2018-03,2019-03,2020-03,2021-03,TTM
Cash Flows From Operating Activities
Net income,-6090,-17203,-6956,-942,-20848,-29580
Depreciation & amortization,606,623,635,813,724,723
Investments losses (gains),,,-2550,-2528,534,451
Change in working capital,1578,-14111,3584,4781,-9224,1245
Inventory,,,432,365,299,348
Other working capital,1578,-14111,3152,4416,-9523,897
Other non-cash items,11924,23288,9724,4228,24439,25919
Net cash provided by operating activities,8018,-7403,4436,6352,-4375,-1241
Cash Flows From Investing Activities
"Investments in property, plant, and equipment",-299,-118,-439,-418,-1026,-1071
"Property, plant, and equipment reductions",217,310,67,70,,
"Acquisitions, net",,,129,,,
Purchases of intangibles,,,-16,-10,-7,
Other investing activities,,,28,33,,1243
Net cash used for investing activities,-82,192,-232,-325,-1033,172
Cash Flows From Financing Activities
Preferred stock repaid,,-388,-2251,,,
Common stock issued,8,1004,,,,
Dividend paid,-294,-185,-92,-42,-71,
Other financing activities,,,-0,2000,2000,1828
Net cash provided by (used for) financing activities,-285,431,-2343,1958,1929,1828
Net change in cash,7651,-6781,1861,7985,-3480,759
Cash at beginning of period,5358,13010,5432,7292,15277,9342
Cash at end of period,13010,6229,7292,15277,11797,10101
Free Cash Flow
Operating cash flow,8018,-7403,4436,6352,-4375,-1241
Capital expenditure,-299,-118,-455,-428,-1033,-1078
Free cash flow,7719,-7521,3981,5924,-5409,-2319
