﻿GHCL LTD  (500171) Statement of  CASH FLOW
Fiscal year ends in March. INR in millions except per share data.,2018-03,2019-03,2020-03,2021-03,2022-03,TTM
Cash Flows From Operating Activities
Net income,4074,5411,4946,4386,8812,8812
Depreciation & amortization,1101,1163,1312,1334,1319,1319
Investments losses (gains),-2,-8,-10,-13,-6,-6
Stock based compensation,35,199,-72,16,0,0
Change in working capital,78,-1391,-184,600,-2408,-2408
Inventory,-524,-804,-221,271,-3813,-3813
Other working capital,601,-588,38,329,1406,1406
Other non-cash items,610,234,251,-112,-1283,-1283
Net cash provided by operating activities,5895,5607,6244,6210,6434,6434
Cash Flows From Investing Activities
"Investments in property, plant, and equipment",-2880,-2827,-2157,-1119,-3374,-3374
"Property, plant, and equipment reductions",60,98,97,12,,
Other investing activities,25,-331,5,19,9,9
Net cash used for investing activities,-2794,-3060,-2055,-1088,-3366,-3366
Cash Flows From Financing Activities
Debt issued,3130,1364,2527,25,2667,2667
Debt repayment,-2666,-2024,-3146,-4740,-2494,-2494
Common stock issued,56,62,27,,51,51
Common stock repurchased,-653,,-695,,,
Dividend paid,-342,-491,-775,,-520,-520
Other financing activities,-2603,-1504,-1332,-974,-684,-684
Net cash provided by (used for) financing activities,-3078,-2593,-3393,-5690,-981,-981
Net change in cash,23,-46,796,-568,2088,2088
Cash at beginning of period,93,90,122,917,350,350
Cash at end of period,116,44,917,350,2438,2438
Free Cash Flow
Operating cash flow,5895,5607,6244,6210,6434,6434
Capital expenditure,-2880,-2827,-2157,-1119,-3374,-3374
Free cash flow,3015,2780,4086,5091,3060,3060
