﻿METROGLOBAL LTD  (500159) CashFlowFlag BALANCE SHEET
Fiscal year ends in March. INR in millions except per share data.,2017-03,2018-03,2019-03,2020-03,2021-03
Assets
Current assets
Cash
Cash and cash equivalents,542,643,814,1,6
Short-term investments,,97,138,370,355
Total cash,542,741,953,372,360
Receivables,413,647,112,75,36
Inventories,150,183,436,73,80
Prepaid expenses,,102,35,84,10
Other current assets,1493,1308,1133,1097,1076
Total current assets,2597,2980,2668,1700,1562
Non-current assets
"Property, plant and equipment"
"Gross property, plant and equipment",547,716,703,549,491
Accumulated Depreciation,-295,-86,-90,-94,-31
"Net property, plant and equipment",252,630,613,455,460
Other long-term assets,909,762,875,1024,1433
Total non-current assets,1161,1392,1488,1479,1893
Total assets,3758,4372,4157,3179,3455
Liabilities and stockholders' equity
Liabilities
Current liabilities
Short-term debt,412,379,116,23,0
Accounts payable,238,391,547,23,9
Other current liabilities,33,40,46,42,49
Total current liabilities,683,810,709,88,59
Non-current liabilities
Long-term debt,313,304,181,53,48
Deferred taxes liabilities,5,5,,3,5
Minority interest,30,30,14,14,28
Other long-term liabilities,,,-0,0,-0
Total non-current liabilities,347,338,195,70,81
Total liabilities,1031,1148,904,157,139
Stockholders' equity
Common stock,163,163,163,123,123
Additional paid-in capital,1175,1175,1175,991,991
Retained earnings,-444,-259,-125,-121,179
Accumulated other comprehensive income,1833,2144,2039,2028,2022
Total stockholders' equity,2727,3224,3253,3022,3316
Total liabilities and stockholders' equity,3758,4372,4157,3179,3455
