﻿RELIANCE CAPITAL LTD  (500111) Statement of  CASH FLOW
Fiscal year ends in March. INR in millions except per share data.,2017-03,2018-03,2019-03,2020-03,2021-03,TTM
Cash Flows From Operating Activities
Net income,15390,16720,-13320,-12240,-91140,-76040
Depreciation & amortization,1160,1430,1230,1230,1050,1120
Investments losses (gains),-730,-2080,-2260,-1530,-16430,-25180
Stock based compensation,,,-20,,,
Change in working capital,-30840,-39680,-67570,154880,83440,78130
Other working capital,-30840,-39680,-67570,154880,83440,78130
Other non-cash items,3810,-27040,-1580,-12060,63660,56890
Net cash provided by operating activities,-11210,-50650,-83520,130280,40580,34920
Cash Flows From Investing Activities
"Investments in property, plant, and equipment",-4740,-4070,-150,,-1530,-1370
"Property, plant, and equipment reductions",330,260,,200,160,230
"Acquisitions, net",,,,60280,,
Purchases of investments,-341030,-246710,,-30450,-38830,-32850
Sales/Maturities of investments,269600,223540,27400,,,
Other investing activities,15250,19220,24020,30110,720,890
Net cash used for investing activities,-60590,-7760,51270,60140,-39480,-33100
Cash Flows From Financing Activities
Debt issued,158260,164600,25200,,490,2130
Debt repayment,-60000,-66270,-24860,-192500,-710,-140
Common stock issued,,30,10,,,
Dividend paid,-3690,-2930,-4120,,,
Other financing activities,-14240,-29810,,,,
Net cash provided by (used for) financing activities,80330,65620,-3770,-192500,-220,1990
Net change in cash,8530,7210,-36020,-2080,880,3810
Cash at beginning of period,27460,35990,42900,6880,4790,3760
Cash at end of period,35990,43200,6880,4800,5670,7570
Free Cash Flow
Operating cash flow,-11210,-50650,-83520,130280,40580,34920
Capital expenditure,-4740,-4070,-560,,-1530,-1370
Free cash flow,-15950,-54720,-84080,130280,39050,33550
