﻿ESAB INDIA LTD  (500133) Statement of  CASH FLOW
Fiscal year ends in March. INR in millions except per share data.,2017-03,2018-03,2019-03,2020-03,2021-03,TTM
Cash Flows From Operating Activities
Net income,364,526,841,972,805,1062
Depreciation & amortization,103,101,107,126,117,112
Investments losses (gains),-94,-69,-54,-38,-14,-9
Change in working capital,107,-126,64,-201,54,-245
Inventory,-44,-99,46,-103,49,-261
Other working capital,150,-27,18,-99,4,16
Other non-cash items,-114,-136,-284,-287,-238,-242
Net cash provided by operating activities,365,297,674,572,724,678
Cash Flows From Investing Activities
"Investments in property, plant, and equipment",-149,-165,-124,-198,-104,-127
"Property, plant, and equipment reductions",6,2,12,0,1,1
Purchases of investments,-2110,-1323,-2304,-3606,-2093,-2055
Sales/Maturities of investments,1943,1504,3370,2574,2978,2102
Other investing activities,84,69,64,29,54,14
Net cash used for investing activities,-226,87,1020,-1201,836,-65
Cash Flows From Financing Activities
Dividend paid,-15,-15,-1401,,-1370,-677
Other financing activities,-3,-390,-234,385,-190,217
Net cash provided by (used for) financing activities,-18,-405,-1634,385,-1560,-460
Net change in cash,121,-21,59,-244,-1,153
Cash at beginning of period,271,392,371,431,187,150
Cash at end of period,392,371,431,187,186,303
Free Cash Flow
Operating cash flow,365,297,674,572,724,678
Capital expenditure,-149,-165,-124,-198,-104,-127
Free cash flow,216,132,550,374,619,551
