﻿DR REDDY'S LABORATORIES LTD  (500124) Statement of  CASH FLOW
Fiscal year ends in March. INR in millions except per share data.,2017-03,2018-03,2019-03,2020-03,2021-03,TTM
Cash Flows From Operating Activities
Net income,12039,9806,18795,19498,17238,26317
Depreciation & amortization,11277,11710,12190,12472,12796,12035
Investment/asset impairment charges,3530,2999,4226,16767,8588,1882
Investments losses (gains),-956,-2270,-773,-5,,
Deferred income taxes,2614,4535,3648,-1466,9175,9658
Stock based compensation,398,454,389,521,584,580
Change in working capital,-5350,-8964,-5771,-7536,-8197,-10410
Inventory,-6325,-3233,-8496,-1487,-9881,-5367
Other working capital,975,-5731,2725,-6049,1684,-5043
Other non-cash items,-2039,-241,-4000,-10410,-4481,-9807
Net cash provided by operating activities,21513,18029,28704,29841,35703,30255
Cash Flows From Investing Activities
"Investments in property, plant, and equipment",-40984,-11043,-7491,-6115,-12561,-18225
"Property, plant, and equipment reductions",44,139,1265,131,85,220
"Acquisitions, net",-103,,,,-15514,
Purchases of investments,-49651,-68429,-78573,-111918,-75418,-57311
Sales/Maturities of investments,71595,64038,76291,111704,79528,57700
Sales of intangibles,,,,259,,2946
Other investing activities,628,412,781,1016,1220,821
Net cash used for investing activities,-18471,-14883,-7727,-4923,-22660,-13849
Cash Flows From Financing Activities
Debt issued,,18907,,,10591,6791
Debt repayment,-5220,,,-23400,-4497,-773
Common stock issued,1,1,,4,269,346
Common stock repurchased,-15694,,-535,-474,-1193,-1003
Dividend paid,-3390,-3992,-4002,-3916,-4147,-4146
Other financing activities,20611,-19356,-16789,2627,-1321,-94
Net cash provided by (used for) financing activities,-3692,-4440,-21326,-25159,-298,1121
Effect of exchange rate changes,-492,57,35,-25,113,128
Net change in cash,-1142,-1237,-314,-266,12858,17655
Cash at beginning of period,4921,3779,2542,2228,1962,4321
Cash at end of period,3779,2542,2228,1962,14820,21976
Free Cash Flow
Operating cash flow,21513,18029,28704,29841,35703,30255
Capital expenditure,-40984,-11043,-7491,-6115,-12561,-18225
Free cash flow,-19471,6986,21213,23726,23142,12030
