﻿HINDUSTAN CONSTRUCTION CO LTD  (500185) CashFlowFlag BALANCE SHEET
Fiscal year ends in March. INR in millions except per share data.,2017-03,2018-03,2019-03,2020-03,2021-03
Assets
Current assets
Cash
Cash and cash equivalents,2277,4042,2707,2761,6421
Short-term investments,490,272,575,746,1093
Total cash,2767,4314,3282,3506,7514
Receivables,23077,24653,35457,18976,45018
Inventories,24730,25041,6317,4672,4796
Prepaid expenses,3962,4346,3268,3134,2848
Other current assets,58941,52916,43700,41815,43866
Total current assets,113477,111270,92024,72103,104043
Non-current assets
"Property, plant and equipment"
"Gross property, plant and equipment",54068,38452,12555,15795,15818
Accumulated Depreciation,-19431,-5704,-5685,-6976,-7839
"Net property, plant and equipment",34637,32748,6870,8819,7979
Goodwill,1245,1344,34,34,34
Intangible assets,252,360,595,635,641
Deferred income taxes,261,7,4540,4858,7514
Prepaid pension benefit,,,,214,231
Other long-term assets,21949,20920,11784,35013,7348
Total non-current assets,58344,55380,23823,49572,23747
Total assets,171821,166649,115847,121675,127790
Liabilities and stockholders' equity
Liabilities
Current liabilities
Short-term debt,36256,57939,16456,23874,31249
Capital leases,,,,23,277
Accounts payable,35166,36842,37132,29656,30475
Taxes payable,,,,,7
Other current liabilities,40429,48655,33731,42372,45739
Total current liabilities,111851,143436,87319,95925,107747
Non-current liabilities
Long-term debt,56328,36617,24620,15868,14083
Capital leases,,1,1,2761,2160
Deferred taxes liabilities,2390,402,,,
Accrued liabilities,,,4906,6902,9442
Other long-term liabilities,7066,1704,8363,7811,7535
Total non-current liabilities,65783,38724,37890,33342,33219
Total liabilities,177634,182160,125209,129267,140966
Stockholders' equity
Common stock,1011,1016,1513,1513,1513
Additional paid-in capital,21941,22134,26238,27059,27059
Retained earnings,-32189,-42014,-37756,-36343,-42194
Accumulated other comprehensive income,3424,3354,644,180,446
Total stockholders' equity,-5814,-15511,-9362,-7592,-13176
Total liabilities and stockholders' equity,171821,166649,115847,121676,127790
