﻿HIMADRI SPECIALITY CHEMICAL LTD  (500184) CashFlowFlag INCOME STATEMENT
Fiscal year ends in March. INR in millions except per share data.,2017-03,2018-03,2019-03,2020-03,2021-03,TTM
Revenue,13390,20393,24223,17937,16793,25229
Cost of revenue,8852,13686,16039,12272,12391,20056
Gross profit,4538,6707,8184,5664,4402,5173
Operating expenses
"Sales, General and administrative",23,22,28,35,51,
Other operating expenses,2229,2493,2876,3046,3511,4112
Total operating expenses,2253,2515,2903,3081,3562,4112
Operating income,2285,4192,5281,2584,839,1061
Interest Expense,751,622,619,485,311,293
Other income (expense),-287,40,-41,-158,117,44
Income before taxes,1247,3610,4621,1941,646,812
Provision for income taxes,422,1134,1379,-112,173,103
Net income from continuing operations,824,2476,3242,2054,473,709
Other,3,-1,1,1,2,2
Net income,828,2475,3243,2055,475,711
Net income available to common shareholders,828,2475,3243,2055,475,711
Earnings per share
Basic,1.98,5.92,7.75,4.91,1.13,1.70
Diluted,1.98,5.92,7.74,4.91,1.13,1.70
Weighted average shares outstanding
Basic,418,418,418,419,419,415
Diluted,418,418,419,419,419,415
EBITDA,2326,4564,5584,2819,1426,1587
