﻿ESAB INDIA LTD  (500133) CashFlowFlag INCOME STATEMENT
Fiscal year ends in March. INR in millions except per share data.,2017-03,2018-03,2019-03,2020-03,2021-03,TTM
Revenue,4737,5287,6665,6937,6784,8323
Cost of revenue,3040,3692,4538,4575,4605,5450
Gross profit,1698,1595,2126,2362,2180,2874
Operating expenses
"Sales, General and administrative",463,151,165,168,221,
Other operating expenses,900,1011,1261,1340,1243,1814
Total operating expenses,1362,1161,1426,1508,1464,1814
Operating income,336,434,701,854,716,1060
Interest Expense,,,,5,4,3
Other income (expense),28,93,141,123,94,66
Income before taxes,364,526,841,972,805,1123
Provision for income taxes,104,155,266,258,212,296
Net income from continuing operations,260,372,576,714,593,827
Net income,260,372,576,714,593,827
Net income available to common shareholders,260,372,576,714,593,827
Earnings per share
Basic,16.89,24.13,37.41,46.40,38.52,53.72
Diluted,16.89,24.13,37.41,46.40,38.52,53.72
Weighted average shares outstanding
Basic,15,15,15,15,15,15
Diluted,15,15,15,15,15,15
EBITDA,438,535,808,1103,926,1238
