﻿HCL INFOSYSTEMS LTD  (500179) Statement of  CASH FLOW
Fiscal year ends in March. INR in millions except per share data.,2017-03,2018-03,2019-03,2020-03,2021-03,TTM
Cash Flows From Operating Activities
Net income,-2927,-7088,-1268,-728,-1948,-205
Depreciation & amortization,392,350,219,181,43,28
Investments losses (gains),-74,-48,-51,-156,,
Change in working capital,764,-1269,3704,1520,822,255
Inventory,729,-1723,2181,676,251,126
Other working capital,35,454,1523,844,571,128
Other non-cash items,1545,5224,1267,-196,936,272
Net cash provided by operating activities,-300,-2831,3871,621,-148,350
Cash Flows From Investing Activities
"Investments in property, plant, and equipment",-136,-327,-101,-12,-4,
"Property, plant, and equipment reductions",16,105,7,,,
"Acquisitions, net",,,147,2450,-0,
Purchases of investments,-5969,-4721,-629,,,
Sales/Maturities of investments,4925,5012,1256,1289,160,
Other investing activities,2214,853,606,204,49,980
Net cash used for investing activities,1050,921,1286,3931,204,980
Cash Flows From Financing Activities
Debt issued,27488,16464,12795,18003,17818,
Debt repayment,-26927,-18009,-16332,-21942,-17495,-10555
Common stock issued,,4955,,,,
Dividend paid,-5,-7,-5,-1,,
Other financing activities,-1914,-1733,-1230,-960,-545,9174
Net cash provided by (used for) financing activities,-1359,1670,-4771,-4900,-222,-1381
Effect of exchange rate changes,,18,-1,-3,0,-0
Net change in cash,-608,-223,384,-352,-164,-51
Cash at beginning of period,1989,1381,1158,904,553,725
Cash at end of period,1381,1158,1542,553,388,674
Free Cash Flow
Operating cash flow,-300,-2831,3871,621,-148,350
Capital expenditure,-136,-327,-101,-12,-4,
Free cash flow,-435,-3158,3771,609,-152,346
