﻿BHARAT HEAVY ELECTRICALS LTD  (500103) CashFlowFlag BALANCE SHEET
Fiscal year ends in March. INR in millions except per share data.,2017-03,2018-03,2019-03,2020-03,2021-03
Assets
Current assets
Cash
Cash and cash equivalents,14859,27688,7957,14029,15272
Short-term investments,90028,85228,67078,50000,51600
Total cash,104887,112916,75035,64029,66872
Receivables,220776,227721,120119,71086,40351
Inventories,73797,62632,81162,89082,71944
Prepaid expenses,20980,27604,1941,6613,8048
Other current assets,8601,1062,105229,96301,96218
Total current assets,429040,431934,383487,327112,283434
Non-current assets
"Property, plant and equipment"
"Gross property, plant and equipment",53410,56058,59764,63646,65827
Accumulated Depreciation,-16851,-24295,-28658,-33194,-37505
"Net property, plant and equipment",36559,31764,31106,30453,28322
Intangible assets,1136,995,953,859,785
Deferred income taxes,38462,36324,35226,27659,36712
Other long-term assets,108278,134429,188420,221761,203149
Total non-current assets,184435,203512,255706,280731,268968
Total assets,613474,635447,639193,607843,552402
Liabilities and stockholders' equity
Liabilities
Current liabilities
Short-term debt,60,103,24701,49479,48493
Capital leases,603,423,629,567,482
Accounts payable,87159,105892,113810,88975,66826
Taxes payable,,,910,,
Other current liabilities,113604,115696,90757,87747,87798
Total current liabilities,201426,222114,230807,226768,203599
Non-current liabilities
Capital leases,896,572,954,754,534
Deferred revenues,30881,34745,,31036,30426
Minority interest,-11,-40,-67,-91,-117
Other long-term liabilities,56393,54706,98775,62768,58124
Total non-current liabilities,88158,89982,99662,94468,88966
Total liabilities,289585,312097,330469,321236,292566
Stockholders' equity
Common stock,4895,7343,6964,6964,6964
Additional paid-in capital,,,379,379,379
Retained earnings,-3802,-5174,-2326,-21704,-48675
Accumulated other comprehensive income,322796,321182,303707,300968,301169
Total stockholders' equity,323890,323350,308724,286607,259837
Total liabilities and stockholders' equity,613474,635447,639193,607843,552402
