﻿DCW LTD  (500117) CashFlowFlag INCOME STATEMENT
Fiscal year ends in March. INR in millions except per share data.,2017-03,2018-03,2019-03,2020-03,2021-03,TTM
Revenue,11688,11804,13460,12702,14587,21976
Cost of revenue,5919,5971,6814,6360,7561,12967
Gross profit,5769,5832,6646,6342,7026,9010
Operating expenses
"Sales, General and administrative",363,322,312,238,360,
Other operating expenses,4633,5097,5358,5279,5442,6933
Total operating expenses,4996,5419,5671,5517,5802,6933
Operating income,774,413,975,825,1224,2076
Interest Expense,547,877,946,1004,1126,1164
Other income (expense),24,-27,-248,-218,39,185
Income before taxes,250,-491,-219,-397,137,1098
Provision for income taxes,49,-289,-176,-129,99,436
Net income from continuing operations,201,-202,-43,-268,38,662
Net income,201,-202,-43,-268,38,662
Net income available to common shareholders,201,-202,-43,-268,38,662
Earnings per share
Basic,0.92,-0.91,-0.19,-1.12,0.15,2.54
Diluted,0.92,-0.91,-0.19,-1.12,0.15,2.40
Weighted average shares outstanding
Basic,220,221,221,238,261,256
Diluted,220,221,221,238,261,269
EBITDA,1477,1264,1560,1479,2136,3147
