﻿FGP LTD  (500142) CashFlowFlag BALANCE SHEET
Fiscal year ends in March. INR in millions except per share data.,2017-03,2018-03,2019-03,2020-03,2021-03
Assets
Current assets
Cash
Cash and cash equivalents,1,3,10,1,0
Short-term investments,27,30,27,3,25
Total cash,28,33,37,4,26
Receivables,,,,0,0
Prepaid expenses,,,,0,0
Other current assets,7,6,6,6,6
Total current assets,35,39,43,10,32
Non-current assets
"Property, plant and equipment"
"Gross property, plant and equipment",11,12,12,10,10
Accumulated Depreciation,-11,-11,-11,-10,-10
"Net property, plant and equipment",0,0,1,0,0
Other long-term assets,,,,21,0
Total non-current assets,0,0,1,21,1
Total assets,35,39,44,32,32
Liabilities and stockholders' equity
Liabilities
Current liabilities
Accounts payable,2,1,1,1,3
Other current liabilities,1,1,1,1,0
Total current liabilities,2,1,2,2,3
Non-current liabilities
Other long-term liabilities,,,-0,,0
Total non-current liabilities,,,-0,,0
Total liabilities,2,1,2,2,3
Stockholders' equity
Common stock,119,119,119,119,119
Additional paid-in capital,175,175,175,175,175
Retained earnings,-261,-256,-252,-264,-264
Accumulated other comprehensive income,0,0,0,0,0
Total stockholders' equity,33,38,42,30,30
Total liabilities and stockholders' equity,35,39,44,32,32
