﻿HDFC BANK LTD  (500180) CashFlowFlag BALANCE SHEET
Fiscal year ends in March. INR in millions except per share data.,2017-03,2018-03,2019-03,2020-03,2021-03
Assets
Current assets
Cash
Cash and cash equivalents,566713,719031,855414,726744,1041383
Short-term investments,2111386,2222711,2633348,3406289,4275450
Total cash,2678098,2941742,3488762,4133033,5316833
Receivables,67357,77895,93032,324997,123691
Prepaid expenses,4497,6407,5570,9014,9754
Other current assets,-2749952,-3026044,-3587364,-4467044,-5450278
Total current assets,,,,,
Non-current assets
"Property, plant and equipment"
"Gross property, plant and equipment",98996,107474,122294,195938,215499
Accumulated Depreciation,-60027,-68506,-79106,-86853,-97856
"Net property, plant and equipment",38969,38968,43188,109085,117643
Equity and other investments,2146749,2390225,2898864,3711252,4375070
Goodwill,74938,74938,74938,74938,74938
Intangible assets,2,1,,,
Other long-term assets,-2260658,-2504132,-3016990,-3895275,-4567651
Total non-current assets,,,,,
Total assets,,,,,
Liabilities and stockholders' equity
Liabilities
Current liabilities
Short-term debt,322266,779202,654058,377418,239264
Accounts payable,259030,254242,237989,259302,346038
Accrued liabilities,33715,52644,57817,54898,69103
Other current liabilities,-615011,-1086088,-949864,-691618,-654405
Total current liabilities,,,,,
Non-current liabilities
Long-term debt,730921,932906,1044553,1026518,1174758
Capital leases,,,,65615,70422
Minority interest,1848,2330,3049,3411,3776
Other long-term liabilities,-730921,-932906,-1044553,-1092133,-1245180
Total non-current liabilities,1848,2330,3049,3411,3776
Total liabilities,1848,2330,3049,3411,3776
Stockholders' equity
Common stock,5125,5190,5447,5483,5513
Other Equity,213735,229527,300130,408370,462022
Additional paid-in capital,442722,476570,739764,765889,794220
Retained earnings,364472,462876,587235,713341,897874
Total stockholders' equity,1026054,1174164,1632575,1893082,2159628
Total liabilities and stockholders' equity,1027901,1176493,1635625,1896494,2163405
