﻿STATE BANK OF INDIA  (500112) CashFlowFlag INCOME STATEMENT
Fiscal year ends in March. INR in millions except per share data.,2017-03,2018-03,2019-03,2020-03,2021-03,TTM
Revenue,1421011,1451005,1651392,1951760,2171527,2369220
Gross profit,1421011,1451005,1651392,1951760,2171527,2369220
Operating expenses
"Sales, General and administrative",37177,54027,54677,59201,53367,
Other operating expenses,833773,894930,1082270,1249220,1435899,1531979
Total operating expenses,870950,948957,1136947,1308421,1489266,1531979
Operating income,550061,502048,514445,643339,682261,837241
Interest Expense,1491147,1466030,1558675,1611238,1560102,1546393
Other income (expense),950534,841533,1074920,1271065,1120638,1079412
Income before taxes,9448,-122449,30691,303166,242797,370260
Provision for income taxes,13355,-80575,,121398,,
Other income,2933,4382,2815,29631,-3919,-35389
Net income from continuing operations,-974,-37492,33506,211400,238878,334871
Other,3386,-8070,-10509,-13722,-14824,-15368
Net income,2412,-45563,22996,197678,224055,319503
Net income available to common shareholders,2412,-45563,22996,197678,224055,319503
Earnings per share
Basic,0.31,-5.34,2.58,22.15,25.11,35.81
Diluted,0.31,-5.34,2.58,22.15,25.11,35.81
Weighted average shares outstanding
Basic,7804,8533,8925,8925,8925,8923
Diluted,7804,8533,8925,8925,8925,8923
