﻿ESTER INDUSTRIES LTD  (500136) CashFlowFlag BALANCE SHEET
Fiscal year ends in March. INR in millions except per share data.,2017-03,2018-03,2019-03,2020-03,2021-03
Assets
Current assets
Cash
Cash and cash equivalents,66,7,2,2,18
Short-term investments,2,66,59,226,332
Total cash,68,73,62,228,350
Receivables,1163,1482,1228,1212,1512
Inventories,1174,1142,1252,1104,1366
Prepaid expenses,,194,68,138,262
Other current assets,211,55,38,168,50
Total current assets,2615,2945,2647,2850,3540
Non-current assets
"Property, plant and equipment"
"Gross property, plant and equipment",7560,4512,4598,4834,5831
Accumulated Depreciation,-3744,-533,-713,-989,-1307
"Net property, plant and equipment",3816,3979,3885,3845,4524
Intangible assets,29,19,14,19,8
Other long-term assets,77,84,108,196,545
Total non-current assets,3922,4083,4007,4060,5077
Total assets,6537,7027,6654,6911,8617
Liabilities and stockholders' equity
Liabilities
Current liabilities
Short-term debt,2472,2803,1881,1031,1121
Capital leases,,,,10,11
Accounts payable,5,420,232,330,377
Taxes payable,,11,21,8,32
Other current liabilities,315,108,162,223,312
Total current liabilities,2791,3342,2296,1601,1853
Non-current liabilities
Long-term debt,677,294,621,557,994
Deferred taxes liabilities,225,176,230,317,315
Deferred revenues,,293,277,255,228
Pensions and other benefits,,89,85,99,107
Other long-term liabilities,70,,,,
Total non-current liabilities,972,853,1213,1228,1644
Total liabilities,3763,4195,3510,2829,3497
Stockholders' equity
Common stock,417,417,417,417,417
Additional paid-in capital,612,646,646,646,646
Retained earnings,1206,1257,1569,2506,3545
Accumulated other comprehensive income,538,513,513,513,513
Total stockholders' equity,2774,2833,3144,4081,5120
Total liabilities and stockholders' equity,6537,7027,6654,6911,8617
