﻿HERO MOTOCORP LTD  (500182) CashFlowFlag BALANCE SHEET
Fiscal year ends in March. INR in millions except per share data.,2018-03,2019-03,2020-03,2021-03,2022-03
Assets
Current assets
Cash
Cash and cash equivalents,1637,2430,3785,3472,1810
Short-term investments,55911,31739,47091,62253,64640
Total cash,57548,34169,50876,65725,66450
Receivables,14270,27451,15119,22747,21585
Inventories,9627,12495,12823,17893,14724
Prepaid expenses,818,1913,1575,1694,
Other current assets,7760,8103,6098,5646,2963
Total current assets,90022,84132,86492,113705,105722
Non-current assets
"Property, plant and equipment"
"Gross property, plant and equipment",79602,86010,99762,103034,60214
Accumulated Depreciation,-29498,-34237,-39854,-45163,
"Net property, plant and equipment",50104,51774,59909,57871,60214
Intangible assets,5501,5930,8734,10884,6894
Other long-term assets,28340,43208,41606,48501,51954
Total non-current assets,83945,100912,110249,117256,119062
Total assets,173967,185044,196741,230961,224784
Liabilities and stockholders' equity
Liabilities
Current liabilities
Short-term debt,783,1867,1682,2968,3173
Capital leases,,,335,296,362
Accounts payable,33753,34382,31276,52642,43431
Other current liabilities,10278,7843,9498,9139,8210
Total current liabilities,44814,44092,42791,65045,55176
Non-current liabilities
Long-term debt,530,349,440,452,362
Capital leases,966,899,2076,2124,2155
Deferred taxes liabilities,5819,6129,4726,4527,3782
Minority interest,932,1161,1406,1432,1480
Other long-term liabilities,1192,1209,1239,3216,3362
Total non-current liabilities,9439,9748,9887,11751,11141
Total liabilities,54253,53840,52678,76797,66317
Stockholders' equity
Common stock,399,400,400,400,400
Additional paid-in capital,83,140,184,315,
Retained earnings,92470,103853,116521,126487,
Accumulated other comprehensive income,26762,26812,26959,26963,158067
Total stockholders' equity,119715,131204,144063,154164,158466
Total liabilities and stockholders' equity,173967,185044,196741,230961,224784
