﻿DHAMPUR SUGAR MILLS LTD  (500119) CashFlowFlag INCOME STATEMENT
Fiscal year ends in March. INR in millions except per share data.,2017-03,2018-03,2019-03,2020-03,2021-03,TTM
Revenue,25837,33392,29112,33441,39885,33572
Cost of revenue,17874,27185,21689,27970,33203,26721
Gross profit,7963,6207,7423,5472,6682,6851
Operating expenses
Research and development,,91,54,50,54,
"Sales, General and administrative",261,354,499,605,984,
Other operating expenses,2719,2754,2854,1857,1749,2884
Total operating expenses,2980,3199,3407,2512,2787,2884
Operating income,4983,3008,4016,2959,3895,3967
Interest Expense,1657,1211,1007,1148,832,788
Other income (expense),-166,229,182,346,90,90
Income before taxes,3160,2026,3192,2157,3153,3270
Provision for income taxes,780,513,682,-84,862,896
Net income from continuing operations,2380,1513,2509,2240,2291,2374
Net income from discontinuing ops,,,,-84,-1,-1
Extraordinary items,-10,,,,,
Other,-23,4,1,9,2,0
Net income,2367,1517,2510,2165,2292,2373
Net income available to common shareholders,2367,1517,2510,2165,2292,2373
Earnings per share
Basic,36.42,22.85,37.81,32.61,34.52,35.74
Diluted,36.42,22.85,37.81,32.61,34.52,35.74
Weighted average shares outstanding
Basic,65,66,66,66,66,66
Diluted,65,66,66,66,66,66
EBITDA,5360,3814,4906,4065,4762,4835
