﻿BHARAT HEAVY ELECTRICALS LTD  (500103) CashFlowFlag INCOME STATEMENT
Fiscal year ends in March. INR in millions except per share data.,2017-03,2018-03,2019-03,2020-03,2021-03,TTM
Revenue,282522,279778,293678,204946,162958,193053
Cost of revenue,198464,184534,206902,162778,118706,139010
Gross profit,84058,95244,86777,42168,44252,54044
Operating expenses
Research and development,,480,1231,750,447,
"Sales, General and administrative",1187,651,515,405,3814,
Other operating expenses,79510,87009,68521,51825,74655,72957
Total operating expenses,80697,88140,70267,52980,78916,72957
Operating income,3362,7104,16510,-10811,-34664,-18914
Interest Expense,618,352,2880,5061,3730,3382
Other income (expense),3113,5397,4871,9281,2435,2083
Income before taxes,5856,12149,18501,-6591,-35959,-20213
Provision for income taxes,-1304,7767,8409,8093,-8962,-5172
Net income from continuing operations,7160,4382,10092,-14684,-26997,-15041
Other,-2587,30,27,23,26,28
Net income,4573,4412,10118,-14660,-26971,-15012
Net income available to common shareholders,4573,4412,10118,-14660,-26971,-15012
Earnings per share
Basic,1.24,1.19,2.78,-4.21,-7.75,-4.31
Diluted,1.24,1.19,2.78,-4.21,-7.75,-4.31
Weighted average shares outstanding
Basic,3671,3671,3629,3482,3482,3485
Diluted,3671,3671,3629,3482,3482,3485
EBITDA,14972,20374,26138,3503,-27497,-13283
