﻿HMT LTD  (500191) Statement of  CASH FLOW
Fiscal year ends in March. INR in millions except per share data.,2017-03,2018-03,2019-03,2020-03,2021-03,TTM
Cash Flows From Operating Activities
Net income,-5625,-1513,2154,1854,-1054,-1000
Depreciation & amortization,130,123,113,114,97,98
Investments losses (gains),,,1,,,
Change in working capital,-1746,-215,-132,-2274,135,-133
Inventory,322,136,-398,-135,222,136
Other working capital,-2068,-351,266,-2138,-86,-269
Other non-cash items,633,468,-2566,-2346,462,521
Net cash provided by operating activities,-6608,-1137,-431,-2652,-360,-514
Cash Flows From Investing Activities
"Investments in property, plant, and equipment",-32,-44,-86,-104,-21,-9
"Property, plant, and equipment reductions",20,32,2944,2687,96,
Purchases of investments,,,,,-335,-151
Sales/Maturities of investments,,,6,,,
Other investing activities,57,91,111,130,73,176
Net cash used for investing activities,45,80,2975,2713,-187,15
Cash Flows From Financing Activities
Debt issued,5656,946,,69,119,133
Debt repayment,,,-2033,,,
Other financing activities,-242,-49,-428,-423,-47,121
Net cash provided by (used for) financing activities,5414,897,-2462,-353,71,254
Net change in cash,-1149,-161,83,-293,-475,-245
Cash at beginning of period,3605,2456,2295,2378,1217,145
Cash at end of period,2456,2295,2378,2085,742,-100
Free Cash Flow
Operating cash flow,-6608,-1137,-431,-2652,-360,-514
Capital expenditure,-32,-44,-86,-104,-21,-9
Free cash flow,-6640,-1181,-516,-2757,-380,-523
