﻿FOSECO INDIA LTD  (500150) Statement of  CASH FLOW
Fiscal year ends in December. INR in millions except per share data.,2017-12,2018-12,2019-12,2020-12,2021-12,TTM
Cash Flows From Operating Activities
Net income,478,501,496,211,433,433
Depreciation & amortization,53,45,42,59,59,59
Stock based compensation,,,4,3,4,4
Change in working capital,266,141,81,142,-171,-171
Inventory,25,-43,16,69,-101,-101
Other working capital,241,184,65,73,-70,-70
Other non-cash items,-140,-216,-153,-112,-128,-128
Net cash provided by operating activities,657,471,470,303,197,197
Cash Flows From Investing Activities
"Investments in property, plant, and equipment",-29,-81,-137,-44,-55,-55
"Property, plant, and equipment reductions",2,0,1,0,1,1
Purchases of investments,,-0,,,,
Sales/Maturities of investments,,0,0,,,
Other investing activities,45,32,44,25,48,48
Net cash used for investing activities,18,-48,-91,-19,-5,-5
Cash Flows From Financing Activities
Debt repayment,-12,-6,,,,
Dividend paid,-128,-172,-160,-32,-64,-64
Other financing activities,-30,-37,-33,-0,,
Net cash provided by (used for) financing activities,-169,-216,-192,-32,-64,-64
Net change in cash,506,206,187,252,129,129
Cash at beginning of period,212,718,924,1111,1363,1363
Cash at end of period,718,924,1111,1363,1492,1492
Free Cash Flow
Operating cash flow,657,471,470,303,197,197
Capital expenditure,-29,-81,-137,-44,-55,-55
Free cash flow,629,390,334,259,143,143
