﻿HFCL LTD  (500183) CashFlowFlag INCOME STATEMENT
Fiscal year ends in March. INR in millions except per share data.,2018-03,2019-03,2020-03,2021-03,2022-03,TTM
Revenue,32270,47313,38349,44175,47271,47271
Cost of revenue,26332,39379,29343,34039,34987,34987
Gross profit,5939,7934,9006,10135,12284,12284
Operating expenses
Research and development,,34,57,87,,
"Sales, General and administrative",660,706,737,964,,
Other operating expenses,2784,3133,3518,4260,6566,6566
Total operating expenses,3444,3874,4313,5310,6566,6566
Operating income,2494,4061,4693,4825,5718,5718
Interest Expense,414,541,769,1042,1664,1664
Other income (expense),124,-127,-340,-414,367,367
Income before taxes,2204,3393,3584,3369,4421,4421
Provision for income taxes,487,1070,1210,906,1162,1162
Net income from continuing operations,1717,2323,2373,2462,3259,3259
Other,-38,-124,-101,-72,-127,-127
Net income,1679,2199,2272,2390,3131,3131
Net income available to common shareholders,1679,2199,2272,2390,3131,3131
Earnings per share
Basic,1.35,1.77,1.77,1.86,2.38,2.38
Diluted,1.35,1.75,1.76,1.86,2.38,2.38
Weighted average shares outstanding
Basic,1239,1243,1284,1284,1316,1316
Diluted,1244,1260,1297,1296,1316,1316
EBITDA,2850,4204,4781,5097,6868,6868
