﻿GUJARAT LEASE FINANCING LTD  (500174) Statement of  CASH FLOW
Fiscal year ends in March. INR in millions except per share data.,2018-03,2019-03,2020-03,2021-03,2022-03,TTM
Cash Flows From Operating Activities
Net income,-3,-3,4,-3,-1,-1
Depreciation & amortization,0,0,0,0,0,0
Investments losses (gains),-0,-1,-4,-0,,
Change in working capital,0,-1,-0,-55,0,0
Other working capital,0,-1,-0,-55,0,0
Other non-cash items,-0,-0,-6,-0,-3,-3
Net cash provided by operating activities,-3,-5,-6,-58,-3,-3
Cash Flows From Investing Activities
"Investments in property, plant, and equipment",,-0,,-0,,
Sales/Maturities of investments,4,3,55,60,,
Other investing activities,1,1,1,0,3,3
Net cash used for investing activities,5,4,56,60,3,3
Cash Flows From Financing Activities
Debt repayment,,,-50,,,
Net cash provided by (used for) financing activities,,,-50,,,
Net change in cash,2,-1,1,2,-0,-0
Cash at beginning of period,0,2,1,1,3,3
Cash at end of period,2,1,1,3,3,3
Free Cash Flow
Operating cash flow,-3,-5,-6,-58,-3,-3
Capital expenditure,,-0,,-0,,
Free cash flow,-3,-5,-6,-58,-3,-3
