﻿HINDUSTAN OIL EXPLORATION CO LTD  (500186) CashFlowFlag BALANCE SHEET
Fiscal year ends in March. INR in millions except per share data.,2017-03,2018-03,2019-03,2020-03,2021-03
Assets
Current assets
Cash
Cash and cash equivalents,285,843,276,706,469
Short-term investments,1661,506,1197,1005,454
Total cash,1946,1350,1474,1711,923
Receivables,52,165,409,364,311
Inventories,247,283,278,266,361
Prepaid expenses,105,143,112,121,20
Other current assets,4,87,178,206,653
Total current assets,2353,2027,2451,2667,2267
Non-current assets
"Property, plant and equipment"
"Gross property, plant and equipment",24678,25567,28331,31372,33458
Accumulated Depreciation,-22318,-22730,-24287,-24574,-24801
"Net property, plant and equipment",2360,2837,4045,6797,8657
Intangible assets,20,17,12,8,3
Other long-term assets,515,565,833,886,924
Total non-current assets,2895,3419,4890,7691,9584
Total assets,5248,5446,7341,10358,11851
Liabilities and stockholders' equity
Liabilities
Current liabilities
Short-term debt,,,118,129,945
Capital leases,,1,,,
Accounts payable,182,181,163,659,362
Other current liabilities,492,241,377,1353,480
Total current liabilities,675,422,658,2141,1788
Non-current liabilities
Long-term debt,,2,2,320,1592
Deferred taxes liabilities,,,40,30,13
Pensions and other benefits,2,2,7,5,6
Other long-term liabilities,1158,1187,1233,1066,1122
Total non-current liabilities,1160,1192,1281,1421,2732
Total liabilities,1834,1614,1939,3561,4520
Stockholders' equity
Common stock,1305,1305,1305,1323,1323
Additional paid-in capital,7842,7842,7842,7887,7887
Retained earnings,-15345,-14972,-13406,-12029,-11494
Accumulated other comprehensive income,9612,9657,9662,9617,9617
Total stockholders' equity,3413,3832,5402,6797,7332
Total liabilities and stockholders' equity,5248,5446,7341,10358,11851
