﻿ELECTROSTEEL CASTINGS LTD  (500128) CashFlowFlag INCOME STATEMENT
Fiscal year ends in March. INR in millions except per share data.,2017-03,2018-03,2019-03,2020-03,2021-03,TTM
Revenue,21197,21482,26526,26656,34472,48996
Cost of revenue,9294,11666,13590,13465,19251,26068
Gross profit,11903,9816,12936,13191,15222,22929
Operating expenses
"Sales, General and administrative",624,1584,2645,2826,3524,
Other operating expenses,8837,5803,6436,6887,8161,17572
Total operating expenses,9461,7387,9080,9713,11686,17572
Operating income,2442,2429,3855,3478,3536,5357
Interest Expense,1613,1670,1756,1834,1835,1809
Other income (expense),497,-114,-2354,-500,-2271,359
Income before taxes,1326,645,-255,1145,-570,3907
Provision for income taxes,338,-11,-180,282,403,895
Other income,664,586,462,752,54,
Net income from continuing operations,1652,1242,387,1615,-919,3011
Other,0,-2,-5,-4,-540,-540
Net income,1653,1240,382,1611,-1459,2471
Net income available to common shareholders,1653,1240,382,1611,-1459,2471
Earnings per share
Basic,4.63,3.47,0.99,3.85,-3.37,3.92
Diluted,4.63,3.47,0.99,3.85,-3.37,3.92
Weighted average shares outstanding
Basic,357,357,387,418,433,433
Diluted,357,357,387,418,433,433
EBITDA,3608,2939,2086,3550,2177,6885
