﻿JOHN COCKERILL INDIA LTD  (500147) Statement of  CASH FLOW
Fiscal year ends in March. INR in millions except per share data.,2017-03,2018-03,2019-03,2020-03,2021-03,TTM
Cash Flows From Operating Activities
Net income,44,133,470,289,-302,-64
Depreciation & amortization,52,59,58,57,50,49
Change in working capital,568,757,-670,-835,-12,-189
Inventory,27,44,24,-21,-2,48
Other working capital,541,713,-694,-814,-10,-237
Other non-cash items,-66,-51,-242,-90,53,46
Net cash provided by operating activities,598,897,-384,-579,-211,-158
Cash Flows From Investing Activities
"Investments in property, plant, and equipment",-20,-43,-45,-17,-5,-6
"Property, plant, and equipment reductions",28,0,2,2,0,
Purchases of intangibles,,-6,-0,-1,,
Other investing activities,9,-249,308,14,27,13
Net cash used for investing activities,17,-298,265,-2,22,6
Cash Flows From Financing Activities
Dividend paid,-0,-0,-24,-59,-25,
Other financing activities,-0,,,-2,-3,-73
Net cash provided by (used for) financing activities,-0,-0,-24,-62,-27,-73
Effect of exchange rate changes,-5,3,-1,0,1,2
Net change in cash,610,602,-144,-643,-215,-223
Cash at beginning of period,13,622,1224,1081,438,494
Cash at end of period,622,1224,1081,438,223,270
Free Cash Flow
Operating cash flow,598,897,-384,-579,-211,-158
Capital expenditure,-20,-49,-46,-18,-5,-6
Free cash flow,577,848,-429,-597,-216,-164
