﻿FINOLEX CABLES LTD  (500144) Statement of  CASH FLOW
Fiscal year ends in March. INR in millions except per share data.,2017-03,2018-03,2019-03,2020-03,2021-03,TTM
Cash Flows From Operating Activities
Net income,5037,5491,6102,5120,6309,7548
Depreciation & amortization,480,438,406,389,390,
Investments losses (gains),-4,-478,-682,-742,-216,
Change in working capital,-706,-922,-1489,-504,-1559,
Inventory,-1327,-370,-881,-59,-1623,
Other working capital,622,-552,-608,-445,65,
Other non-cash items,-1288,-2172,-2796,-1673,-3780,-5013
Net cash provided by operating activities,3519,2357,1541,2590,1144,2535
Cash Flows From Investing Activities
"Investments in property, plant, and equipment",-356,-369,-443,-323,-549,
"Property, plant, and equipment reductions",,,1,6,0,
"Acquisitions, net",,-159,-189,-434,-245,
Purchases of investments,-23846,-26210,-28004,-28240,-28845,
Sales/Maturities of investments,21061,23623,26818,35271,27261,
Other investing activities,145,1771,717,90,-6217,-1570
Net cash used for investing activities,-2996,-1345,-1100,6370,-8595,-1570
Cash Flows From Financing Activities
Debt repayment,-254,-4,-3,-2,-0,
Dividend paid,-405,-456,-607,-684,-838,
Other financing activities,-43,-108,-135,-179,-24,-859
Net cash provided by (used for) financing activities,-701,-568,-745,-864,-863,-859
Net change in cash,-179,445,-305,8096,-8314,106
Cash at beginning of period,2187,324,769,464,8560,124
Cash at end of period,2009,769,464,8560,246,230
Free Cash Flow
Operating cash flow,3519,2357,1541,2590,1144,2535
Capital expenditure,-356,-369,-443,-323,-549,
Free cash flow,3162,1987,1097,2267,595,1986
