﻿MANGALORE REFINERY AND PETROCHEMICALS LTD  (500109) CashFlowFlag INCOME STATEMENT
Fiscal year ends in March. INR in millions except per share data.,2017-03,2018-03,2019-03,2020-03,2021-03,TTM
Revenue,437548,313901,632194,501221,320021,584917
Cost of revenue,384924,440499,602071,520135,309951,554016
Gross profit,52624,-126598,30123,-18915,10070,30901
Operating expenses
"Sales, General and administrative",367,363,436,445,452,
Other operating expenses,11192,-164110,12753,13904,14990,14324
Total operating expenses,11559,-163747,13189,14349,15442,14324
Operating income,41065,37149,16934,-33263,-5372,16577
Interest Expense,6433,8236,7768,8763,8368,13053
Other income (expense),15906,-199,-2653,-11958,4551,4651
Income before taxes,50539,28714,6514,-53984,-9189,8174
Provision for income taxes,17606,10978,3001,-13593,-1540,5989
Net income from continuing operations,32932,17736,3513,-40391,-7650,2185
Other,,2191,-112,6862,1975,32
Net income,32932,19926,3400,-33529,-5675,2217
Net income available to common shareholders,32932,19926,3400,-33529,-5675,2217
Earnings per share
Basic,19.81,11.37,1.94,-19.13,-3.24,1.26
Diluted,19.81,11.37,1.94,-19.13,-3.24,1.26
Weighted average shares outstanding
Basic,1753,1753,1753,1753,1753,1736
Diluted,1753,1753,1753,1753,1753,1736
EBITDA,66812,46611,24757,-34363,10759,21227
