﻿STATE BANK OF INDIA  (500112) CashFlowFlag BALANCE SHEET
Fiscal year ends in March. INR in millions except per share data.,2017-03,2018-03,2019-03,2020-03,2021-03
Assets
Current assets
Cash
Cash and cash equivalents,3409069,2909323,3637576,4175542,5318005
Total cash,3409069,2909323,3637576,4175542,5318005
Receivables,1050017,967698,1105755,1145006,1290347
Prepaid expenses,122952,177289,247000,350045,264354
Other current assets,-4582037,-4054309,-4990331,-5670592,-6872706
Total current assets,,,,,
Non-current assets
"Property, plant and equipment"
"Gross property, plant and equipment",714280,636281,657038,678257,708784
Accumulated Depreciation,-204873,-224023,-250007,-277475,-307116
"Net property, plant and equipment",509407,412258,407031,400782,401668
Equity and other investments,10272809,11837942,11192478,12282843,15951003
Goodwill,9434,17341,,15500,15500
Other long-term assets,-10791650,-12267541,-11599508,-12699124,-16368170
Total non-current assets,,,,,
Total assets,,,,,
Liabilities and stockholders' equity
Liabilities
Current liabilities
Accounts payable,156643,159960,142330,154771,153092
Other current liabilities,-156643,-159960,-142330,-154771,-153092
Total current liabilities,,,,,
Non-current liabilities
Minority interest,64806,46152,60370,79438,96259
Total non-current liabilities,64806,46152,60370,79438,96259
Total liabilities,64806,46152,60370,79438,96259
Stockholders' equity
Common stock,7974,8925,8925,8925,8925
Additional paid-in capital,554232,791242,791155,791155,791155
Retained earnings,-43400,-99412,-83284,-13617,80965
Accumulated other comprehensive income,1653116,1602465,1628161,1724139,1874571
Total stockholders' equity,2171921,2303219,2344957,2510601,2755616
Total liabilities and stockholders' equity,2236728,2349372,2405327,2590039,2851875
