﻿KANSAI NEROLAC PAINTS LTD  (500165) CashFlowFlag BALANCE SHEET
Fiscal year ends in March. INR in millions except per share data.,2017-03,2018-03,2019-03,2020-03,2021-03
Assets
Current assets
Cash
Cash and cash equivalents,556,632,934,1802,1029
Short-term investments,9619,8448,1964,3148,6873
Total cash,10175,9080,2898,4950,7902
Receivables,5904,7026,7556,7870,9564
Inventories,7032,8292,11111,10084,11979
Prepaid expenses,636,1362,1543,1871,1726
Other current assets,156,90,97,111,608
Total current assets,23903,25850,23204,24885,31779
Non-current assets
"Property, plant and equipment"
"Gross property, plant and equipment",17232,20665,25429,29511,31332
Accumulated Depreciation,-6148,-6898,-8220,-9511,-10742
"Net property, plant and equipment",11085,13767,17209,20000,20591
Goodwill,23,23,196,198,198
Intangible assets,9,24,408,556,400
Other long-term assets,1343,1636,4163,3198,2366
Total non-current assets,12460,15449,21975,23951,23555
Total assets,36362,41299,45179,48836,55334
Liabilities and stockholders' equity
Liabilities
Current liabilities
Short-term debt,104,254,1036,1548,1559
Capital leases,,,,110,188
Accounts payable,5607,6999,6934,5954,9068
Taxes payable,143,152,180,231,204
Other current liabilities,1163,1494,1355,1330,1386
Total current liabilities,7017,8900,9504,9172,12405
Non-current liabilities
Long-term debt,182,97,44,234,172
Capital leases,,,,528,771
Deferred taxes liabilities,795,814,1267,1081,1089
Pensions and other benefits,71,1,0,1,4
Minority interest,152,164,201,217,363
Total non-current liabilities,1200,1076,1511,2061,2399
Total liabilities,8218,9976,11016,11233,14804
Stockholders' equity
Common stock,539,539,539,539,539
Additional paid-in capital,126,126,126,126,126
Retained earnings,22607,27741,28634,32114,35042
Accumulated other comprehensive income,4874,2918,4865,4825,4823
Total stockholders' equity,28145,31323,34163,37603,40529
Total liabilities and stockholders' equity,36362,41299,45179,48836,55334
