﻿BALLARPUR INDUSTRIES LTD  (500102) Statement of  CASH FLOW
Fiscal year ends in March. INR in millions except per share data.,2014-06,2016-03,2017-03,2018-03,2019-03,TTM
Cash Flows From Operating Activities
Net income,296,-2374,-18244,-10305,-8018,-6300
Depreciation & amortization,4956,4077,3914,2767,2656,2544
Investments losses (gains),2,0,-669,,-2,15
Deferred income taxes,,,,-27,,
Change in working capital,794,-4299,-5212,1277,258,670
Inventory,-2672,-1075,8071,-949,-1229,-1040
Other working capital,3466,-3224,-13283,2226,1487,1710
Other non-cash items,3661,4756,12153,10461,13650,9071
Net cash provided by operating activities,9708,2161,-8058,4172,8544,6002
Cash Flows From Investing Activities
"Investments in property, plant, and equipment",-7170,-6007,-1377,-279,-314,-274
"Property, plant, and equipment reductions",17,313,228,4,155,102
Purchases of investments,,-96,,,,
Sales/Maturities of investments,,1926,,,,
Other investing activities,-1032,50,75,-145,-637,-186
Net cash used for investing activities,-8184,-3815,-1074,-420,-796,-359
Cash Flows From Financing Activities
Debt issued,,11965,13558,,,
Debt repayment,,-1934,,,,
Common stock repurchased,-0,-0,-0,-0,,
Dividend paid,-1571,-807,-1,-1,-1,
Other financing activities,419,-4906,-6599,-4395,-6357,-7073
Net cash provided by (used for) financing activities,-1152,4316,6957,-4396,-6358,-7073
Effect of exchange rate changes,168,-621,852,931,-39,587
Net change in cash,540,2041,-1323,287,1352,-844
Cash at beginning of period,436,297,2424,1101,1388,3747
Cash at end of period,976,2338,1101,1388,2740,2904
Free Cash Flow
Operating cash flow,9708,2161,-8058,4172,8544,6002
Capital expenditure,-7170,-6007,-1377,-279,-314,-274
Free cash flow,2539,-3846,-9435,3893,8230,5727
