﻿GOODYEAR INDIA LTD  (500168) Statement of  CASH FLOW
Fiscal year ends in March. INR in millions except per share data.,2017-03,2018-03,2019-03,2020-03,2021-03,TTM
Cash Flows From Operating Activities
Net income,1956,1993,1581,1168,1832,2128
Depreciation & amortization,337,362,410,501,528,529
Change in working capital,374,508,-578,-383,1229,742
Inventory,-415,8,10,174,166,-639
Other working capital,789,500,-588,-557,1064,1381
Other non-cash items,-990,-1040,-848,-632,-651,-716
Net cash provided by operating activities,1678,1823,566,654,2938,2682
Cash Flows From Investing Activities
"Investments in property, plant, and equipment",-389,-507,-722,-618,-441,-577
"Property, plant, and equipment reductions",5,,,,,
Purchases of investments,,,,-630,,
Other investing activities,269,287,366,286,1310,-448
Net cash used for investing activities,-115,-220,-356,-961,869,-1024
Cash Flows From Financing Activities
Dividend paid,-274,-286,-300,-301,-2138,-4092
Other financing activities,-92,-87,-89,-147,-93,-95
Net cash provided by (used for) financing activities,-366,-373,-389,-448,-2231,-4188
Net change in cash,1196,1230,-179,-755,1576,-2530
Cash at beginning of period,761,1958,3187,3009,2254,4785
Cash at end of period,1958,3187,3009,2254,3829,2255
Free Cash Flow
Operating cash flow,1678,1823,566,654,2938,2682
Capital expenditure,-389,-507,-722,-618,-441,-577
Free cash flow,1288,1316,-156,37,2497,2106
