﻿DHAMPUR SUGAR MILLS LTD  (500119) CashFlowFlag BALANCE SHEET
Fiscal year ends in March. INR in millions except per share data.,2017-03,2018-03,2019-03,2020-03,2021-03
Assets
Current assets
Cash
Cash and cash equivalents,278,388,132,99,724
Short-term investments,13,,,,
Total cash,291,388,132,99,724
Receivables,2160,2452,3912,3432,2967
Inventories,14817,11459,16748,16049,12936
Prepaid expenses,,368,330,600,460
Other current assets,1409,204,1388,1748,970
Total current assets,18677,14871,22511,21928,18057
Non-current assets
"Property, plant and equipment"
"Gross property, plant and equipment",23203,24749,25542,26410,27024
Accumulated Depreciation,-8019,-8571,-9264,-9996,-10695
"Net property, plant and equipment",15184,16179,16279,16415,16329
Goodwill,,,,,0
Intangible assets,26,33,32,29,25
Deferred income taxes,,,,37,
Other long-term assets,166,275,444,283,298
Total non-current assets,15377,16486,16755,16764,16651
Total assets,34054,31357,39266,38691,34708
Liabilities and stockholders' equity
Liabilities
Current liabilities
Short-term debt,12742,10260,12934,13175,8217
Capital leases,,,,48,52
Accounts payable,3086,5251,6664,6015,5938
Deferred income taxes,,,,,46
Taxes payable,,,145,,
Other current liabilities,2845,889,1033,1045,785
Total current liabilities,18673,16399,20777,20284,15038
Non-current liabilities
Long-term debt,5287,4230,5310,4166,3201
Capital leases,,,,132,111
Deferred taxes liabilities,430,373,402,,337
Deferred revenues,,68,229,166,92
Pensions and other benefits,,263,290,324,328
Minority interest,17,12,11,2,
Other long-term liabilities,250,0,0,,
Total non-current liabilities,5983,4945,6243,4791,4069
Total liabilities,24656,21344,27019,25075,19108
Stockholders' equity
Common stock,664,664,664,664,664
Additional paid-in capital,37,3837,3837,3837,3837
Retained earnings,268,4196,6426,7897,9791
Accumulated other comprehensive income,8428,1316,1320,1218,1309
Total stockholders' equity,9398,10013,12247,13617,15601
Total liabilities and stockholders' equity,34054,31357,39266,38691,34708
