﻿HCL INFOSYSTEMS LTD  (500179) CashFlowFlag BALANCE SHEET
Fiscal year ends in March. INR in millions except per share data.,2017-03,2018-03,2019-03,2020-03,2021-03
Assets
Current assets
Cash
Cash and cash equivalents,1381,1097,1542,556,391
Short-term investments,3638,1359,672,,
Total cash,5018,2456,2214,556,391
Receivables,12927,12878,5694,1939,869
Inventories,1413,2989,955,279,28
Prepaid expenses,,1321,1262,856,480
Other current assets,1043,3822,4345,2676,1347
Total current assets,20402,23466,14471,6306,3116
Non-current assets
"Property, plant and equipment"
"Gross property, plant and equipment",1610,1366,1258,748,529
Accumulated Depreciation,-439,-308,-454,-198,-174
"Net property, plant and equipment",1171,1058,803,550,355
Goodwill,5042,550,550,,
Intangible assets,215,68,67,4,1
Deferred income taxes,1654,650,650,,
Other long-term assets,3356,2987,3432,3610,3021
Total non-current assets,11439,5313,5502,4164,3376
Total assets,31840,28779,19974,10470,6492
Liabilities and stockholders' equity
Liabilities
Current liabilities
Short-term debt,5768,10118,7993,4822,4782
Capital leases,,18,4,,
Accounts payable,7232,9084,6800,3473,1351
Taxes payable,46,32,31,,
Other current liabilities,8970,5358,2980,2308,2145
Total current liabilities,22017,24610,17808,10603,8279
Non-current liabilities
Long-term debt,4132,1688,991,228,590
Capital leases,,4,,16,3
Deferred taxes liabilities,4,25,54,,
Pensions and other benefits,187,99,79,45,21
Other long-term liabilities,7,-0,,,
Total non-current liabilities,4329,1816,1124,288,614
Total liabilities,26346,26426,18932,10891,8893
Stockholders' equity
Common stock,446,658,658,658,658
Additional paid-in capital,7202,11944,11944,11944,11944
Retained earnings,-4422,-12564,-13930,-15298,-17268
Accumulated other comprehensive income,2269,2315,2369,2275,2265
Total stockholders' equity,5494,2353,1042,-421,-2401
Total liabilities and stockholders' equity,31840,28779,19974,10470,6492
