﻿NXTDIGITAL LTD  (500189) CashFlowFlag BALANCE SHEET
Fiscal year ends in March. INR in millions except per share data.,2017-03,2018-03,2019-03,2020-03,2021-03
Assets
Current assets
Cash
Cash and cash equivalents,876,1103,316,269,131
Short-term investments,,50,140,1002,120
Total cash,876,1153,456,1271,250
Receivables,1626,1626,993,768,712
Inventories,4334,3715,10,465,460
Prepaid expenses,,1251,,1006,799
Other current assets,791,468,1726,1777,1624
Total current assets,7627,8213,3184,5287,3845
Non-current assets
"Property, plant and equipment"
"Gross property, plant and equipment",13318,14626,10293,11991,11225
Accumulated Depreciation,-5691,-6991,-3319,-4651,-3847
"Net property, plant and equipment",7627,7634,6974,7340,7378
Goodwill,,292,260,1323,1323
Intangible assets,1055,683,665,3082,2914
Deferred income taxes,,,3,1369,2290
Other long-term assets,5402,5737,13830,1239,1030
Total non-current assets,14084,14345,21732,14353,14935
Total assets,21712,22558,24916,19640,18781
Liabilities and stockholders' equity
Liabilities
Current liabilities
Short-term debt,4856,9082,5932,8162,8614
Capital leases,,,,279,365
Accounts payable,2110,2522,2431,2978,2486
Deferred income taxes,,,,,14
Taxes payable,,,2,18,
Other current liabilities,760,1303,3253,1682,1204
Total current liabilities,7726,12907,11618,13118,12683
Non-current liabilities
Long-term debt,7720,6878,5965,2865,2366
Capital leases,,,,860,1351
Deferred taxes liabilities,22,81,793,68,4
Deferred revenues,,,,175,38
Pensions and other benefits,,41,,77,93
Minority interest,1407,784,182,1244,1381
Other long-term liabilities,341,80,978,,39
Total non-current liabilities,9490,7863,7919,5289,5271
Total liabilities,17215,20771,19537,18406,17954
Stockholders' equity
Common stock,206,206,206,206,241
Additional paid-in capital,109,109,,67,67
Retained earnings,2154,-724,,-5621,-1988
Accumulated other comprehensive income,2028,2197,5174,6582,2508
Total stockholders' equity,4496,1788,5379,1234,827
Total liabilities and stockholders' equity,21712,22558,24916,19640,18781
