﻿GOODRICKE GROUP LTD  (500166) CashFlowFlag INCOME STATEMENT
Fiscal year ends in March. INR in millions except per share data.,2017-03,2018-03,2019-03,2020-03,2021-03,TTM
Revenue,6787,7303,7488,7914,8916,8459
Cost of revenue,2754,2963,3053,3151,3938,3330
Gross profit,4033,4339,4434,4763,4977,5129
Operating expenses
"Sales, General and administrative",520,533,530,559,609,
Other operating expenses,3047,3341,3660,4024,4058,5028
Total operating expenses,3568,3874,4190,4583,4667,5028
Operating income,465,465,245,180,311,101
Interest Expense,13,21,49,92,77,65
Other income (expense),37,45,61,39,28,49
Income before taxes,489,489,257,127,262,84
Provision for income taxes,158,171,162,-36,67,67
Net income from continuing operations,331,317,95,163,195,17
Net income,331,317,95,163,195,17
Net income available to common shareholders,331,317,95,163,195,17
Earnings per share
Basic,15.34,14.69,4.39,7.56,9.04,0.80
Diluted,15.34,14.69,4.39,7.56,9.04,0.80
Weighted average shares outstanding
Basic,22,22,22,22,22,22
Diluted,22,22,22,22,22,22
EBITDA,639,657,461,425,547,361
