﻿HINDUSTAN ZINC LTD  (500188) Statement of  CASH FLOW
Fiscal year ends in March. INR in millions except per share data.,2018-03,2019-03,2020-03,2021-03,2022-03,TTM
Cash Flows From Operating Activities
Net income,124970,104560,83900,105740,141010,141010
Depreciation & amortization,14830,18830,22790,25310,29170,29170
Investments losses (gains),-11140,-8640,-8460,-7040,-1770,-1770
Change in working capital,4940,6710,-11170,6380,-11990,-11990
Inventory,5570,-1650,-2910,4110,-5280,-5280
Other working capital,-630,8360,-8260,2270,-6710,-6710
Other non-cash items,-35230,-33650,-20850,-24720,-29510,-29510
Net cash provided by operating activities,98370,87810,66210,105670,126910,126910
Cash Flows From Investing Activities
"Investments in property, plant, and equipment",-27330,-34000,-36370,-24810,-29980,-29980
"Property, plant, and equipment reductions",100,590,190,540,300,300
Purchases of investments,-339380,-416600,-356160,-513370,-522530,-522530
Sales/Maturities of investments,385580,436560,360630,498220,551310,551310
Other investing activities,4990,2530,5230,15070,9360,9360
Net cash used for investing activities,23960,-10920,-26480,-24350,8460,8460
Cash Flows From Financing Activities
Debt issued,123250,124070,69450,184890,90,90
Debt repayment,-202250,-98710,-88690,-119650,-43240,-43240
Dividend paid,-104690,-119580,,-159720,-76060,-76060
Other financing activities,-2800,-2080,-1740,-2490,-3370,-3370
Net cash provided by (used for) financing activities,-186490,-96300,-20980,-96970,-122580,-122580
Net change in cash,-64160,-19410,18750,-15650,12790,12790
Cash at beginning of period,83800,19640,230,18780,3130,3130
Cash at end of period,19640,230,18980,3130,15920,15920
Free Cash Flow
Operating cash flow,98370,87810,66210,105670,126910,126910
Capital expenditure,-27330,-34000,-36370,-24810,-29980,-29980
Free cash flow,71040,53810,29840,80860,96930,96930
