﻿GODFREY PHILLIPS INDIA LTD  (500163) CashFlowFlag BALANCE SHEET
Fiscal year ends in March. INR in millions except per share data.,2017-03,2018-03,2019-03,2020-03,2021-03
Assets
Current assets
Cash
Cash and cash equivalents,91,207,290,246,235
Short-term investments,922,1732,2424,1325,4668
Total cash,1013,1939,2714,1572,4903
Receivables,1790,858,686,689,1230
Inventories,6517,5853,6415,6879,7431
Prepaid expenses,48,673,744,1104,1303
Other current assets,1004,364,306,324,371
Total current assets,10372,9687,10865,10567,15238
Non-current assets
"Property, plant and equipment"
"Gross property, plant and equipment",9189,9636,10986,15487,16991
Accumulated Depreciation,-1979,-2898,-3835,-5305,-6574
"Net property, plant and equipment",7209,6738,7152,10182,10417
Intangible assets,64,43,32,46,95
Deferred income taxes,,15,11,,
Other long-term assets,4432,8180,10608,12156,11568
Total non-current assets,11705,14976,17802,22384,22080
Total assets,22077,24663,28667,32951,37317
Liabilities and stockholders' equity
Liabilities
Current liabilities
Short-term debt,734,268,412,111,749
Capital leases,,,,609,379
Accounts payable,1569,1710,2896,2540,2332
Taxes payable,50,73,49,51,89
Other current liabilities,1978,3576,4020,4074,4357
Total current liabilities,4330,5627,7377,7386,7906
Non-current liabilities
Long-term debt,,7,8,9,10
Capital leases,,,,2837,2818
Deferred taxes liabilities,99,192,323,282,411
Pensions and other benefits,634,527,236,269,288
Minority interest,405,366,328,286,54
Other long-term liabilities,4,9,9,9,10
Total non-current liabilities,1142,1102,903,3692,3590
Total liabilities,5472,6729,8280,11078,11497
Stockholders' equity
Common stock,104,104,104,104,104
Additional paid-in capital,3,3,3,3,3
Retained earnings,12871,13765,15549,17154,20909
Accumulated other comprehensive income,3626,4062,4731,4612,4805
Total stockholders' equity,16604,17934,20387,21873,25821
Total liabilities and stockholders' equity,22077,24663,28667,32951,37317
