﻿ELANTAS BECK INDIA LTD  (500123) CashFlowFlag INCOME STATEMENT
Fiscal year ends in December. INR in millions except per share data.,2017-12,2018-12,2019-12,2020-12,2021-12,TTM
Revenue,3807,4087,3928,3824,5209,5209
Cost of revenue,2455,2792,2658,2416,3653,3653
Gross profit,1352,1295,1270,1408,1556,1556
Operating expenses
Research and development,9,22,19,25,26,26
"Sales, General and administrative",34,41,77,51,57,57
Other operating expenses,566,636,688,743,804,804
Total operating expenses,609,700,785,819,887,887
Operating income,743,595,485,589,669,669
Interest Expense,2,2,3,2,2,2
Other income (expense),73,299,156,215,247,247
Income before taxes,815,892,638,802,914,914
Provision for income taxes,261,234,142,184,245,245
Net income from continuing operations,553,658,496,618,669,669
Net income,553,658,496,618,669,669
Net income available to common shareholders,553,658,496,618,669,669
Earnings per share
Basic,69.79,82.98,62.52,77.91,84.36,84.36
Diluted,69.79,82.98,62.52,77.91,84.36,84.36
Weighted average shares outstanding
Basic,8,8,8,8,8,8
Diluted,8,8,8,8,8,8
EBITDA,873,960,715,921,1037,1037
