﻿IDBI BANK LTD  (500116) Statement of  CASH FLOW
Fiscal year ends in March. INR in millions except per share data.,2018-03,2019-03,2020-03,2021-03,2022-03,TTM
Cash Flows From Operating Activities
Net income,-124951,-226911,-88965,24847,37205,37205
Depreciation & amortization,3768,3699,3944,3968,4903,4903
Investments losses (gains),31,-11,-29,-14,-303,-303
Change in working capital,-194124,-375191,-40460,-38836,-163196,-163196
Other working capital,-194124,-375191,-40460,-38836,-163196,-163196
Other non-cash items,193772,256265,127595,44469,82069,82069
Net cash provided by operating activities,-121504,-342148,2085,34435,-39322,-39322
Cash Flows From Investing Activities
"Investments in property, plant, and equipment",,,-2960,-587,-1946,-1946
Other investing activities,3563,1155,,,,
Net cash used for investing activities,3563,1155,-2960,-587,-1946,-1946
Cash Flows From Financing Activities
Debt repayment,,,,,-31344,-31344
Common stock issued,49840,216241,93000,14352,,
Dividend paid,-221,-20,-215,-68,-82,-82
Other financing activities,78810,,,,-12405,-12405
Net cash provided by (used for) financing activities,128429,216221,92785,14284,-43831,-43831
Effect of exchange rate changes,,,,,23,23
Net change in cash,10488,-124772,91910,48132,-85076,-85076
Cash at beginning of period,327323,337811,213039,304950,353081,353081
Cash at end of period,337811,213039,304950,353081,268005,268005
Free Cash Flow
Operating cash flow,-121504,-342148,2085,34435,-39322,-39322
Capital expenditure,,,-2960,-587,-1946,-1946
Free cash flow,-121504,-342148,-875,33848,-41269,-41269
