﻿HINDUSTAN ZINC LTD  (500188) CashFlowFlag INCOME STATEMENT
Fiscal year ends in March. INR in millions except per share data.,2018-03,2019-03,2020-03,2021-03,2022-03,TTM
Revenue,217760,208340,183320,220710,287900,287900
Cost of revenue,85460,89750,89240,102190,87580,87580
Gross profit,132300,118590,94080,118520,200320,200320
Operating expenses
Research and development,70,80,60,50,,
"Sales, General and administrative",570,680,370,640,,
"Restructuring, merger and acquisition",-2400,,,,,
Other operating expenses,26170,29460,27740,26420,67240,67240
Total operating expenses,24410,30220,28170,27110,67240,67240
Operating income,107890,88370,65910,91410,133080,133080
Interest Expense,2680,800,780,3510,2900,2900
Other income (expense),19760,16990,18770,17840,10820,10820
Income before taxes,124970,104560,83900,105740,141000,141000
Provision for income taxes,32210,25000,15850,25940,44710,44710
Net income from continuing operations,92760,79560,68050,79800,96290,96290
Net income,92760,79560,68050,79800,96290,96290
Net income available to common shareholders,92760,79560,68050,79800,96290,96290
Earnings per share
Basic,21.95,18.83,16.11,18.89,22.79,22.79
Diluted,21.95,18.83,16.11,18.89,22.79,22.79
Weighted average shares outstanding
Basic,4230,4230,4230,4230,4225,4225
Diluted,4230,4230,4230,4230,4225,4225
EBITDA,142480,124190,107470,134560,173070,173070
