﻿RELIANCE CAPITAL LTD  (500111) CashFlowFlag BALANCE SHEET
Fiscal year ends in March. INR in millions except per share data.,2017-03,2018-03,2019-03,2020-03,2021-03
Assets
Current assets
Cash
Cash and cash equivalents,40680,45920,7790,6700,10700
Total cash,40680,45920,7790,6700,10700
Receivables,19480,38820,36410,26960,34570
Prepaid expenses,4430,4010,1110,2260,2020
Other current assets,-64590,-88750,-45310,-35920,-47290
Total current assets,,,,,
Non-current assets
"Property, plant and equipment"
"Gross property, plant and equipment",5720,6580,9130,8490,9400
Accumulated Depreciation,-3320,-3100,-2610,-2740,-3330
"Net property, plant and equipment",2400,3480,6520,5750,6070
Equity and other investments,343030,386450,326920,346600,399180
Goodwill,52100,51250,51360,51110,51110
Intangible assets,2980,2400,1150,1080,1080
Other long-term assets,-400510,-443580,-385950,-404540,-457440
Total non-current assets,,,,,
Total assets,,,,,
Liabilities and stockholders' equity
Liabilities
Current liabilities
Accounts payable,16570,23570,8470,16460,17610
Taxes payable,,,50,40,
Other current liabilities,-16570,-23570,-8520,-16500,-17610
Total current liabilities,,,,,
Non-current liabilities
Minority interest,16310,17540,16970,6210,7370
Total non-current liabilities,16310,17540,16970,6210,7370
Total liabilities,16310,17540,16970,6210,7370
Stockholders' equity
Common stock,2530,2530,2530,2530,2530
Additional paid-in capital,40680,34420,34300,34300,34300
Retained earnings,33550,37520,-123480,-135670,-227370
Accumulated other comprehensive income,76580,77600,77160,75900,75160
Total stockholders' equity,153340,152070,-9490,-22940,-115380
Total liabilities and stockholders' equity,169650,169610,7480,-16730,-108010
