﻿HINDUSTAN OIL EXPLORATION CO LTD  (500186) Statement of  CASH FLOW
Fiscal year ends in March. INR in millions except per share data.,2017-03,2018-03,2019-03,2020-03,2021-03,TTM
Cash Flows From Operating Activities
Net income,400,375,1569,1373,518,561
Depreciation & amortization,96,85,438,294,234,221
Investments losses (gains),-137,-66,-44,-114,-56,-12
Stock based compensation,,45,,,,
Change in working capital,-77,-481,-238,1841,-1333,-45
Inventory,-27,-36,59,12,-95,-2
Other working capital,-49,-445,-298,1828,-1238,-44
Other non-cash items,700,-30,-51,-239,-129,-163
Net cash provided by operating activities,983,-72,1674,3155,-766,563
Cash Flows From Investing Activities
"Investments in property, plant, and equipment",-494,-567,-1183,-3030,-2066,-3630
"Property, plant, and equipment reductions",0,,,,,
"Acquisitions, net",,,-590,,,
Sales/Maturities of investments,137,66,44,114,56,12
Other investing activities,41,-102,252,-20,-74,-387
Net cash used for investing activities,-316,-603,-1477,-2936,-2084,-4006
Cash Flows From Financing Activities
Common stock issued,,,,18,,
Other financing activities,,,,,2062,3637
Net cash provided by (used for) financing activities,,,,18,2062,3637
Net change in cash,667,-674,196,237,-788,193
Cash at beginning of period,1278,1945,1278,1474,1711,1096
Cash at end of period,1945,1271,1474,1711,923,1290
Free Cash Flow
Operating cash flow,983,-72,1674,3155,-766,563
Capital expenditure,-494,-567,-1183,-3030,-2066,-3629
Free cash flow,488,-639,490,126,-2832,-3067
