﻿AGI GREENPAC LTD  (500187) CashFlowFlag INCOME STATEMENT
Fiscal year ends in March. INR in millions except per share data.,2017-03,2018-03,2019-03,2020-03,2021-03,TTM
Revenue,20782,22528,27124,18407,18526,22344
Cost of revenue,9578,10456,13028,8668,9472,11194
Gross profit,11204,12072,14096,9740,9054,11149
Operating expenses
"Sales, General and administrative",1167,1449,1390,89,144,
Other operating expenses,8209,8979,10962,8158,7262,9145
Total operating expenses,9376,10428,12351,8247,7405,9145
Operating income,1828,1644,1744,1493,1649,2004
Interest Expense,335,462,772,695,708,621
Other income (expense),-24,-131,99,-48,207,273
Income before taxes,1469,1051,1072,750,1148,1656
Provision for income taxes,466,310,372,266,268,624
Net income from continuing operations,1003,741,700,484,881,1032
Net income,1003,741,700,484,881,1032
Net income available to common shareholders,1003,741,700,484,881,1032
Earnings per share
Basic,13.87,10.25,9.69,6.69,12.71,15.77
Diluted,13.87,10.25,9.69,6.69,12.71,15.77
Weighted average shares outstanding
Basic,72,72,72,72,69,65
Diluted,72,72,72,72,69,65
EBITDA,2913,2654,3354,2873,3070,3515
