﻿HINDUSTAN CONSTRUCTION CO LTD  (500185) CashFlowFlag INCOME STATEMENT
Fiscal year ends in March. INR in millions except per share data.,2017-03,2018-03,2019-03,2020-03,2021-03,TTM
Revenue,98668,101325,103216,94371,79974,100153
Cost of revenue,76678,80383,82593,73268,66047,80706
Gross profit,21990,20942,20622,21103,13927,19447
Operating expenses
"Sales, General and administrative",1075,797,656,613,599,
Other operating expenses,14653,14270,17176,10084,12955,13302
Total operating expenses,15729,15067,17832,10698,13554,13302
Operating income,6262,5875,2791,10405,373,6145
Interest Expense,14267,14637,7249,7647,9556,10770
Other income (expense),-2216,-2240,-3798,861,509,10255
Income before taxes,-10222,-11002,-8256,3620,-8674,5630
Provision for income taxes,-396,-102,-4845,1649,-2573,220
Net income from continuing operations,-9826,-10900,-3411,1970,-6100,5409
Other,2246,2759,,,,
Net income,-7580,-8141,-3411,1970,-6100,5409
Net income available to common shareholders,-7580,-8141,-3411,1970,-6100,5409
Earnings per share
Basic,-8.18,-7.20,-2.98,1.30,-4.03,3.58
Diluted,-8.18,-7.20,-2.98,1.30,-4.03,3.58
Weighted average shares outstanding
Basic,927,1130,1145,1513,1513,1511
Diluted,927,1130,1145,1513,1513,1511
EBITDA,6104,5648,767,12785,2237,17937
