﻿HINDUSTAN PETROLEUM CORP LTD  (500104) Statement of  CASH FLOW
Fiscal year ends in March. INR in millions except per share data.,2017-03,2018-03,2019-03,2020-03,2021-03,TTM
Cash Flows From Operating Activities
Net income,111974,101101,100392,13743,141970,122503
Depreciation & amortization,27764,28344,30853,33699,36255,37454
Investments losses (gains),-2818,519,-1098,-3095,-2455,-1175
Change in working capital,6588,9423,-24254,7425,28944,34714
Inventory,-52865,164,-18334,11151,-94390,-79425
Other working capital,59453,9260,-5920,-3726,123334,114138
Other non-cash items,-41380,-29016,-20353,2921,-26421,-30894
Net cash provided by operating activities,102128,110372,85540,54692,178293,162602
Cash Flows From Investing Activities
"Investments in property, plant, and equipment",-59070,-67154,-113380,-138565,-116660,-128834
"Property, plant, and equipment reductions",528,124,713,624,591,706
Purchases of investments,,-27923,-7346,-9319,-13722,-24553
Sales/Maturities of investments,947,13753,,,,
Other investing activities,4553,7220,6196,5581,7006,6722
Net cash used for investing activities,-53042,-73980,-113817,-141679,-122786,-145960
Cash Flows From Financing Activities
Debt issued,75799,64407,40904,119334,54494,80273
Debt repayment,-70538,-67208,-15580,-21677,-45472,-45780
Common stock repurchased,,,,,-19135,-29538
Dividend paid,-41771,-27919,-16533,-17251,-14844,-33431
Other financing activities,-5458,-13510,17191,4114,-22136,9849
Net cash provided by (used for) financing activities,-41969,-44230,25982,84520,-47092,-18627
Net change in cash,7117,-7837,-2295,-2467,8415,-1984
Cash at beginning of period,-23640,-16522,-24359,-26654,-29121,510
Cash at end of period,-16522,-24359,-26654,-29121,-20706,-1474
Free Cash Flow
Operating cash flow,102128,110372,85540,54692,178293,162602
Capital expenditure,-59070,-67154,-113380,-138565,-116660,-128834
Free cash flow,43058,43218,-27840,-83873,61633,33768
