﻿IG PETROCHEMICALS LTD  (500199) Statement of  CASH FLOW
Fiscal year ends in March. INR in millions except per share data.,2017-03,2018-03,2019-03,2020-03,2021-03,TTM
Cash Flows From Operating Activities
Net income,1313,2303,1867,319,2526,3746
Depreciation & amortization,172,257,265,299,341,402
Investments losses (gains),0,-14,-48,-31,-3,-10
Change in working capital,-275,-128,-222,221,-529,-1371
Inventory,-150,22,-351,344,-488,-751
Other working capital,-125,-150,129,-122,-41,-620
Other non-cash items,-229,-413,-475,29,-503,-829
Net cash provided by operating activities,981,2006,1386,837,1833,1938
Cash Flows From Investing Activities
"Investments in property, plant, and equipment",-336,-1243,-2126,-1684,-706,-677
"Property, plant, and equipment reductions",39,4,14,4,2,1
Purchases of investments,-80,-415,-61,,-37,
Sales/Maturities of investments,,,,616,,
Other investing activities,29,19,15,24,17,-274
Net cash used for investing activities,-348,-1636,-2158,-1040,-725,-949
Cash Flows From Financing Activities
Dividend paid,-71,-107,-145,-146,-60,-226
Other financing activities,-407,-241,729,499,-743,-786
Net cash provided by (used for) financing activities,-479,-348,583,353,-803,-1012
Net change in cash,155,22,-189,150,304,-23
Cash at beginning of period,170,28,50,-139,12,145
Cash at end of period,325,50,-139,12,316,121
Free Cash Flow
Operating cash flow,981,2006,1386,837,1833,1938
Capital expenditure,-336,-1243,-2126,-1684,-706,-677
Free cash flow,646,763,-740,-847,1126,1261
