﻿GUJARAT LEASE FINANCING LTD  (500174) CashFlowFlag INCOME STATEMENT
Fiscal year ends in March. INR in millions except per share data.,2018-03,2019-03,2020-03,2021-03,2022-03,TTM
Cost of revenue,1,1,1,1,1,1
Gross profit,-1,-1,-1,-1,-1,-1
Operating expenses
"Sales, General and administrative",1,1,2,1,0,0
"Restructuring, merger and acquisition",,1,,,,
Other operating expenses,2,-0,-3,2,2,2
Total operating expenses,3,2,-1,3,3,3
Operating income,-4,-3,-0,-4,-4,-4
Other income (expense),1,-1,4,0,3,3
Income before taxes,-3,-3,4,-3,-1,-1
Provision for income taxes,,0,-0,,,
Net income from continuing operations,-3,-4,4,-3,-1,-1
Net income,-3,-4,4,-3,-1,-1
Net income available to common shareholders,-3,-4,4,-3,-1,-1
Earnings per share
Basic,-0.12,-0.14,0.14,-0.13,-0.03,-0.03
Diluted,-0.12,-0.14,0.14,-0.13,-0.03,-0.03
Weighted average shares outstanding
Basic,27,27,27,27,27,27
Diluted,27,27,27,27,27,27
EBITDA,-4,-3,0,-3,-3,-3
