﻿GANESH BENZOPLAST LTD  (500153) CashFlowFlag BALANCE SHEET
Fiscal year ends in March. INR in millions except per share data.,2017-03,2018-03,2019-03,2020-03,2021-03
Assets
Current assets
Cash
Cash and cash equivalents,16,5,33,34,105
Short-term investments,,3,3,5,263
Total cash,16,7,36,38,368
Receivables,213,324,310,349,441
Inventories,56,49,50,63,125
Prepaid expenses,,129,100,190,219
Other current assets,226,180,180,193,68
Total current assets,511,690,676,833,1221
Non-current assets
"Property, plant and equipment"
"Gross property, plant and equipment",4388,4578,4858,4988,5714
Accumulated Depreciation,-2859,-2978,-3102,-3232,-3498
"Net property, plant and equipment",1530,1599,1755,1756,2216
Goodwill,,,,,225
Other long-term assets,209,105,79,84,118
Total non-current assets,1738,1704,1834,1840,2558
Total assets,2249,2394,2510,2674,3780
Liabilities and stockholders' equity
Liabilities
Current liabilities
Short-term debt,134,214,226,189,241
Accounts payable,526,593,548,463,486
Other current liabilities,130,125,158,109,76
Total current liabilities,789,932,932,760,803
Non-current liabilities
Long-term debt,1674,620,435,429,351
Deferred taxes liabilities,,,,,224
Deferred revenues,,12,,,
Pensions and other benefits,,23,24,29,33
Minority interest,,,,,44
Other long-term liabilities,19,,0,,0
Total non-current liabilities,1693,655,459,458,653
Total liabilities,2483,1587,1390,1218,1456
Stockholders' equity
Common stock,57,57,57,57,62
Additional paid-in capital,,382,382,382,1028
Retained earnings,-1106,-299,14,350,563
Accumulated other comprehensive income,815,666,666,666,672
Total stockholders' equity,-234,807,1120,1455,2324
Total liabilities and stockholders' equity,2249,2394,2510,2674,3780
