﻿BALLARPUR INDUSTRIES LTD  (500102) CashFlowFlag BALANCE SHEET
Fiscal year ends in March. INR in millions except per share data.,2015-03,2016-03,2017-03,2018-03,2019-03
Assets
Current assets
Cash
Cash and cash equivalents,312,2402,1101,1297,2698
Short-term investments,2596,,258,113,165
Total cash,2908,2402,1360,1410,2863
Receivables,3522,5134,706,874,1583
Inventories,14301,15399,6809,3505,4469
Prepaid expenses,1803,6698,3478,3452,2234
Other current assets,3434,1651,8400,26785,29464
Total current assets,25968,31285,20753,36026,40613
Non-current assets
"Property, plant and equipment"
"Gross property, plant and equipment",145892,124589,142776,100576,94975
Accumulated Depreciation,-39794,-43420,-43625,-25450,-29788
"Net property, plant and equipment",106098,81169,99151,75126,65187
Intangible assets,653,1335,972,435,189
Deferred income taxes,,,,2186,1681
Other long-term assets,12774,14088,11140,1399,2395
Total non-current assets,119525,96592,111264,79146,69452
Total assets,145493,127877,132016,115172,110064
Liabilities and stockholders' equity
Liabilities
Current liabilities
Short-term debt,38616,29769,59097,35675,40094
Capital leases,,0,,,
Accounts payable,22921,12156,9753,10570,9581
Deferred income taxes,,,,,717
Taxes payable,125,,342,663,
Other current liabilities,4468,3774,8342,18100,26814
Total current liabilities,66130,45700,77534,65008,77205
Non-current liabilities
Long-term debt,32707,41911,35009,47788,42532
Capital leases,0,0,,,
Deferred taxes liabilities,949,832,1331,46,
Pensions and other benefits,778,791,902,780,899
Minority interest,10948,9826,4826,-1365,-3792
Other long-term liabilities,528,1153,484,-230,598
Total non-current liabilities,45910,54513,42552,47019,40237
Total liabilities,112041,100213,120086,112027,117442
Stockholders' equity
Common stock,1311,1311,1311,2587,2587
Additional paid-in capital,3418,3418,3418,12241,12241
Retained earnings,5883,2244,-11638,-39344,-49550
Accumulated other comprehensive income,22839,20690,18839,27660,27344
Total stockholders' equity,33452,27664,11930,3145,-7377
Total liabilities and stockholders' equity,145493,127877,132017,115172,110064
