﻿FINOLEX CABLES LTD  (500144) CashFlowFlag BALANCE SHEET
Fiscal year ends in March. INR in millions except per share data.,2017-03,2018-03,2019-03,2020-03,2021-03
Assets
Current assets
Cash
Cash and cash equivalents,321,769,464,8560,246
Short-term investments,7606,7257,7679,3216,12350
Total cash,7928,8026,8143,11776,12596
Receivables,1244,1749,2109,1870,1766
Inventories,4620,4991,5872,5931,7554
Prepaid expenses,81,77,656,793,945
Other current assets,465,256,141,322,573
Total current assets,14338,15099,16920,20692,23434
Non-current assets
"Property, plant and equipment"
"Gross property, plant and equipment",5235,5532,5910,6286,6715
Accumulated Depreciation,-1017,-1400,-1771,-2148,-2516
"Net property, plant and equipment",4218,4132,4139,4138,4199
Intangible assets,12,10,7,4,2
Other long-term assets,5726,8598,10476,9234,11222
Total non-current assets,9957,12740,14621,13376,15423
Total assets,24295,27839,31541,34068,38857
Liabilities and stockholders' equity
Liabilities
Current liabilities
Short-term debt,4,2,1,0,
Capital leases,,0,0,24,22
Accounts payable,908,1548,2083,1381,1497
Taxes payable,16,198,343,439,318
Other current liabilities,1703,647,185,546,670
Total current liabilities,2631,2397,2612,2389,2507
Non-current liabilities
Long-term debt,4,1,0,,
Capital leases,,4,4,56,45
Deferred taxes liabilities,189,1077,1461,1460,2042
Pensions and other benefits,60,70,94,126,117
Other long-term liabilities,2,,,,
Total non-current liabilities,255,1152,1559,1642,2204
Total liabilities,2886,3549,4171,4031,4712
Stockholders' equity
Common stock,306,306,306,306,306
Additional paid-in capital,1146,1146,1146,1146,1146
Retained earnings,14349,16158,19463,22508,26287
Accumulated other comprehensive income,5608,6679,6456,6077,6406
Total stockholders' equity,21409,24290,27371,30037,34145
Total liabilities and stockholders' equity,24295,27839,31541,34068,38857
