﻿IG PETROCHEMICALS LTD  (500199) CashFlowFlag BALANCE SHEET
Fiscal year ends in March. INR in millions except per share data.,2017-03,2018-03,2019-03,2020-03,2021-03
Assets
Current assets
Cash
Cash and cash equivalents,325,50,195,80,350
Short-term investments,,462,698,406,268
Total cash,325,512,893,486,619
Receivables,1498,1388,1828,1433,1987
Inventories,1045,944,1294,951,1438
Prepaid expenses,,149,182,84,75
Other current assets,154,158,344,304,250
Total current assets,3022,3151,4541,3259,4370
Non-current assets
"Property, plant and equipment"
"Gross property, plant and equipment",7372,9458,11310,12880,13380
Accumulated Depreciation,-4018,-4411,-4520,-4778,-5064
"Net property, plant and equipment",3355,5047,6790,8102,8317
Goodwill,,20,20,20,20
Intangible assets,2,7,6,6,3
Other long-term assets,596,371,194,228,528
Total non-current assets,3952,5445,7010,8356,8868
Total assets,6974,8596,11552,11614,13238
Liabilities and stockholders' equity
Liabilities
Current liabilities
Short-term debt,222,575,900,826,741
Capital leases,,,,9,9
Accounts payable,17,1498,2325,1996,2397
Other current liabilities,1806,179,112,114,143
Total current liabilities,2044,2252,3337,2944,3290
Non-current liabilities
Long-term debt,600,292,1102,1474,898
Capital leases,,,,12,3
Deferred taxes liabilities,386,371,556,629,696
Other long-term liabilities,19,403,266,227,131
Total non-current liabilities,1006,1066,1924,2343,1728
Total liabilities,3050,3319,5261,5287,5018
Stockholders' equity
Common stock,308,308,308,308,308
Additional paid-in capital,228,228,228,228,228
Retained earnings,3081,4226,5046,5103,6922
Accumulated other comprehensive income,308,516,709,689,762
Total stockholders' equity,3924,5278,6291,6327,8220
Total liabilities and stockholders' equity,6974,8596,11552,11614,13238
