﻿GTN INDUSTRIES LTD  (500170) Statement of  CASH FLOW
Fiscal year ends in March. INR in millions except per share data.,2017-03,2018-03,2019-03,2020-03,2021-03,TTM
Cash Flows From Operating Activities
Net income,-65,-65,-81,-56,-61,29
Depreciation & amortization,88,88,92,91,89,85
Investments losses (gains),,,,,0,
Change in working capital,5,-125,-15,-111,70,-85
Inventory,-24,-41,93,-79,25,-15
Prepaid expenses,,-17,27,2,0,
Other working capital,29,-68,-134,-35,45,-70
Other non-cash items,182,224,233,157,247,384
Net cash provided by operating activities,210,122,229,81,345,414
Cash Flows From Investing Activities
"Investments in property, plant, and equipment",-19,-310,-69,-24,-2,-9
"Property, plant, and equipment reductions",1,8,5,244,0,882
Net cash used for investing activities,-18,-302,-64,219,-2,873
Cash Flows From Financing Activities
Debt issued,,,,,1,
Debt repayment,,,,,-84,
Preferred stock issued,20,170,,,,
Other financing activities,-216,-13,-143,-286,-243,-1191
Net cash provided by (used for) financing activities,-196,157,-143,-286,-326,-1191
Net change in cash,-3,-23,22,14,18,95
Cash at beginning of period,31,28,5,26,41,28
Cash at end of period,28,5,26,41,58,124
Free Cash Flow
Operating cash flow,210,122,229,81,345,414
Capital expenditure,-19,-310,-69,-24,-2,-9
Free cash flow,191,-189,160,56,344,405
