﻿TITAN CO LTD  (500114) CashFlowFlag BALANCE SHEET
Fiscal year ends in March. INR in millions except per share data.,2018-03,2019-03,2020-03,2021-03,2022-03
Assets
Current assets
Cash
Cash and cash equivalents,4720,4295,755,1810,2190
Short-term investments,749,5816,3230,29770,16600
Total cash,5470,10111,3985,31580,18790
Receivables,2957,4204,3116,3660,5650
Inventories,59248,70388,81030,84080,136090
Prepaid expenses,6403,3911,1721,7070,
Other current assets,1932,7258,11352,5580,14010
Total current assets,76010,95873,101203,131970,174540
Non-current assets
"Property, plant and equipment"
"Gross property, plant and equipment",13588,15447,26916,30380,22600
Accumulated Depreciation,-2137,-3335,-4600,-8880,
"Net property, plant and equipment",11450,12113,22316,21500,22600
Goodwill,1230,1230,1230,1230,1230
Intangible assets,2264,2401,2730,2560,2450
Deferred income taxes,361,742,1590,1050,1870
Other long-term assets,3926,4794,6428,6210,9250
Total non-current assets,19232,21280,34295,32550,37400
Total assets,95242,117152,135498,164520,211940
Liabilities and stockholders' equity
Liabilities
Current liabilities
Short-term debt,16911,23613,23011,43730,59140
Capital leases,,,1867,1970,2210
Accounts payable,8777,9060,5967,7890,12940
Taxes payable,390,280,285,1180,820
Other current liabilities,17075,21666,25136,22370,30010
Total current liabilities,43154,54619,56266,77140,105120
Non-current liabilities
Long-term debt,,317,170,90,20
Capital leases,,,10563,10590,11380
Deferred taxes liabilities,32,54,62,80,60
Pensions and other benefits,1163,1307,1661,1560,
Minority interest,-18,141,44,50,300
Other long-term liabilities,13,13,45,40,2030
Total non-current liabilities,1190,1832,12545,12410,13790
Total liabilities,44343,56451,68810,89550,118910
Stockholders' equity
Common stock,888,888,888,890,890
Additional paid-in capital,1415,1414,1416,1420,
Retained earnings,17920,27590,35913,42100,
Accumulated other comprehensive income,30677,30810,28471,30560,92140
Total stockholders' equity,50899,60702,66688,74970,93030
Total liabilities and stockholders' equity,95242,117152,135498,164520,211940
