﻿E I D PARRY INDIA LTD  (500125) CashFlowFlag INCOME STATEMENT
Fiscal year ends in March. INR in millions except per share data.,2017-03,2018-03,2019-03,2020-03,2021-03,TTM
Revenue,118464,125936,133303,137108,151033,182854
Cost of revenue,106962,116199,124284,126448,137784,168192
Gross profit,11502,9736,9020,10660,13250,14662
Operating expenses
"Sales, General and administrative",13328,15140,16079,15530,16104,
Other operating expenses,-15099,-16290,-19955,-21677,-21674,-3425
Total operating expenses,-1771,-1150,-3876,-6147,-5570,-3425
Operating income,13273,10886,12896,16808,18819,18087
Interest Expense,3990,3140,4070,4145,2169,1355
Other income (expense),-87,935,-456,,-1257,602
Income before taxes,9196,8682,8370,12662,15393,17334
Provision for income taxes,2114,3507,3993,3774,5395,5271
Net income from continuing operations,7082,5174,4376,8889,9998,12064
Other,-1874,-2616,-2842,-4210,-5524,-6084
Net income,5208,2558,1535,4679,4474,5980
Net income available to common shareholders,5208,2558,1535,4679,4474,5980
Earnings per share
Basic,29.44,14.46,8.67,26.43,25.27,33.75
Diluted,29.41,14.36,8.63,26.34,25.15,33.63
Weighted average shares outstanding
Basic,177,177,177,177,177,177
Diluted,177,177,177,177,177,177
EBITDA,15666,14334,15163,19997,21723,21966
