﻿HDFC BANK LTD  (500180) CashFlowFlag INCOME STATEMENT
Fiscal year ends in March. INR in millions except per share data.,2017-03,2018-03,2019-03,2020-03,2021-03,TTM
Revenue,462122,567758,667628,791746,936662,1009070
Gross profit,462122,567758,667628,791746,936662,1009070
Operating expenses
"Sales, General and administrative",167301,191757,213613,263946,292979,302232
Other operating expenses,-167301,-191757,-213613,-263946,-292979,-302232
Total operating expenses,,,,,,
Operating income,462122,567758,667628,791746,936662,1009070
Interest Expense,373759,420315,534209,618456,592281,572202
Other income (expense),131602,129664,206540,192553,95445,35440
Income before taxes,219966,277106,339959,365844,439826,472308
Provision for income taxes,79225,98272,119394,105480,113820,122222
Net income from continuing operations,140741,178834,220566,260364,326006,350086
Other,-211,-319,-462,-94,-29,-227
Net income,140530,178515,220104,260270,325977,349859
Net income available to common shareholders,140530,178515,220104,260270,325977,349859
Earnings per share
Basic,27.61,34.59,41.06,47.59,59.27,63.47
Diluted,27.29,34.15,40.66,47.27,59.02,63.12
Weighted average shares outstanding
Basic,5089,5161,5360,5469,5500,5512
Diluted,5151,5228,5414,5506,5523,5544
