﻿FGP LTD  (500142) CashFlowFlag INCOME STATEMENT
Fiscal year ends in March. INR in millions except per share data.,2017-03,2018-03,2019-03,2020-03,2021-03,TTM
Revenue,1,1,1,3,2,1
Gross profit,1,1,1,3,2,1
Operating expenses
"Sales, General and administrative",3,4,6,5,3,
Other operating expenses,7,4,-65,65,6,8
Total operating expenses,10,8,-58,70,9,8
Operating income,-9,-7,60,-67,-7,-7
Interest Expense,,,0,,,
Other income (expense),1,3,-57,55,7,5
Income before taxes,-8,-4,2,-12,0,-1
Provision for income taxes,,,-2,,,
Net income from continuing operations,-8,-4,4,-12,0,-1
Net income,-8,-4,4,-12,0,-1
Net income available to common shareholders,-8,-4,4,-12,0,-1
Earnings per share
Basic,-0.68,-0.31,0.35,-1.04,0.00,-0.12
Diluted,-0.68,-0.31,0.35,-1.04,0.00,-0.12
Weighted average shares outstanding
Basic,12,12,12,12,12,11
Diluted,12,12,12,12,12,11
EBITDA,-8,-7,3,-12,-7,-7
