﻿ESAB INDIA LTD  (500133) CashFlowFlag BALANCE SHEET
Fiscal year ends in March. INR in millions except per share data.,2017-03,2018-03,2019-03,2020-03,2021-03
Assets
Current assets
Cash
Cash and cash equivalents,414,371,431,187,186
Short-term investments,1439,1511,427,1348,412
Total cash,1853,1882,857,1535,598
Receivables,480,590,636,846,988
Inventories,628,727,682,784,735
Prepaid expenses,,142,167,160,95
Other current assets,111,510,484,278,496
Total current assets,3072,3850,2827,3603,2912
Non-current assets
"Property, plant and equipment"
"Gross property, plant and equipment",1998,1074,1141,1321,1392
Accumulated Depreciation,-1174,-229,-298,-406,-478
"Net property, plant and equipment",824,846,843,915,915
Goodwill,,6,6,,
Intangible assets,18,21,13,15,7
Deferred income taxes,30,17,14,15,14
Other long-term assets,328,64,84,46,34
Total non-current assets,1200,953,961,991,970
Total assets,4272,4804,3788,4594,3882
Liabilities and stockholders' equity
Liabilities
Current liabilities
Capital leases,,,,13,15
Accounts payable,577,745,844,881,964
Taxes payable,,,13,17,0
Other current liabilities,210,248,228,235,242
Total current liabilities,787,992,1086,1146,1221
Non-current liabilities
Capital leases,,,,34,19
Pensions and other benefits,,29,36,37,50
Other long-term liabilities,70,,,,
Total non-current liabilities,70,29,36,71,69
Total liabilities,857,1021,1122,1217,1290
Stockholders' equity
Common stock,154,154,154,154,154
Additional paid-in capital,93,93,93,93,93
Retained earnings,2657,3026,1910,2621,1836
Accumulated other comprehensive income,511,509,509,509,509
Total stockholders' equity,3415,3783,2666,3378,2592
Total liabilities and stockholders' equity,4272,4804,3788,4594,3882
