﻿CHENNAI PETROLEUM CORP LTD  (500110) CashFlowFlag BALANCE SHEET
Fiscal year ends in March. INR in millions except per share data.,2018-03,2019-03,2020-03,2021-03,2022-03
Assets
Current assets
Cash
Cash and cash equivalents,0,2,0,12,83
Short-term investments,15,53,48,5,668
Total cash,15,55,49,17,751
Receivables,15695,16237,1239,2000,2523
Inventories,47591,48470,23608,45089,75325
Prepaid expenses,234,404,540,724,
Other current assets,3343,3329,3186,2738,10066
Total current assets,66879,68495,28622,50567,88666
Non-current assets
"Property, plant and equipment"
"Gross property, plant and equipment",82385,94630,102644,107165,81337
Accumulated Depreciation,-9400,-13872,-18764,-23113,
"Net property, plant and equipment",72985,80758,83880,84052,81337
Intangible assets,248,1010,2439,2874,425
Deferred income taxes,,,9335,,
Other long-term assets,2948,3724,4083,4757,5528
Total non-current assets,76181,85492,99738,91683,87290
Total assets,143060,153987,128359,142250,175956
Liabilities and stockholders' equity
Liabilities
Current liabilities
Short-term debt,20630,48740,57427,61433,68312
Capital leases,15000,3505,26,58,45
Accounts payable,44436,37375,15547,18820,32401
Other current liabilities,10316,11599,11028,13301,14303
Total current liabilities,90382,101219,84028,93612,115059
Non-current liabilities
Long-term debt,8259,14435,29414,30046,23916
Capital leases,,,114,133,112
Deferred taxes liabilities,2062,1207,,1035,5631
Deferred revenues,61,14,136,150,
Other long-term liabilities,2326,2547,1075,1162,1371
Total non-current liabilities,12708,18203,30739,32526,31029
Total liabilities,103090,119422,114766,126138,146088
Stockholders' equity
Common stock,1490,1489,1489,1489,1489
Additional paid-in capital,11000,8500,8500,8500,
Retained earnings,-5828,-11214,-31790,-29218,
Accumulated other comprehensive income,33307,35790,35394,35340,28378
Total stockholders' equity,39970,34565,13593,16112,29867
Total liabilities and stockholders' equity,143060,153987,128359,142250,175956
