﻿P.H.CAPITAL LTD  (500143) Statement of  CASH FLOW
Fiscal year ends in March. INR in millions except per share data.,2017-03,2018-03,2019-03,2020-03,2021-03,TTM
Cash Flows From Operating Activities
Net income,17,24,-3,-30,157,289
Depreciation & amortization,1,1,1,0,0,0
Change in working capital,-16,-23,32,25,-109,-262
Inventory,-21,-3,12,44,-129,-322
Other working capital,6,-20,20,-19,20,60
Other non-cash items,-16,-1,2,-1,-31,-39
Net cash provided by operating activities,-14,2,32,-6,17,-11
Cash Flows From Investing Activities
"Investments in property, plant, and equipment",-1,-0,,-0,-0,-0
Other investing activities,0,0,,0,0,0
Net cash used for investing activities,-1,-0,,-0,-0,-0
Cash Flows From Financing Activities
Debt issued,17,,,9,,
Debt repayment,,,-28,-0,-0,
Other financing activities,-3,-2,-3,-3,-13,15
Net cash provided by (used for) financing activities,14,-2,-31,5,-14,15
Net change in cash,-1,-1,1,-1,4,4
Cash at beginning of period,2,1,0,2,1,1
Cash at end of period,1,0,2,1,5,5
Free Cash Flow
Operating cash flow,-14,2,32,-6,17,-11
Capital expenditure,-1,-0,,-0,-0,-0
Free cash flow,-15,2,32,-6,17,-11
