﻿FOSECO INDIA LTD  (500150) CashFlowFlag INCOME STATEMENT
Fiscal year ends in December. INR in millions except per share data.,2017-12,2018-12,2019-12,2020-12,2021-12,TTM
Revenue,3574,3620,3217,2504,3375,3375
Cost of revenue,2317,2309,1941,1524,2076,2076
Gross profit,1258,1311,1275,980,1299,1299
Operating expenses
Research and development,2,,,,,
"Sales, General and administrative",209,199,203,146,243,243
Other operating expenses,577,643,608,667,669,669
Total operating expenses,788,842,810,813,912,912
Operating income,470,469,465,167,387,387
Interest Expense,4,2,0,0,,
Other income (expense),11,34,31,44,46,46
Income before taxes,478,501,496,211,433,433
Provision for income taxes,165,180,151,57,107,107
Net income from continuing operations,313,320,345,154,327,327
Net income,313,320,345,154,327,327
Net income available to common shareholders,313,320,345,154,327,327
Earnings per share
Basic,49.04,50.16,54.07,24.17,51.16,51.16
Diluted,49.04,50.16,54.07,24.17,51.16,51.16
Weighted average shares outstanding
Basic,6,6,6,6,6,6
Diluted,6,6,6,6,6,6
EBITDA,535,548,538,270,492,492
