﻿HINDUSTAN PETROLEUM CORP LTD  (500104) CashFlowFlag BALANCE SHEET
Fiscal year ends in March. INR in millions except per share data.,2017-03,2018-03,2019-03,2020-03,2021-03
Assets
Current assets
Cash
Cash and cash equivalents,1115,1215,1987,2048,4804
Short-term investments,51186,61830,50872,53453,54180
Total cash,52301,63046,52859,55500,58984
Receivables,40917,55870,56674,39342,68700
Inventories,186292,186122,204436,193260,287639
Prepaid expenses,6310,5476,5920,3778,3796
Other current assets,44841,60895,114761,84298,22552
Total current assets,330661,371410,434651,376178,441671
Non-current assets
"Property, plant and equipment"
"Gross property, plant and equipment",436345,503482,617454,795423,925097
Accumulated Depreciation,-54014,-81335,-110809,-140066,-174305
"Net property, plant and equipment",382331,422147,506645,655357,750792
Goodwill,167,167,167,167,3216
Intangible assets,4940,4743,4790,5692,8471
Other long-term assets,85092,98251,126330,131668,137447
Total non-current assets,472530,525308,637933,792884,899926
Total assets,803190,896718,1072584,1169062,1341597
Liabilities and stockholders' equity
Liabilities
Current liabilities
Short-term debt,150123,122961,160637,206351,156346
Capital leases,,,,2567,3097
Accounts payable,126997,158459,190534,114688,177986
Taxes payable,726,2962,8313,3670,3517
Other current liabilities,69918,191263,211734,243167,282856
Total current liabilities,347763,475644,571218,570444,623803
Non-current liabilities
Long-term debt,71178,96559,121278,231096,277644
Deferred taxes liabilities,61493,68048,73962,54914,54622
Other long-term liabilities,112042,1141,2119,2802,4719
Total non-current liabilities,244713,165749,197359,288812,336985
Total liabilities,592476,641393,768577,859256,960788
Stockholders' equity
Common stock,10163,15242,15242,15242,14524
Additional paid-in capital,3624,16,16,16,734
Retained earnings,175314,219730,269234,274852,360688
Accumulated other comprehensive income,21614,20337,19515,19696,4863
Total stockholders' equity,210714,255324,304007,309806,380809
Total liabilities and stockholders' equity,803190,896718,1072584,1169062,1341597
