﻿GOODRICKE GROUP LTD  (500166) CashFlowFlag BALANCE SHEET
Fiscal year ends in March. INR in millions except per share data.,2017-03,2018-03,2019-03,2020-03,2021-03
Assets
Current assets
Cash
Cash and cash equivalents,168,89,108,297,130
Short-term investments,250,40,35,25,23
Total cash,418,129,143,322,154
Receivables,304,738,529,550,597
Inventories,1316,1429,1547,1376,1809
Prepaid expenses,,114,154,210,191
Other current assets,124,216,183,121,203
Total current assets,2162,2625,2555,2579,2954
Non-current assets
"Property, plant and equipment"
"Gross property, plant and equipment",2877,3182,3738,4083,4249
Accumulated Depreciation,-341,-485,-638,-808,-980
"Net property, plant and equipment",2536,2696,3099,3275,3269
Goodwill,,,12,12,12
Intangible assets,2,204,204,203,206
Other long-term assets,114,96,114,132,189
Total non-current assets,2652,2997,3429,3623,3677
Total assets,4815,5622,5985,6202,6631
Liabilities and stockholders' equity
Liabilities
Current liabilities
Short-term debt,,49,140,465,485
Capital leases,,,,36,21
Accounts payable,972,1414,1371,1193,1376
Taxes payable,,55,52,54,65
Other current liabilities,312,215,150,325,362
Total current liabilities,1284,1732,1713,2073,2309
Non-current liabilities
Long-term debt,,142,387,319,257
Capital leases,,,,63,52
Deferred taxes liabilities,460,503,621,514,547
Deferred revenues,,29,43,42,73
Pensions and other benefits,118,144,152,,
Other long-term liabilities,34,5,4,181,200
Total non-current liabilities,612,822,1208,1119,1129
Total liabilities,1896,2554,2920,3192,3437
Stockholders' equity
Common stock,216,216,216,216,216
Retained earnings,1031,1180,1177,1122,1306
Accumulated other comprehensive income,1672,1672,1672,1672,1672
Total stockholders' equity,2919,3068,3065,3010,3193
Total liabilities and stockholders' equity,4815,5622,5985,6202,6631
