﻿DIAMINES & CHEMICALS LTD  (500120) CashFlowFlag INCOME STATEMENT
Fiscal year ends in March. INR in millions except per share data.,2017-03,2018-03,2019-03,2020-03,2021-03,TTM
Revenue,348,384,473,692,627,601
Cost of revenue,159,150,135,151,183,218
Gross profit,189,234,338,541,444,383
Operating expenses
Research and development,,,1,0,0,
"Sales, General and administrative",7,8,7,14,25,
Other operating expenses,110,130,160,149,172,233
Total operating expenses,117,138,168,163,197,233
Operating income,72,97,170,378,247,150
Interest Expense,16,2,0,0,0,0
Other income (expense),1,-12,8,-26,11,2
Income before taxes,58,82,178,352,258,152
Provision for income taxes,15,12,47,112,48,35
Net income from continuing operations,43,71,131,240,210,117
Net income,43,71,131,240,210,117
Net income available to common shareholders,43,71,131,240,210,117
Earnings per share
Basic,4.37,7.25,13.42,24.52,21.46,11.96
Diluted,4.37,7.25,13.42,24.52,21.46,11.96
Weighted average shares outstanding
Basic,10,10,10,10,10,10
Diluted,10,10,10,10,10,10
EBITDA,92,104,199,418,289,169
