﻿GODREJ INDUSTRIES LTD  (500164) Statement of  CASH FLOW
Fiscal year ends in March. INR in millions except per share data.,2017-03,2018-03,2019-03,2020-03,2021-03,TTM
Cash Flows From Operating Activities
Net income,6262,8148,10860,10810,6172,7147
Depreciation & amortization,1481,1753,1730,2338,2423,2546
Investments losses (gains),-491,-3699,-1515,-1236,-858,-1284
Stock based compensation,97,66,77,87,75,93
Change in working capital,-997,12028,6492,-4588,-9619,-10395
Inventory,743,12064,15087,2104,-24552,-11013
Other working capital,-1740,-36,-8595,-6692,14934,618
Other non-cash items,-2765,-1395,-5184,-3473,-4829,-4287
Net cash provided by operating activities,3587,16900,12459,3940,-6636,-6180
Cash Flows From Investing Activities
"Investments in property, plant, and equipment",-2852,-4839,-4411,-3879,-7456,-6773
"Property, plant, and equipment reductions",131,178,364,69,99,273
"Acquisitions, net",,,-469,185,-9708,-11450
Purchases of investments,-10099,-17388,-35972,-46567,-36610,-37893
Sales/Maturities of investments,10684,17689,25456,35867,150,3416
Other investing activities,1542,-5815,1297,-4417,1919,3634
Net cash used for investing activities,-594,-10176,-13735,-18743,-51606,-48793
Cash Flows From Financing Activities
Debt issued,1164,5526,5700,155,26595,23935
Debt repayment,,-11255,-6347,-3514,-5831,-948
Preferred stock repaid,,-0,-0,,,
Common stock issued,371,18,18,14,6,-0
Dividend paid,-2,-926,-980,-777,-496,-642
Other financing activities,-6161,-2956,12166,17596,37448,35560
Net cash provided by (used for) financing activities,-4627,-9593,10557,13472,57722,57904
Effect of exchange rate changes,,,,2,-1,-0
Net change in cash,-1634,-2868,9281,-1329,-520,2931
Cash at beginning of period,737,-755,-3614,5744,4416,469
Cash at end of period,-897,-3623,5668,4415,3895,3400
Free Cash Flow
Operating cash flow,3587,16900,12459,3940,-6636,-6180
Capital expenditure,-2852,-4839,-4411,-3879,-7456,-6773
Free cash flow,735,12061,8048,60,-14092,-12953
