﻿FOSECO INDIA LTD  (500150) CashFlowFlag BALANCE SHEET
Fiscal year ends in December. INR in millions except per share data.,2017-12,2018-12,2019-12,2020-12,2021-12
Assets
Current assets
Cash
Cash and cash equivalents,718,924,1111,1363,1492
Total cash,718,924,1111,1363,1492
Receivables,1006,870,728,649,742
Inventories,167,210,194,125,226
Prepaid expenses,8,10,8,16,67
Other current assets,11,28,20,35,17
Total current assets,1909,2043,2061,2189,2543
Non-current assets
"Property, plant and equipment"
"Gross property, plant and equipment",710,352,470,516,560
Accumulated Depreciation,-471,-95,-111,-160,-203
"Net property, plant and equipment",239,257,359,356,357
Intangible assets,0,,,,
Deferred income taxes,22,31,19,26,26
Other long-term assets,39,55,47,60,19
Total non-current assets,300,342,425,442,401
Total assets,2209,2385,2487,2631,2945
Liabilities and stockholders' equity
Liabilities
Current liabilities
Short-term debt,6,,,,
Accounts payable,635,702,642,668,714
Taxes payable,36,,9,,
Other current liabilities,63,98,114,130,138
Total current liabilities,740,800,765,799,852
Non-current liabilities
Accrued liabilities,9,17,,,
Deferred revenues,2,2,,,
Pensions and other benefits,2,5,6,4,4
Other long-term liabilities,,,2,2,2
Total non-current liabilities,13,23,8,6,6
Total liabilities,753,824,773,804,858
Stockholders' equity
Common stock,64,64,64,64,64
Additional paid-in capital,191,,191,191,191
Retained earnings,834,,1088,1201,1460
Accumulated other comprehensive income,367,1497,371,370,372
Total stockholders' equity,1457,1561,1714,1826,2087
Total liabilities and stockholders' equity,2209,2385,2487,2631,2945
