﻿HIMADRI SPECIALITY CHEMICAL LTD  (500184) CashFlowFlag BALANCE SHEET
Fiscal year ends in March. INR in millions except per share data.,2017-03,2018-03,2019-03,2020-03,2021-03
Assets
Current assets
Cash
Cash and cash equivalents,121,199,140,420,445
Short-term investments,4,0,0,,836
Total cash,124,199,140,420,1282
Receivables,2212,2718,3661,2996,4614
Inventories,3959,4201,5432,4052,3394
Prepaid expenses,837,959,1784,734,964
Other current assets,672,523,493,163,220
Total current assets,7804,8600,11511,8364,10474
Non-current assets
"Property, plant and equipment"
"Gross property, plant and equipment",16280,16742,18114,21809,22226
Accumulated Depreciation,-4412,-4763,-5100,-5493,-5965
"Net property, plant and equipment",11868,11979,13014,16316,16261
Intangible assets,,24,23,18,13
Deferred income taxes,,1546,,,
Other long-term assets,2232,3560,3331,926,1164
Total non-current assets,14100,17109,16368,17260,17438
Total assets,21904,25709,27879,25624,27912
Liabilities and stockholders' equity
Liabilities
Current liabilities
Short-term debt,3866,4290,2882,4825,6347
Capital leases,,,,14,31
Accounts payable,1783,1462,4405,2294,1529
Taxes payable,31,8,33,,
Other current liabilities,1050,889,1020,297,506
Total current liabilities,6730,6649,8341,7429,8413
Non-current liabilities
Long-term debt,3870,2312,1883,224,844
Capital leases,,,,67,71
Deferred taxes liabilities,897,2517,1271,520,618
Minority interest,-4,-3,-3,-5,-7
Other long-term liabilities,109,86,70,48,44
Total non-current liabilities,4873,4913,3220,854,1570
Total liabilities,11602,11562,11561,8283,9983
Stockholders' equity
Common stock,418,418,419,419,419
Additional paid-in capital,4537,4537,4544,4553,4560
Retained earnings,2971,5351,8504,10462,10864
Accumulated other comprehensive income,2375,3840,2852,1908,2086
Total stockholders' equity,10301,14147,16318,17342,17929
Total liabilities and stockholders' equity,21904,25709,27879,25624,27912
