﻿HLV LTD  (500193) Statement of  CASH FLOW
Fiscal year ends in March. INR in millions except per share data.,2017-03,2018-03,2019-03,2020-03,2021-03,TTM
Cash Flows From Operating Activities
Net income,-1025,97,-81,-433,-436,-446
Depreciation & amortization,2023,1254,96,119,135,142
Change in working capital,108,-178,83,363,-215,-309
Inventory,136,-22,3,12,5,10
Other working capital,-28,-156,80,351,-219,-318
Other non-cash items,845,747,1996,1337,224,-19
Net cash provided by operating activities,1951,1921,2094,1387,-291,-632
Cash Flows From Investing Activities
"Investments in property, plant, and equipment",-112,,,-321,,
"Property, plant, and equipment reductions",230,42,1362,,,
"Acquisitions, net",,,,38492,,
Sales/Maturities of investments,,195,,20,1,
Other investing activities,32,32,-73,47,106,423
Net cash used for investing activities,149,268,1289,38238,108,423
Cash Flows From Financing Activities
Debt issued,,1253,,43,96,
Debt repayment,-1214,-2511,-2519,-35816,-16,-167
Dividend paid,-1,-1,-1,,,
Other financing activities,-859,-885,-750,-3990,-46,368
Net cash provided by (used for) financing activities,-2075,-2144,-3270,-39763,35,200
Net change in cash,26,45,112,-138,-149,-9
Cash at beginning of period,452,163,208,320,182,41
Cash at end of period,478,208,320,182,33,33
Free Cash Flow
Operating cash flow,1951,1921,2094,1387,-291,-632
Capital expenditure,-112,,,-321,,
Free cash flow,1839,1921,2094,1066,-291,-632
