﻿METROGLOBAL LTD  (500159) CashFlowFlag INCOME STATEMENT
Fiscal year ends in March. INR in millions except per share data.,2017-03,2018-03,2019-03,2020-03,2021-03,TTM
Revenue,3508,3280,3323,2465,2523,2023
Cost of revenue,3268,3048,3032,2240,2358,1864
Gross profit,240,232,292,225,165,159
Operating expenses
"Sales, General and administrative",17,26,34,34,7,
Other operating expenses,34,21,35,27,33,48
Total operating expenses,51,47,68,61,40,48
Operating income,188,185,223,164,124,111
Interest Expense,12,15,21,18,6,5
Other income (expense),0,64,-37,-42,-22,17
Income before taxes,177,234,165,104,96,123
Provision for income taxes,42,55,39,24,25,35
Net income from continuing operations,135,179,126,80,71,88
Other,,,,0,,0
Net income,135,179,126,80,71,88
Net income available to common shareholders,135,179,126,80,71,88
Earnings per share
Basic,8.27,10.95,7.74,6.16,5.78,7.10
Diluted,8.27,10.95,7.74,6.16,5.78,7.10
Weighted average shares outstanding
Basic,16,16,16,13,12,12
Diluted,16,16,16,13,12,12
EBITDA,190,251,190,129,109,136
