﻿GTL LTD  (500160) CashFlowFlag INCOME STATEMENT
Fiscal year ends in March. INR in millions except per share data.,2017-03,2018-03,2019-03,2020-03,2021-03,TTM
Revenue,16363,9955,2190,2154,2210,1982
Cost of revenue,,7802,1089,711,571,508
Gross profit,16363,2153,1102,1443,1638,1474
Operating expenses
"Sales, General and administrative",400,207,181,250,228,
Other operating expenses,5488,2842,1156,1238,759,986
Total operating expenses,5888,3049,1337,1487,987,986
Operating income,10475,-896,-235,-44,651,488
Interest Expense,6037,169,157,178,196,211
Other income (expense),354,-7212,-2055,-2083,217,4346
Income before taxes,4792,-8278,-2447,-2305,672,4623
Provision for income taxes,101,4,0,,,
Other income,,4265,,,,
Net income from continuing operations,4690,-4016,-2448,-2305,672,4623
Net income from discontinuing ops,,-528,-1704,-853,-215,3307
Extraordinary items,,,,2858,,
Other,,,,5715,,
Net income,4690,-4545,-4151,-300,458,7930
Preferred dividend,,,1,1,1,1
Net income available to common shareholders,4690,-4545,-4152,-301,457,7929
Earnings per share
Basic,29.82,-28.89,-26.39,-1.91,2.91,50.41
Diluted,29.82,-28.89,-26.39,-1.91,2.91,50.41
Weighted average shares outstanding
Basic,157,157,157,157,157,157
Diluted,157,157,157,157,157,157
EBITDA,11329,-7918,-2233,-2082,914,4883
