﻿GTN INDUSTRIES LTD  (500170) CashFlowFlag INCOME STATEMENT
Fiscal year ends in March. INR in millions except per share data.,2017-03,2018-03,2019-03,2020-03,2021-03,TTM
Revenue,2838,2680,3290,3141,2844,4280
Cost of revenue,2229,2001,2521,2432,2105,2903
Gross profit,610,679,769,709,739,1377
Operating expenses
"Sales, General and administrative",103,105,118,119,131,
Other operating expenses,402,476,558,493,455,769
Total operating expenses,505,582,676,612,586,769
Operating income,105,97,93,97,152,608
Interest Expense,158,194,210,231,230,159
Other income (expense),-12,9,-13,84,-5,-195
Income before taxes,-65,-87,-130,-49,-83,254
Provision for income taxes,,-25,-46,5,-20,92
Net income from continuing operations,-65,-62,-84,-54,-62,162
Net income,-65,-62,-84,-54,-62,162
Preferred dividend,0,,,,,
Net income available to common shareholders,-65,-62,-84,-54,-62,162
Earnings per share
Basic,-3.69,-3.56,-4.76,-3.11,-3.55,9.25
Diluted,-3.69,-3.56,-4.76,-3.11,-3.55,9.25
Weighted average shares outstanding
Basic,18,18,18,18,18,18
Diluted,18,18,18,18,18,18
EBITDA,181,194,172,273,237,484
