﻿UMANG DAIRIES LTD  (500231) CashFlowFlag BALANCE SHEET
Fiscal year ends in March. INR in millions except per share data.,2017-03,2018-03,2019-03,2020-03,2021-03
Assets
Current assets
Cash
Cash and cash equivalents,8,4,3,42,5
Short-term investments,,1,1,1,1
Total cash,8,5,4,43,5
Receivables,43,124,112,86,150
Inventories,392,372,315,662,643
Prepaid expenses,,15,11,3,18
Other current assets,147,51,51,35,35
Total current assets,591,568,493,828,851
Non-current assets
"Property, plant and equipment"
"Gross property, plant and equipment",885,820,879,964,1002
Accumulated Depreciation,-341,-69,-104,-146,-192
"Net property, plant and equipment",544,751,775,819,810
Intangible assets,2,3,2,2,1
Other long-term assets,18,11,15,9,12
Total non-current assets,564,765,792,829,823
Total assets,1155,1332,1285,1657,1674
Liabilities and stockholders' equity
Liabilities
Current liabilities
Short-term debt,177,371,265,365,312
Capital leases,,,,2,2
Accounts payable,140,62,103,259,237
Other current liabilities,249,100,98,149,219
Total current liabilities,567,533,466,775,770
Non-current liabilities
Long-term debt,62,80,50,62,47
Capital leases,,,,27,25
Deferred taxes liabilities,43,73,76,82,89
Pensions and other benefits,16,18,21,22,28
Other long-term liabilities,117,98,98,99,98
Total non-current liabilities,237,270,245,292,286
Total liabilities,805,803,712,1067,1055
Stockholders' equity
Common stock,125,110,110,110,110
Additional paid-in capital,21,36,36,36,36
Retained earnings,155,328,367,377,407
Accumulated other comprehensive income,50,55,60,67,66
Total stockholders' equity,351,529,573,590,619
Total liabilities and stockholders' equity,1155,1332,1285,1657,1674
