﻿INGERSOLL-RAND (INDIA) LTD  (500210) CashFlowFlag BALANCE SHEET
Fiscal year ends in March. INR in millions except per share data.,2017-03,2018-03,2019-03,2020-03,2021-03
Assets
Current assets
Cash
Cash and cash equivalents,6225,7700,1151,1584,2292
Short-term investments,564,,,,
Total cash,6789,7700,1151,1584,2292
Receivables,935,1101,1676,1422,1807
Inventories,874,778,904,789,950
Prepaid expenses,139,183,127,140,188
Other current assets,388,155,623,110,68
Total current assets,9125,9915,4481,4046,5305
Non-current assets
"Property, plant and equipment"
"Gross property, plant and equipment",1487,1552,1637,1676,1698
Accumulated Depreciation,-207,-331,-444,-491,-539
"Net property, plant and equipment",1280,1221,1193,1185,1158
Intangible assets,,,,4,3
Deferred income taxes,83,53,14,,11
Other long-term assets,1568,1699,306,287,245
Total non-current assets,2932,2973,1513,1476,1418
Total assets,12057,12888,5994,5522,6723
Liabilities and stockholders' equity
Liabilities
Current liabilities
Capital leases,,,,36,35
Accounts payable,936,1045,1279,1138,1424
Taxes payable,57,25,34,,14
Other current liabilities,353,522,483,442,597
Total current liabilities,1346,1593,1796,1616,2071
Non-current liabilities
Capital leases,,,11,43,60
Deferred taxes liabilities,,,,4,
Deferred revenues,,,,,13
Pensions and other benefits,33,,,47,71
Other long-term liabilities,62,11,1,1,2
Total non-current liabilities,95,11,13,95,145
Total liabilities,1441,1603,1809,1711,2216
Stockholders' equity
Common stock,316,316,316,316,316
Retained earnings,7256,7918,811,429,1114
Accumulated other comprehensive income,3044,3051,3059,3067,3077
Total stockholders' equity,10616,11285,4186,3811,4507
Total liabilities and stockholders' equity,12057,12888,5994,5522,6723
