﻿INDO RAMA SYNTHETICS (INDIA) LTD  (500207) CashFlowFlag BALANCE SHEET
Fiscal year ends in March. INR in millions except per share data.,2018-03,2019-03,2020-03,2021-03,2022-03
Assets
Current assets
Cash
Cash and cash equivalents,136,50,130,37,58
Short-term investments,587,536,97,55,2179
Total cash,723,586,227,92,2236
Receivables,1109,594,915,1052,1830
Inventories,1162,1836,2505,4029,5431
Prepaid expenses,419,393,284,333,
Other current assets,1798,2115,2376,2156,890
Total current assets,5211,5524,6307,7661,10387
Non-current assets
"Property, plant and equipment"
"Gross property, plant and equipment",10783,10806,11135,11364,7367
Accumulated Depreciation,-2359,-3189,-4036,-4369,
"Net property, plant and equipment",8424,7617,7099,6994,7367
Intangible assets,,,1,1,6
Deferred income taxes,959,2461,1100,2085,2586
Other long-term assets,378,300,323,371,709
Total non-current assets,9761,10378,8524,9452,10668
Total assets,14973,15902,14831,17113,21055
Liabilities and stockholders' equity
Liabilities
Current liabilities
Short-term debt,3297,3520,1649,1448,1486
Capital leases,,,46,50,58
Accounts payable,6238,5788,5517,8710,10241
Taxes payable,37,33,,,0
Other current liabilities,625,1706,1889,803,905
Total current liabilities,10197,11048,9101,11012,12691
Non-current liabilities
Long-term debt,368,2220,3065,2328,1730
Capital leases,,,170,125,262
Deferred taxes liabilities,,,,1,2
Other long-term liabilities,211,222,275,315,369
Total non-current liabilities,579,2442,3510,2768,2362
Total liabilities,10776,13490,12611,13780,15052
Stockholders' equity
Common stock,1518,1781,2611,2611,2611
Additional paid-in capital,1662,2318,4476,4476,
Retained earnings,231,-2472,-5652,-4516,
Accumulated other comprehensive income,785,785,785,761,3391
Total stockholders' equity,4197,2412,2220,3332,6002
Total liabilities and stockholders' equity,14973,15902,14831,17113,21055
