﻿KAKATIYA CEMENT SUGAR & INDUSTRIES LTD  (500234) CashFlowFlag INCOME STATEMENT
Fiscal year ends in March. INR in millions except per share data.,2017-03,2018-03,2019-03,2020-03,2021-03,TTM
Revenue,2201,1567,1106,1565,1228,1426
Cost of revenue,961,1002,525,793,487,478
Gross profit,1241,565,581,772,741,948
Operating expenses
"Sales, General and administrative",6,11,9,8,8,
Other operating expenses,830,558,607,785,674,718
Total operating expenses,835,568,616,792,682,718
Operating income,405,-3,-35,-20,60,231
Interest Expense,11,25,57,31,23,14
Other income (expense),57,176,128,50,54,96
Income before taxes,451,148,37,-2,91,312
Provision for income taxes,164,43,-15,6,78,142
Net income from continuing operations,287,105,52,-7,13,170
Other,-0,,,,-0,-0
Net income,287,105,52,-7,13,170
Net income available to common shareholders,287,105,52,-7,13,170
Earnings per share
Basic,36.94,13.48,6.63,-0.93,1.61,21.86
Diluted,36.94,13.48,6.63,-0.93,1.61,21.86
Weighted average shares outstanding
Basic,8,8,8,8,8,8
Diluted,8,8,8,8,8,8
EBITDA,486,195,118,54,139,350
