﻿JINDAL POLY FILMS LTD  (500227) CashFlowFlag BALANCE SHEET
Fiscal year ends in March. INR in millions except per share data.,2017-03,2018-03,2019-03,2020-03,2021-03
Assets
Current assets
Cash
Cash and cash equivalents,823,323,225,2511,1854
Short-term investments,2275,2830,4382,4035,4457
Total cash,3097,3153,4607,6546,6311
Receivables,6639,1510,1447,1266,1036
Inventories,11595,4286,4937,5899,7141
Prepaid expenses,289,1240,1328,1466,1305
Other current assets,5993,2675,2058,2400,3704
Total current assets,27613,12864,14377,17577,19498
Non-current assets
"Property, plant and equipment"
"Gross property, plant and equipment",37973,20967,24870,30105,31126
Accumulated Depreciation,-4616,-2649,-3427,-4563,-5688
"Net property, plant and equipment",33357,18319,21443,25542,25439
Intangible assets,889,18,52,57,43
Prepaid pension benefit,,,31,45,51
Other long-term assets,7730,13191,9903,614,3146
Total non-current assets,41976,31528,31428,26258,28679
Total assets,69589,44392,45805,43835,48177
Liabilities and stockholders' equity
Liabilities
Current liabilities
Short-term debt,5507,5520,4312,4770,3465
Capital leases,,,,7,6
Accounts payable,7110,2320,2660,2528,2714
Taxes payable,568,41,,,
Other current liabilities,7400,1104,2049,2768,3219
Total current liabilities,20585,8985,9022,10073,9404
Non-current liabilities
Long-term debt,10930,4841,6812,9486,5691
Capital leases,,,,10,4
Deferred taxes liabilities,4169,3835,4650,2039,2072
Deferred revenues,,1951,2750,3684,4585
Pensions and other benefits,1341,10,1,2,2
Minority interest,7274,,,,
Other long-term liabilities,1525,,,0,
Total non-current liabilities,25239,10637,14214,15220,12355
Total liabilities,45824,19622,23235,25292,21759
Stockholders' equity
Common stock,438,438,438,438,438
Additional paid-in capital,,3259,3259,3259,3259
Retained earnings,,15463,11324,9547,17423
Accumulated other comprehensive income,23327,5610,7549,5300,5299
Total stockholders' equity,23765,24770,22570,18543,26418
Total liabilities and stockholders' equity,69589,44392,45805,43835,48177
