﻿ENVAIR ELECTRODYNE LTD  (500246) Statement of  CASH FLOW
Fiscal year ends in March. INR in millions except per share data.,2017-03,2018-03,2019-03,2020-03,2021-03,TTM
Cash Flows From Operating Activities
Net income,-3,35,-28,-15,-16,-13
Depreciation & amortization,1,1,1,1,1,1
Change in working capital,-5,-31,31,-0,-8,-7
Inventory,-2,-1,-1,-0,1,2
Other working capital,-3,-30,32,-0,-9,-9
Other non-cash items,0,-43,-7,-1,0,-0
Net cash provided by operating activities,-7,-38,-3,-15,-23,-19
Cash Flows From Investing Activities
"Investments in property, plant, and equipment",-1,-1,-4,-1,,
"Property, plant, and equipment reductions",0,42,,,,
Other investing activities,0,0,-5,0,-15,-14
Net cash used for investing activities,-1,42,-8,-1,-15,-14
Cash Flows From Financing Activities
Debt issued,8,,,18,2,
Debt repayment,-0,,,,,
Common stock issued,,,12,36,,
Other financing activities,-1,-4,-1,-2,0,4
Net cash provided by (used for) financing activities,6,-4,11,52,2,4
Net change in cash,-1,-1,-1,36,-35,-29
Cash at beginning of period,3,1,1,0,36,29
Cash at end of period,1,1,0,36,1,0
Free Cash Flow
Operating cash flow,-7,-38,-3,-15,-23,-19
Capital expenditure,-1,-1,-4,-1,,
Free cash flow,-8,-39,-7,-16,-23,-19
