﻿KINETIC ENGINEERING LTD  (500240) CashFlowFlag BALANCE SHEET
Fiscal year ends in March. INR in millions except per share data.,2017-03,2018-03,2019-03,2020-03,2021-03
Assets
Current assets
Cash
Cash and cash equivalents,16,5,3,7,1
Short-term investments,0,1,1,1,1
Total cash,17,6,5,8,3
Receivables,256,254,286,236,272
Inventories,205,231,311,298,299
Prepaid expenses,,51,62,54,41
Other current assets,42,12,1,1,1
Total current assets,519,553,664,597,616
Non-current assets
"Property, plant and equipment"
"Gross property, plant and equipment",3016,3078,3089,3106,3125
Accumulated Depreciation,-2114,-2193,-2253,-2324,-2391
"Net property, plant and equipment",902,884,836,782,734
Intangible assets,1,1,1,0,0
Other long-term assets,159,116,110,100,100
Total non-current assets,1063,1001,947,882,834
Total assets,1582,1554,1611,1479,1450
Liabilities and stockholders' equity
Liabilities
Current liabilities
Short-term debt,264,270,256,270,319
Accounts payable,300,328,438,405,405
Other current liabilities,115,163,154,165,121
Total current liabilities,679,762,848,840,845
Non-current liabilities
Long-term debt,445,250,348,345,364
Pensions and other benefits,,70,54,49,39
Other long-term liabilities,71,152,128,106,124
Total non-current liabilities,516,472,530,501,528
Total liabilities,1195,1234,1378,1341,1373
Stockholders' equity
Preferred stock,,196,196,196,196
Common stock,385,177,177,177,177
Additional paid-in capital,,938,938,938,938
Retained earnings,,-2212,-2300,-2394,-2455
Accumulated other comprehensive income,2,1220,1220,1220,1220
Total stockholders' equity,387,321,232,138,77
Total liabilities and stockholders' equity,1582,1554,1611,1479,1450
