﻿INTERNATIONAL TRAVEL HOUSE LTD  (500213) CashFlowFlag INCOME STATEMENT
Fiscal year ends in March. INR in millions except per share data.,2018-03,2019-03,2020-03,2021-03,2022-03,TTM
Revenue,1985,1983,2056,564,942,942
Cost of revenue,1044,1115,1198,310,60,60
Gross profit,941,868,858,255,882,882
Operating expenses
"Sales, General and administrative",33,40,44,23,,
Other operating expenses,808,796,901,637,1011,1011
Total operating expenses,841,836,945,659,1011,1011
Operating income,100,33,-87,-405,-129,-129
Interest Expense,2,0,5,2,1,1
Other income (expense),17,10,8,-44,23,23
Income before taxes,115,42,-84,-451,-107,-107
Provision for income taxes,46,16,-10,,,
Net income from continuing operations,70,27,-74,-451,-107,-107
Net income,70,27,-74,-451,-107,-107
Net income available to common shareholders,70,27,-74,-451,-107,-107
Earnings per share
Basic,8.70,3.35,-9.27,-56.37,-13.38,-13.38
Diluted,8.70,3.35,-9.27,-56.37,-13.38,-13.38
Weighted average shares outstanding
Basic,8,8,8,8,8,8
Diluted,8,8,8,8,8,8
EBITDA,228,148,36,-354,-43,-43
