﻿INDIA LEASE DEVELOPMENT LTD  (500202) CashFlowFlag INCOME STATEMENT
Fiscal year ends in March. INR in millions except per share data.,2017-03,2018-03,2019-03,2020-03,2021-03,TTM
Revenue,0,7,7,6,6,7
Cost of revenue,,4,4,4,3,3
Gross profit,0,3,3,3,3,4
Operating expenses
"Sales, General and administrative",3,4,3,2,3,3
Other operating expenses,5,1,1,-46,0,0
Total operating expenses,8,4,5,-44,3,4
Operating income,-7,-2,-2,47,-0,1
Other income (expense),7,2,0,-34,0,0
Income before taxes,-1,0,-2,13,-0,1
Provision for income taxes,,,2,,,
Net income from continuing operations,-1,0,-4,13,-0,1
Net income,-1,0,-4,13,-0,1
Net income available to common shareholders,-1,0,-4,13,-0,1
Earnings per share
Basic,-0.05,0.01,-0.26,0.89,-0.01,0.05
Diluted,-0.05,0.01,-0.26,0.89,-0.01,0.05
Weighted average shares outstanding
Basic,15,15,15,15,15,17
Diluted,15,15,15,15,15,17
EBITDA,-7,-2,-2,47,-0,1
