﻿INDIA GLYCOLS LTD  (500201) CashFlowFlag INCOME STATEMENT
Fiscal year ends in March. INR in millions except per share data.,2017-03,2018-03,2019-03,2020-03,2021-03,TTM
Revenue,24996,30097,32869,34196,22482,29091
Cost of revenue,16048,20688,21613,23867,15425,21437
Gross profit,8948,9410,11255,10329,7057,7654
Operating expenses
"Sales, General and administrative",1578,1221,1325,1259,1075,
Other operating expenses,5679,5595,6089,5519,3909,5644
Total operating expenses,7257,6816,7414,6778,4985,5644
Operating income,1691,2594,3841,3551,2073,2010
Interest Expense,896,1033,1235,1254,714,604
Other income (expense),-345,-89,-475,-558,-154,2523
Income before taxes,450,1472,2131,1739,1205,3929
Provision for income taxes,99,506,805,593,113,657
Net income from continuing operations,350,965,1326,1147,1092,3272
Net income from discontinuing ops,,,,,224,166
Net income,350,965,1326,1147,1316,3437
Net income available to common shareholders,350,965,1326,1147,1316,3437
Earnings per share
Basic,11.32,31.18,42.83,37.03,42.51,111.03
Diluted,11.32,31.18,42.83,37.03,42.51,111.03
Weighted average shares outstanding
Basic,31,31,31,31,31,31
Diluted,31,31,31,31,31,31
EBITDA,2066,3235,4129,3823,2720,5340
