﻿KANEL INDUSTRIES LTD  (500236) CashFlowFlag BALANCE SHEET
Fiscal year ends in March. INR in millions except per share data.,2017-03,2018-03,2019-03,2020-03,2021-03
Assets
Current assets
Cash
Cash and cash equivalents,0,0,2,0,0
Total cash,0,0,2,0,0
Receivables,80,14,34,25,25
Inventories,2,2,1,1,0
Prepaid expenses,,,3,3,3
Other current assets,0,0,97,66,55
Total current assets,82,16,137,95,83
Non-current assets
"Property, plant and equipment"
"Gross property, plant and equipment",52,52,8,52,52
Accumulated Depreciation,-42,-43,,-44,-45
"Net property, plant and equipment",9,9,8,7,6
Other long-term assets,3,34,31,31,31
Total non-current assets,12,42,38,38,37
Total assets,94,59,175,133,120
Liabilities and stockholders' equity
Liabilities
Current liabilities
Short-term debt,40,50,46,48,24
Accounts payable,58,16,136,94,81
Other current liabilities,14,19,11,11,12
Total current liabilities,113,86,193,153,117
Non-current liabilities
Long-term debt,42,34,48,48,73
Other long-term liabilities,0,,,-0,
Total non-current liabilities,42,34,48,47,73
Total liabilities,155,120,240,200,189
Stockholders' equity
Common stock,184,184,184,184,184
Retained earnings,,-441,-445,-447,-448
Accumulated other comprehensive income,-245,195,195,195,195
Total stockholders' equity,-61,-62,-66,-68,-69
Total liabilities and stockholders' equity,94,59,175,133,120
