﻿KANEL INDUSTRIES LTD  (500236) CashFlowFlag INCOME STATEMENT
Fiscal year ends in March. INR in millions except per share data.,2017-03,2018-03,2019-03,2020-03,2021-03,TTM
Revenue,661,617,419,0,1,1
Cost of revenue,661,616,419,0,1,0
Gross profit,1,1,0,0,0,0
Operating expenses
"Sales, General and administrative",0,0,0,0,0,
Other operating expenses,2,2,4,2,2,2
Total operating expenses,2,2,4,2,2,2
Operating income,-1,-1,-4,-2,-2,-2
Other income (expense),-15,0,0,0,-0,2
Income before taxes,-16,-1,-4,-2,-2,-0
Net income from continuing operations,-16,-1,-4,-2,-2,-0
Net income,-16,-1,-4,-2,-2,-0
Net income available to common shareholders,-16,-1,-4,-2,-2,-0
Earnings per share
Basic,-0.88,-0.05,-0.21,-0.11,-0.09,-0.01
Diluted,-0.88,-0.05,-0.21,-0.11,-0.09,-0.01
Weighted average shares outstanding
Basic,18,18,18,18,18,18
Diluted,18,18,18,18,18,18
EBITDA,-15,-1,-3,-1,-1,0
