﻿KALYANI STEELS LTD  (500235) CashFlowFlag INCOME STATEMENT
Fiscal year ends in March. INR in millions except per share data.,2017-03,2018-03,2019-03,2020-03,2021-03,TTM
Revenue,14223,13246,13839,11755,11664,16129
Cost of revenue,9831,10052,10706,8567,8150,11572
Gross profit,4392,3194,3134,3188,3514,4557
Operating expenses
"Sales, General and administrative",567,493,429,377,377,
Other operating expenses,1451,1010,965,1026,945,1545
Total operating expenses,2018,1503,1394,1403,1321,1545
Operating income,2375,1691,1740,1785,2193,3012
Interest Expense,74,58,27,4,38,100
Other income (expense),77,118,206,-133,392,450
Income before taxes,2377,1750,1918,1649,2547,3361
Provision for income taxes,822,597,605,308,647,863
Net income from continuing operations,1555,1153,1314,1341,1900,2498
Other,1,4,3,25,3,4
Net income,1556,1156,1317,1366,1903,2502
Net income available to common shareholders,1556,1156,1317,1366,1903,2502
Earnings per share
Basic,35.65,26.48,30.17,31.29,43.59,57.32
Diluted,35.65,26.48,30.17,31.29,43.59,57.32
Weighted average shares outstanding
Basic,44,44,44,44,44,44
Diluted,44,44,44,44,44,44
EBITDA,2972,2181,2330,2080,3027,3908
