﻿WHIRLPOOL OF INDIA LTD  (500238) Statement of  CASH FLOW
Fiscal year ends in March. INR in millions except per share data.,2017-03,2018-03,2019-03,2020-03,2021-03,TTM
Cash Flows From Operating Activities
Net income,4685,5408,6292,6668,4697,7430
Depreciation & amortization,875,1034,1143,1323,1442,1384
Stock based compensation,86,99,50,63,48,49
Change in working capital,520,12,-33,-1122,750,-5735
Inventory,-2052,786,-785,-3103,-1078,-5162
Other working capital,2572,-774,752,1981,1828,-573
Other non-cash items,-2330,-2710,-3427,-3129,-1695,-5441
Net cash provided by operating activities,3836,3842,4025,3802,5241,-2312
Cash Flows From Investing Activities
"Investments in property, plant, and equipment",-1122,-1561,-1872,-3072,-1007,-1210
"Property, plant, and equipment reductions",3,5,9,24,17,20
Purchases of investments,-1375,-3205,-1625,-17,,
Sales/Maturities of investments,,,,1377,3648,
Other investing activities,692,611,870,969,717,-3307
Net cash used for investing activities,-1800,-4151,-2619,-720,3376,-4497
Cash Flows From Financing Activities
Dividend paid,,-378,-502,-634,-634,-634
Other financing activities,-13,-86,-117,-238,-120,-165
Net cash provided by (used for) financing activities,-13,-465,-619,-872,-754,-800
Net change in cash,2022,-774,787,2210,7863,-7608
Cash at beginning of period,8501,10524,9750,10531,12742,19461
Cash at end of period,10524,9750,10537,12742,20605,11853
Free Cash Flow
Operating cash flow,3836,3842,4025,3802,5241,-2312
Capital expenditure,-1122,-1561,-1872,-3072,-1007,-1210
Free cash flow,2714,2281,2152,730,4235,-3522
