﻿JSW STEEL LTD  (500228) Statement of  CASH FLOW
Fiscal year ends in March. INR in millions except per share data.,2017-03,2018-03,2019-03,2020-03,2021-03,TTM
Cash Flows From Operating Activities
Net income,51284,76090,111680,30130,120150,285630
Depreciation & amortization,34299,33870,40410,42460,46790,49050
Investments losses (gains),-409,840,-240,-300,-160,-7300
Stock based compensation,128,280,500,370,200,500
Change in working capital,-38665,-11010,-15810,16390,12640,-99500
Inventory,-30651,-11990,-17410,7440,-3350,-112130
Other working capital,-8014,980,1600,8950,15990,12630
Other non-cash items,27023,23720,9790,38800,8270,-23190
Net cash provided by operating activities,73659,123790,146330,127850,187890,205190
Cash Flows From Investing Activities
"Investments in property, plant, and equipment",-44351,-47360,-102060,-128100,-92580,-98810
"Property, plant, and equipment reductions",453,600,440,430,510,580
"Acquisitions, net",-1471,-3610,-14270,1000,-66620,-67070
Purchases of investments,,,-86080,-82790,-8990,-45280
Sales/Maturities of investments,,,85910,8470,6120,6140
Other investing activities,-5569,5080,1580,5130,80370,78550
Net cash used for investing activities,-50938,-45290,-114480,-195860,-81190,-125890
Cash Flows From Financing Activities
Debt issued,45599,62090,89990,208140,158970,238810
Debt repayment,-58897,-72980,-62730,-111070,-75620,-94280
Preferred stock issued,500,,,,,
Common stock issued,5,490,,1070,390,580
Common stock repurchased,,-760,-1530,-1010,,
Dividend paid,-2182,-6550,-9330,-11950,-4830,-15710
Other financing activities,-6909,-64140,1130,-33290,-110010,-99580
Net cash provided by (used for) financing activities,-21884,-81850,17530,51890,-31100,29820
Effect of exchange rate changes,4,,30,-60,-30,-10
Net change in cash,842,-3350,49410,-16180,75570,109110
Cash at beginning of period,8333,9170,5820,55810,39660,21180
Cash at end of period,9175,5820,55230,39630,115230,130290
Free Cash Flow
Operating cash flow,73659,123790,146330,127850,187890,205190
Capital expenditure,-44351,-47360,-102060,-128100,-92580,-98810
Free cash flow,29308,76430,44270,-250,95310,106380
