﻿MARGO FINANCE LTD  (500206) CashFlowFlag INCOME STATEMENT
Fiscal year ends in March. INR in millions except per share data.,2017-03,2018-03,2019-03,2020-03,2021-03,TTM
Revenue,3,5,3,1,6,6
Cost of revenue,1,1,1,1,1,1
Gross profit,2,4,2,-0,4,5
Operating expenses
"Sales, General and administrative",1,1,0,1,1,
Other operating expenses,-1,1,1,1,1,2
Total operating expenses,0,2,2,2,2,2
Operating income,1,2,-0,-2,3,3
Other income (expense),2,-0,-0,2,-0,-0
Income before taxes,3,2,-0,-0,2,3
Provision for income taxes,-0,0,-0,-0,1,3
Net income from continuing operations,3,2,-0,0,2,-1
Net income,3,2,-0,0,2,-1
Net income available to common shareholders,3,2,-0,0,2,-1
Earnings per share
Basic,0.68,0.45,-0.05,0.00,0.37,-0.11
Diluted,0.68,0.45,-0.05,0.00,0.37,-0.11
Weighted average shares outstanding
Basic,5,5,5,5,5,5
Diluted,5,5,5,5,5,5
EBITDA,2,2,-0,-2,3,3
