﻿KIRLOSKAR INDUSTRIES LTD  (500243) CashFlowFlag BALANCE SHEET
Fiscal year ends in March. INR in millions except per share data.,2017-03,2018-03,2019-03,2020-03,2021-03
Assets
Current assets
Cash
Cash and cash equivalents,840,266,30,384,448
Short-term investments,,443,206,8,10466
Total cash,840,709,236,392,10914
Receivables,1977,56,3804,2926,3608
Inventories,1219,2172,2463,2364,2844
Prepaid expenses,,133,496,807,956
Other current assets,338,3096,56,66,83
Total current assets,4374,6165,7054,6556,18405
Non-current assets
"Property, plant and equipment"
"Gross property, plant and equipment",10241,11235,12492,15821,19225
Accumulated Depreciation,-4283,-4590,-5107,-5592,-6362
"Net property, plant and equipment",5957,6645,7384,10229,12863
Goodwill,,,,,0
Intangible assets,42,40,34,88,154
Deferred income taxes,,,,,1
Other long-term assets,5410,5603,9943,6214,539
Total non-current assets,11409,12288,17361,16530,13557
Total assets,15784,18453,24415,23086,31962
Liabilities and stockholders' equity
Liabilities
Current liabilities
Short-term debt,969,724,739,830,850
Capital leases,,,,11,
Accounts payable,1639,3581,4352,3756,3692
Taxes payable,,158,114,32,
Other current liabilities,489,970,75,906,1793
Total current liabilities,3097,5432,5280,5534,6336
Non-current liabilities
Long-term debt,,,410,2282,2068
Capital leases,,,,,9
Deferred taxes liabilities,820,835,954,1159,897
Minority interest,2829,2877,3204,3519,4891
Other long-term liabilities,194,45,911,266,304
Total non-current liabilities,3843,3757,5478,7227,8168
Total liabilities,6941,9189,10758,12761,14504
Stockholders' equity
Common stock,97,97,97,97,97
Additional paid-in capital,,,8,,
Retained earnings,4989,5328,5877,6452,8060
Accumulated other comprehensive income,3757,3840,7675,3776,9300
Total stockholders' equity,8843,9264,13657,10325,17458
Total liabilities and stockholders' equity,15784,18453,24415,23086,31962
