﻿KAKATIYA CEMENT SUGAR & INDUSTRIES LTD  (500234) CashFlowFlag BALANCE SHEET
Fiscal year ends in March. INR in millions except per share data.,2017-03,2018-03,2019-03,2020-03,2021-03
Assets
Current assets
Cash
Cash and cash equivalents,1181,20,16,8,10
Short-term investments,,775,282,379,
Total cash,1181,794,298,386,10
Receivables,150,118,107,124,118
Inventories,915,625,819,568,468
Prepaid expenses,,117,116,96,82
Other current assets,158,930,1439,1441,1385
Total current assets,2404,2583,2778,2616,2062
Non-current assets
"Property, plant and equipment"
"Gross property, plant and equipment",1939,593,598,602,610
Accumulated Depreciation,-1378,-44,-68,-93,-118
"Net property, plant and equipment",561,549,530,510,492
Other long-term assets,61,20,20,19,443
Total non-current assets,622,569,549,529,935
Total assets,3025,3152,3328,3145,2998
Liabilities and stockholders' equity
Liabilities
Current liabilities
Short-term debt,392,655,796,502,309
Accounts payable,57,27,28,69,59
Other current liabilities,210,133,176,279,345
Total current liabilities,658,815,999,850,714
Non-current liabilities
Long-term debt,33,1,,,
Deferred taxes liabilities,2,124,102,98,95
Deferred revenues,,3,0,,
Pensions and other benefits,,8,10,1,3
Other long-term liabilities,28,-0,-0,-0,-0
Total non-current liabilities,64,135,112,99,98
Total liabilities,722,950,1111,949,812
Stockholders' equity
Common stock,78,78,78,78,78
Additional paid-in capital,,139,139,139,139
Retained earnings,1769,1669,1654,1634,1623
Accumulated other comprehensive income,456,317,346,346,346
Total stockholders' equity,2303,2202,2217,2196,2185
Total liabilities and stockholders' equity,3025,3152,3328,3145,2998
