﻿KIRLOSKAR BROTHERS LTD  (500241) Statement of  CASH FLOW
Fiscal year ends in March. INR in millions except per share data.,2017-03,2018-03,2019-03,2020-03,2021-03,TTM
Cash Flows From Operating Activities
Net income,164,733,406,1213,1821,2003
Depreciation & amortization,649,586,638,712,680,657
Investments losses (gains),148,48,-4,-5,-27,-21
Change in working capital,-684,-449,-839,921,481,-1418
Inventory,-843,-902,-964,10,128,-882
Other working capital,159,453,125,911,353,-536
Other non-cash items,721,178,419,211,211,77
Net cash provided by operating activities,1000,1096,620,3052,3166,1298
Cash Flows From Investing Activities
"Investments in property, plant, and equipment",-445,-520,-745,-1447,-759,-721
"Property, plant, and equipment reductions",6,-1,94,73,46,
Purchases of investments,-0,-4130,-2980,-2550,-8354,-9848
Sales/Maturities of investments,,4144,2984,2105,7563,9787
Other investing activities,105,54,76,107,65,124
Net cash used for investing activities,-334,-452,-571,-1712,-1439,-658
Cash Flows From Financing Activities
Debt issued,2418,1993,3010,5115,1671,1836
Debt repayment,-2647,-2133,-2675,-3131,-4447,-1928
Dividend paid,-6,-103,-246,-434,-44,-239
Other financing activities,-344,-278,-323,-299,-334,-228
Net cash provided by (used for) financing activities,-579,-521,-234,1250,-3154,-559
Effect of exchange rate changes,-15,14,-1,-5,-7,
Net change in cash,71,136,-186,2586,-1434,81
Cash at beginning of period,603,634,770,584,3170,1493
Cash at end of period,674,770,584,3170,1735,1574
Free Cash Flow
Operating cash flow,1000,1096,620,3052,3166,1298
Capital expenditure,-445,-520,-745,-1447,-759,-721
Free cash flow,555,576,-125,1606,2407,577
