﻿K G DENIM LTD  (500239) CashFlowFlag BALANCE SHEET
Fiscal year ends in March. INR in millions except per share data.,2017-03,2018-03,2019-03,2020-03,2021-03
Assets
Current assets
Cash
Cash and cash equivalents,121,54,59,38,45
Total cash,121,54,59,38,45
Receivables,537,734,647,523,730
Inventories,1522,1660,1449,1435,1400
Prepaid expenses,,167,186,281,255
Other current assets,252,330,245,279,316
Total current assets,2433,2944,2585,2557,2746
Non-current assets
"Property, plant and equipment"
"Gross property, plant and equipment",3423,1997,2418,2497,2518
Accumulated Depreciation,-1977,-276,-446,-639,-783
"Net property, plant and equipment",1446,1720,1973,1858,1734
Other long-term assets,68,86,86,76,73
Total non-current assets,1514,1806,2059,1934,1807
Total assets,3947,4750,4644,4492,4554
Liabilities and stockholders' equity
Liabilities
Current liabilities
Short-term debt,865,1065,1261,1309,1371
Capital leases,8,6,3,9,16
Accounts payable,1345,1635,1297,1420,1337
Taxes payable,12,8,8,3,6
Other current liabilities,118,236,50,62,56
Total current liabilities,2348,2949,2619,2803,2786
Non-current liabilities
Long-term debt,326,539,687,630,833
Capital leases,2,5,4,8,3
Deferred taxes liabilities,169,159,148,62,10
Deferred revenues,,38,79,58,45
Pensions and other benefits,48,51,66,66,64
Other long-term liabilities,97,76,51,47,49
Total non-current liabilities,642,868,1035,873,1004
Total liabilities,2990,3817,3654,3676,3790
Stockholders' equity
Common stock,257,257,256,256,256
Additional paid-in capital,44,44,45,45,45
Accumulated other comprehensive income,655,632,689,515,463
Total stockholders' equity,957,933,990,816,764
Total liabilities and stockholders' equity,3947,4750,4644,4492,4554
