﻿JINDAL POLY FILMS LTD  (500227) Statement of  CASH FLOW
Fiscal year ends in March. INR in millions except per share data.,2017-03,2018-03,2019-03,2020-03,2021-03,TTM
Cash Flows From Operating Activities
Net income,3870,2850,-2414,5272,10405,12649
Depreciation & amortization,2883,2552,1039,1184,1449,1496
Investments losses (gains),-227,1452,398,-404,-254,-658
Change in working capital,185,1072,831,-1094,342,-1218
Inventory,-505,-2752,-683,-1088,-1242,-2205
Other working capital,689,3824,1514,-6,1584,987
Other non-cash items,-1214,-533,5067,-1270,-2828,-3598
Net cash provided by operating activities,5496,7393,4922,3688,9114,8672
Cash Flows From Investing Activities
"Investments in property, plant, and equipment",-4951,-6654,-4227,-4754,-2001,-3036
"Property, plant, and equipment reductions",1229,24,21,12,3,
"Acquisitions, net",,-6638,,,,
Purchases of investments,-2219,-1675,-3458,-3122,-5845,-8839
Sales/Maturities of investments,708,1567,1765,2790,4535,3740
Other investing activities,197,-114,494,924,-1126,81
Net cash used for investing activities,-5036,-13491,-5405,-4150,-4434,-8054
Cash Flows From Financing Activities
Debt issued,805,1176,,4265,500,
Debt repayment,,,,-1022,-4369,-2279
Dividend paid,-53,-92,-52,-53,-44,
Other financing activities,-1387,5934,431,-419,-1424,1906
Net cash provided by (used for) financing activities,-634,7017,379,2771,-5336,-372
Net change in cash,-173,919,-104,2310,-657,245
Cash at beginning of period,922,749,323,219,2511,863
Cash at end of period,749,1668,219,2529,1854,1108
Free Cash Flow
Operating cash flow,5496,7393,4922,3688,9114,8672
Capital expenditure,-4951,-6654,-4227,-4754,-2001,-3036
Free cash flow,545,739,695,-1066,7113,5636
