﻿INDIA LEASE DEVELOPMENT LTD  (500202) CashFlowFlag BALANCE SHEET
Fiscal year ends in March. INR in millions except per share data.,2017-03,2018-03,2019-03,2020-03,2021-03
Assets
Current assets
Cash
Cash and cash equivalents,0,2,0,0,77
Total cash,0,2,0,0,77
Receivables,33,33,33,3,3
Prepaid expenses,,76,77,2,1
Other current assets,78,2,1,27,27
Total current assets,111,113,112,32,108
Non-current assets
"Property, plant and equipment"
"Gross property, plant and equipment",25,77,77,0,0
Accumulated Depreciation,-25,-77,-76,-0,-0
"Net property, plant and equipment",0,0,0,0,0
Other long-term assets,66,62,60,93,29
Total non-current assets,66,62,60,94,29
Total assets,178,175,171,126,137
Liabilities and stockholders' equity
Liabilities
Current liabilities
Short-term debt,0,,,0,
Accounts payable,1,1,1,1,1
Taxes payable,0,0,,,
Other current liabilities,17,14,14,1,1
Total current liabilities,18,15,15,2,1
Non-current liabilities
Pensions and other benefits,,,,,1
Other long-term liabilities,79,79,79,31,28
Total non-current liabilities,79,79,79,31,30
Total liabilities,97,95,95,33,31
Stockholders' equity
Common stock,147,147,147,147,147
Additional paid-in capital,92,92,92,92,92
Retained earnings,-212,-212,-216,-204,-202
Accumulated other comprehensive income,53,53,53,58,69
Total stockholders' equity,80,80,77,93,106
Total liabilities and stockholders' equity,178,175,171,126,137
