﻿INSILCO LTD  (500211) Statement of  CASH FLOW
Fiscal year ends in March. INR in millions except per share data.,2017-03,2018-03,2019-03,2020-03,2021-03,TTM
Cash Flows From Operating Activities
Net income,16,0,-61,-103,-576,-576
Depreciation & amortization,21,19,25,28,20,6
Investments losses (gains),-12,-13,-15,-19,-11,
Change in working capital,19,22,26,176,81,41
Inventory,4,-2,-7,79,9,7
Other working capital,15,24,33,97,72,34
Other non-cash items,-8,-12,-18,-21,144,155
Net cash provided by operating activities,35,17,-43,61,-342,-373
Cash Flows From Investing Activities
"Investments in property, plant, and equipment",-24,-53,-56,-28,-0,
"Property, plant, and equipment reductions",0,1,0,1,0,0
Purchases of investments,-136,-111,-5,-105,,
Sales/Maturities of investments,162,130,84,40,334,395
Other investing activities,15,17,21,30,26,24
Net cash used for investing activities,17,-17,44,-62,360,419
Cash Flows From Financing Activities
Other financing activities,-0,-0,-3,-0,-7,-6
Net cash provided by (used for) financing activities,-0,-0,-3,-0,-7,-6
Net change in cash,52,-0,-2,-1,11,39
Cash at beginning of period,6,13,13,11,9,5
Cash at end of period,58,13,11,9,20,44
Free Cash Flow
Operating cash flow,35,17,-43,61,-342,-373
Capital expenditure,-24,-53,-56,-28,-0,
Free cash flow,12,-37,-99,33,-342,-373
