﻿ION EXCHANGE (INDIA) LTD SHS DEMATERIALISED  (500214) CashFlowFlag INCOME STATEMENT
Fiscal year ends in March. INR in millions except per share data.,2017-03,2018-03,2019-03,2020-03,2021-03,TTM
Revenue,10157,10384,11551,14587,14359,15120
Cost of revenue,6757,6896,7443,9830,9083,9312
Gross profit,3400,3488,4109,4757,5276,5809
Operating expenses
"Sales, General and administrative",571,594,636,722,696,
Other operating expenses,2081,2215,2470,2862,2726,3939
Total operating expenses,2652,2809,3105,3584,3423,3939
Operating income,747,679,1004,1173,1854,1870
Interest Expense,163,187,170,144,109,86
Other income (expense),-47,170,184,278,206,223
Income before taxes,537,662,1018,1307,1950,2006
Provision for income taxes,251,264,359,367,517,517
Other income,6,,,,,
Net income from continuing operations,292,399,659,940,1433,1490
Other,-9,3,-6,-5,6,9
Net income,283,402,653,935,1439,1499
Net income available to common shareholders,283,402,653,935,1439,1499
Earnings per share
Basic,19.94,34.46,56.42,80.10,121.41,126.43
Diluted,19.94,34.46,56.42,80.10,121.41,126.43
Weighted average shares outstanding
Basic,14,12,12,12,12,12
Diluted,14,12,12,12,12,12
EBITDA,833,980,1384,1688,2336,2368
