﻿INDIA GLYCOLS LTD  (500201) Statement of  CASH FLOW
Fiscal year ends in March. INR in millions except per share data.,2017-03,2018-03,2019-03,2020-03,2021-03,TTM
Cash Flows From Operating Activities
Net income,451,1484,2141,1743,1198,3784
Depreciation & amortization,720,731,762,830,801,807
Investments losses (gains),-1,-2,,,,
Change in working capital,659,1546,-2534,-208,-1427,-1515
Inventory,-24,702,-1992,-351,-34,1232
Other working capital,683,844,-542,144,-1393,-2747
Other non-cash items,1191,1258,1102,1067,802,-2030
Net cash provided by operating activities,3021,5017,1471,3433,1373,1046
Cash Flows From Investing Activities
"Investments in property, plant, and equipment",-425,-1295,-1392,-1550,-1489,-1742
"Property, plant, and equipment reductions",4,7,6,4,2,2
Purchases of investments,,,,-26,,
Sales/Maturities of investments,16,,,,,
Other investing activities,4,260,104,63,3,4450
Net cash used for investing activities,-401,-1028,-1281,-1509,-1483,2710
Cash Flows From Financing Activities
Debt issued,1767,2388,3719,1506,2988,2493
Debt repayment,-3049,-5042,-2057,-1776,-1566,-5024
Dividend paid,-1,-37,-149,-443,-4,
Other financing activities,-1346,-1303,-1483,-1444,-1311,-1258
Net cash provided by (used for) financing activities,-2629,-3994,30,-2157,107,-3788
Net change in cash,-9,-5,219,-233,-3,-33
Cash at beginning of period,64,55,50,270,36,94
Cash at end of period,55,50,270,36,34,61
Free Cash Flow
Operating cash flow,3021,5017,1471,3433,1373,1046
Capital expenditure,-425,-1295,-1392,-1550,-1489,-1742
Free cash flow,2596,3722,79,1883,-116,-696
