﻿KIRLOSKAR INDUSTRIES LTD  (500243) CashFlowFlag INCOME STATEMENT
Fiscal year ends in March. INR in millions except per share data.,2017-03,2018-03,2019-03,2020-03,2021-03,TTM
Revenue,11372,15861,21576,18832,19937,34352
Cost of revenue,-148,12943,15717,12997,12504,22031
Gross profit,11521,2918,5858,5835,7433,12322
Operating expenses
"Sales, General and administrative",157,305,694,718,768,
Other operating expenses,10137,2131,3381,3264,2837,5700
Total operating expenses,10294,2436,4074,3982,3605,5700
Operating income,1226,482,1784,1853,3828,6621
Interest Expense,115,114,173,184,264,226
Other income (expense),477,631,265,330,214,206
Income before taxes,1589,999,1876,1999,3777,6601
Provision for income taxes,395,220,559,493,663,1660
Other income,-0,,,,,
Net income from continuing operations,1194,780,1317,1506,3114,4941
Other,-440,-181,-477,-547,-1477,-2331
Net income,754,598,841,959,1638,2610
Net income available to common shareholders,754,598,841,959,1638,2610
Earnings per share
Basic,77.66,61.64,86.61,98.77,168.70,268.30
Diluted,77.66,61.63,86.33,98.68,163.99,260.56
Weighted average shares outstanding
Basic,10,10,10,10,10,10
Diluted,10,10,10,10,10,10
EBITDA,2173,1625,2617,2788,4835,7708
