﻿INSILCO LTD  (500211) CashFlowFlag BALANCE SHEET
Fiscal year ends in March. INR in millions except per share data.,2017-03,2018-03,2019-03,2020-03,2021-03
Assets
Current assets
Cash
Cash and cash equivalents,194,13,11,9,20
Short-term investments,286,552,478,573,249
Total cash,480,565,489,582,270
Receivables,185,179,166,3,
Inventories,97,99,106,27,5
Prepaid expenses,,10,7,20,4
Other current assets,17,16,24,10,7
Total current assets,779,869,792,642,285
Non-current assets
"Property, plant and equipment"
"Gross property, plant and equipment",976,236,289,312,300
Accumulated Depreciation,-808,-35,-58,-84,-242
"Net property, plant and equipment",168,201,230,228,59
Intangible assets,0,2,1,0,
Other long-term assets,40,26,27,20,28
Total non-current assets,208,228,259,248,86
Total assets,986,1098,1051,890,372
Liabilities and stockholders' equity
Liabilities
Current liabilities
Capital leases,,,,1,0
Accounts payable,30,58,68,18,9
Taxes payable,7,,,,
Other current liabilities,31,26,32,24,91
Total current liabilities,68,84,100,43,99
Non-current liabilities
Capital leases,,0,0,2,0
Deferred taxes liabilities,,1,,2,
Pensions and other benefits,,1,1,1,2
Other long-term liabilities,1,,,,
Total non-current liabilities,1,2,1,5,2
Total liabilities,69,85,101,48,101
Stockholders' equity
Common stock,627,627,627,627,627
Retained earnings,291,385,322,215,-357
Accumulated other comprehensive income,-1,,,,
Total stockholders' equity,917,1012,949,842,270
Total liabilities and stockholders' equity,986,1098,1051,890,372
