﻿INFOSYS LTD  (500209) CashFlowFlag BALANCE SHEET
Fiscal year ends in March. USD in millions except per share data.,2017-03,2018-03,2019-03,2020-03,2021-03
Assets
Current assets
Cash
Cash and cash equivalents,3489,3041,2829,2465,3380
Short-term investments,1538,982,958,620,325
Total cash,5027,4023,3787,3085,3705
Receivables,1900,2016,2144,2443,2639
Prepaid expenses,301,329,369,389,459
Other current assets,1054,1305,1344,1295,1504
Total current assets,8282,7673,7644,7212,8307
Non-current assets
"Property, plant and equipment"
"Gross property, plant and equipment",3130,3407,3593,4106,4583
Accumulated Depreciation,-1323,-1544,-1662,-1745,-2064
"Net property, plant and equipment",1807,1863,1931,2361,2519
Equity and other investments,995,883,670,600,1681
Goodwill,563,339,512,699,832
Intangible assets,120,38,100,251,283
Deferred income taxes,83,196,199,231,150
Other long-term assets,1004,1263,1196,906,1053
Total non-current assets,4572,4582,4608,5048,6518
Total assets,12854,12255,12252,12260,14825
Liabilities and stockholders' equity
Liabilities
Current liabilities
Capital leases,,,,82,101
Accounts payable,57,127,255,387,364
Taxes payable,788,504,442,429,591
Accrued liabilities,399,376,480,518,612
Deferred revenues,279,358,410,397,554
Other current liabilities,638,799,1106,944,1042
Total current liabilities,2161,2164,2693,2757,3264
Non-current liabilities
Capital leases,,,,530,627
Deferred taxes liabilities,32,82,98,128,120
Accrued liabilities,,4,,,78
Deferred revenues,13,12,10,9,10
Pensions and other benefits,,,4,28,44
Minority interest,,,9,55,60
Other long-term liabilities,11,33,47,107,180
Total non-current liabilities,56,131,168,857,1119
Total liabilities,2217,2295,2861,3614,4383
Stockholders' equity
Common stock,199,190,339,332,332
Other Equity,6,244,387,592,910
Additional paid-in capital,587,256,287,322,376
Retained earnings,12190,11587,11248,11014,12087
Accumulated other comprehensive income,-2345,-2317,-2870,-3614,-3263
Total stockholders' equity,10637,9960,9391,8646,10442
Total liabilities and stockholders' equity,12854,12255,12252,12260,14825
