﻿KIRLOSKAR BROTHERS LTD  (500241) CashFlowFlag INCOME STATEMENT
Fiscal year ends in March. INR in millions except per share data.,2017-03,2018-03,2019-03,2020-03,2021-03,TTM
Revenue,25263,26865,33034,30858,26843,29298
Cost of revenue,15250,16960,21101,19065,16556,18076
Gross profit,10013,9905,11933,11792,10287,11222
Operating expenses
"Sales, General and administrative",1023,1081,1242,1442,956,
Other operating expenses,8504,7898,9536,8806,7465,9832
Total operating expenses,9527,8979,10778,10248,8421,9832
Operating income,486,926,1155,1545,1866,1390
Interest Expense,347,272,338,344,315,214
Other income (expense),25,79,-412,13,269,301
Income before taxes,164,733,406,1213,1821,1478
Provision for income taxes,182,268,458,531,282,352
Other income,53,35,83,36,68,100
Net income from continuing operations,36,500,31,719,1607,1226
Other,3,-6,4,0,3,0
Net income,38,494,35,719,1611,1227
Net income available to common shareholders,38,494,35,719,1611,1227
Earnings per share
Basic,0.48,6.22,0.44,9.05,20.29,15.45
Diluted,0.48,6.22,0.44,9.05,20.29,15.45
Weighted average shares outstanding
Basic,79,79,79,79,79,79
Diluted,79,79,79,79,79,79
EBITDA,1160,1591,1382,2270,2815,2380
