﻿INFOSYS LTD  (500209) Statement of  CASH FLOW
Fiscal year ends in March. USD in millions except per share data.,2017-03,2018-03,2019-03,2020-03,2021-03,TTM
Cash Flows From Operating Activities
Net income,2140,2486,2200,2338,2623,2912
Depreciation & amortization,254,289,287,407,441,462
Investment/asset impairment charges,20,5,65,,,
Investments losses (gains),-51,,,,,
Deferred income taxes,834,657,803,757,973,1078
Stock based compensation,,13,29,34,45,51
Change in working capital,-290,-17,-85,-272,86,-140
Accounts receivable,-260,-237,,,,
Prepaid expenses,-69,-57,-122,68,-90,-253
Accounts payable,-3,51,131,-52,-33,172
Other working capital,42,226,-94,-288,209,-59
Other non-cash items,-808,-1176,-1037,-653,-910,-1010
Net cash provided by operating activities,2099,2257,2262,2611,3258,3353
Cash Flows From Investing Activities
"Investments in property, plant, and equipment",-411,-310,-349,-465,-285,-260
"Acquisitions, net",-5,-9,-110,-253,-186,-8
Purchases of investments,-8735,-9697,-11747,-5426,-6311,-8227
Sales/Maturities of investments,6625,10447,11940,5821,5610,7574
Other investing activities,-21,51,41,81,43,70
Net cash used for investing activities,-2547,482,-225,-242,-1129,-851
Cash Flows From Financing Activities
Debt repayment,,,,-80,-94,-108
Common stock repurchased,,-2042,-118,-1070,,-1503
Dividend paid,-1032,-1156,-1956,-1359,-1226,-1703
Other financing activities,,1,1,-4,3,16
Net cash provided by (used for) financing activities,-1032,-3197,-2073,-2513,-1317,-3298
Effect of exchange rate changes,34,18,-184,-220,103,-81
Net change in cash,-1446,-440,-220,-364,915,-877
Cash at beginning of period,4935,3489,3049,2829,2465,3022
Cash at end of period,3489,3049,2829,2465,3380,2145
Free Cash Flow
Operating cash flow,2099,2257,2262,2611,3258,3353
Capital expenditure,-411,-310,-349,-465,-285,-260
Free cash flow,1688,1947,1913,2146,2973,3093
