﻿AGRO TECH FOODS LTD  (500215) CashFlowFlag INCOME STATEMENT
Fiscal year ends in March. INR in millions except per share data.,2018-03,2019-03,2020-03,2021-03,2022-03,TTM
Revenue,8099,8232,8347,8922,9155,9155
Cost of revenue,5414,5649,5742,6251,6369,6369
Gross profit,2684,2583,2606,2670,2785,2785
Operating expenses
"Sales, General and administrative",864,721,820,774,217,217
Other operating expenses,1338,1383,1393,1416,2237,2237
Total operating expenses,2202,2105,2212,2190,2455,2455
Operating income,483,478,393,480,330,330
Interest Expense,3,1,18,18,24,24
Other income (expense),8,34,31,-34,44,44
Income before taxes,488,511,406,428,350,350
Provision for income taxes,172,169,68,116,92,92
Net income from continuing operations,316,343,338,313,258,258
Net income,316,343,338,313,258,258
Net income available to common shareholders,316,343,338,313,258,258
Earnings per share
Basic,13.56,14.63,14.35,13.21,10.87,10.87
Diluted,13.56,14.61,14.35,13.17,10.81,10.81
Weighted average shares outstanding
Basic,23,23,24,24,24,24
Diluted,23,23,24,24,24,24
EBITDA,670,685,618,632,584,584
