﻿AGRO TECH FOODS LTD  (500215) CashFlowFlag BALANCE SHEET
Fiscal year ends in March. INR in millions except per share data.,2018-03,2019-03,2020-03,2021-03,2022-03
Assets
Current assets
Cash
Cash and cash equivalents,86,44,51,117,54
Short-term investments,219,351,139,60,10
Total cash,305,395,190,177,65
Receivables,500,810,749,372,794
Inventories,945,840,780,1225,1619
Prepaid expenses,149,156,232,254,
Other current assets,20,150,126,125,258
Total current assets,1919,2351,2076,2153,2735
Non-current assets
"Property, plant and equipment"
"Gross property, plant and equipment",2127,2099,3041,3567,2971
Accumulated Depreciation,-283,-387,-555,-710,
"Net property, plant and equipment",1844,1712,2486,2857,2971
Intangible assets,240,214,192,172,152
Deferred income taxes,,18,23,24,26
Other long-term assets,350,400,294,252,302
Total non-current assets,2435,2344,2996,3306,3452
Total assets,4354,4695,5072,5458,6187
Liabilities and stockholders' equity
Liabilities
Current liabilities
Short-term debt,,,9,,385
Capital leases,,,17,20,14
Accounts payable,647,635,483,620,694
Deferred income taxes,,,,20,
Taxes payable,5,5,,2,2
Other current liabilities,160,142,181,179,213
Total current liabilities,812,782,690,842,1308
Non-current liabilities
Long-term debt,,,38,,
Capital leases,,,145,124,100
Deferred taxes liabilities,128,132,92,110,134
Pensions and other benefits,16,17,21,21,
Other long-term liabilities,,,,,23
Total non-current liabilities,145,149,295,256,257
Total liabilities,957,931,985,1098,1566
Stockholders' equity
Common stock,244,244,244,244,244
Additional paid-in capital,,721,721,721,
Retained earnings,2633,2905,3168,3419,
Treasury stock,-513,-437,-367,-346,
Accumulated other comprehensive income,1033,331,321,322,4377
Total stockholders' equity,3397,3764,4087,4360,4621
Total liabilities and stockholders' equity,4354,4695,5072,5458,6187
