﻿MARGO FINANCE LTD  (500206) Statement of  CASH FLOW
Fiscal year ends in March. INR in millions except per share data.,2017-03,2018-03,2019-03,2020-03,2021-03,TTM
Cash Flows From Operating Activities
Net income,3,2,-0,-0,2,4
Depreciation & amortization,0,0,0,0,0,0
Investments losses (gains),-2,,,,,
Change in working capital,6,-3,0,2,-2,-4
Other working capital,6,-3,0,2,-2,-4
Other non-cash items,-2,-0,0,-0,-1,-2
Net cash provided by operating activities,6,-1,0,2,-1,-1
Cash Flows From Investing Activities
"Investments in property, plant, and equipment",-0,-0,-0,-0,-0,
Other investing activities,-5,,,,,-0
Net cash used for investing activities,-5,-0,-0,-0,-0,-0
Cash Flows From Financing Activities
Other financing activities,-0,0,-0,-0,-0,
Net cash provided by (used for) financing activities,-0,0,-0,-0,-0,
Net change in cash,0,-1,-0,2,-1,-2
Cash at beginning of period,1,1,0,0,2,4
Cash at end of period,1,0,0,2,1,2
Free Cash Flow
Operating cash flow,6,-1,0,2,-1,-1
Capital expenditure,-0,-0,-0,-0,-0,
Free cash flow,6,-1,0,2,-1,-2
