﻿ION EXCHANGE (INDIA) LTD SHS DEMATERIALISED  (500214) CashFlowFlag BALANCE SHEET
Fiscal year ends in March. INR in millions except per share data.,2017-03,2018-03,2019-03,2020-03,2021-03
Assets
Current assets
Cash
Cash and cash equivalents,1164,672,452,425,562
Short-term investments,17,524,874,1049,2444
Total cash,1181,1197,1325,1473,3007
Receivables,4405,4371,4242,5019,4490
Inventories,1109,1012,1298,1345,1276
Prepaid expenses,504,356,653,808,853
Other current assets,636,1685,1870,2647,2305
Total current assets,7835,8620,9387,11293,11930
Non-current assets
"Property, plant and equipment"
"Gross property, plant and equipment",2869,1737,2046,2523,2776
Accumulated Depreciation,-1429,-236,-416,-571,-841
"Net property, plant and equipment",1440,1502,1629,1952,1935
Goodwill,,,86,86,86
Intangible assets,13,13,14,16,22
Deferred income taxes,9,12,10,15,53
Other long-term assets,748,506,525,459,406
Total non-current assets,2210,2032,2265,2529,2503
Total assets,10045,10652,11652,13822,14433
Liabilities and stockholders' equity
Liabilities
Current liabilities
Short-term debt,698,1314,835,967,434
Capital leases,37,,,97,61
Accounts payable,3960,3639,4151,4800,5353
Deferred income taxes,,119,154,171,258
Other current liabilities,2724,2972,3383,3576,2882
Total current liabilities,7418,8044,8523,9611,8988
Non-current liabilities
Long-term debt,263,284,198,188,80
Capital leases,36,50,63,106,48
Deferred taxes liabilities,41,20,11,5,
Minority interest,63,28,22,20,-1
Other long-term liabilities,244,225,235,262,260
Total non-current liabilities,647,607,529,580,387
Total liabilities,8066,8651,9052,10191,9375
Stockholders' equity
Common stock,142,142,142,142,142
Additional paid-in capital,833,833,833,833,833
Retained earnings,664,998,1591,2590,4027
Treasury stock,,-300,-300,-281,-281
Accumulated other comprehensive income,339,327,334,346,337
Total stockholders' equity,1979,2001,2600,3631,5058
Total liabilities and stockholders' equity,10045,10652,11652,13822,14433
