﻿UMANG DAIRIES LTD  (500231) Statement of  CASH FLOW
Fiscal year ends in March. INR in millions except per share data.,2017-03,2018-03,2019-03,2020-03,2021-03,TTM
Cash Flows From Operating Activities
Net income,26,61,65,41,61,-101
Depreciation & amortization,32,36,36,43,48,50
Investments losses (gains),-0,,,,,
Change in working capital,32,-171,133,-109,-15,-78
Inventory,-44,20,57,-348,20,-55
Other working capital,77,-192,76,239,-34,-23
Other non-cash items,-17,22,26,54,21,31
Net cash provided by operating activities,72,-53,261,29,115,-98
Cash Flows From Investing Activities
"Investments in property, plant, and equipment",-74,-70,-70,-55,-44,-34
"Property, plant, and equipment reductions",4,0,1,0,3,2
Other investing activities,-2,2,5,3,-0,-0
Net cash used for investing activities,-73,-68,-64,-51,-41,-33
Cash Flows From Financing Activities
Debt issued,23,51,24,29,,
Debt repayment,-51,-50,-39,-39,-24,-20
Preferred stock repaid,-21,,-15,,,
Dividend paid,-26,,-7,-13,-11,-11
Other financing activities,77,120,-161,83,-76,188
Net cash provided by (used for) financing activities,2,121,-198,61,-111,157
Net change in cash,2,-1,-1,39,-37,27
Cash at beginning of period,7,4,4,3,42,33
Cash at end of period,8,4,3,42,5,60
Free Cash Flow
Operating cash flow,72,-53,261,29,115,-98
Capital expenditure,-74,-70,-70,-55,-44,-34
Free cash flow,-2,-123,191,-26,72,-132
