﻿KAJARIA CERAMICS LTD  (500233) CashFlowFlag INCOME STATEMENT
Fiscal year ends in March. INR in millions except per share data.,2017-03,2018-03,2019-03,2020-03,2021-03,TTM
Revenue,25469,27488,29562,28080,27809,35560
Cost of revenue,10083,11488,12386,11892,13205,15600
Gross profit,15386,16000,17176,16188,14604,19960
Operating expenses
Research and development,109,168,182,183,116,
"Sales, General and administrative",1109,1296,1182,1111,692,
Other operating expenses,9982,10846,12152,11802,9707,14627
Total operating expenses,11200,12310,13516,13097,10514,14627
Operating income,4186,3690,3660,3091,4090,5332
Interest Expense,326,229,148,173,101,108
Other income (expense),104,93,68,206,138,205
Income before taxes,3963,3553,3580,3124,4127,5430
Provision for income taxes,1425,1267,1293,589,1038,1263
Net income from continuing operations,2538,2286,2288,2535,3089,4167
Other,-10,64,-22,18,-8,-84
Net income,2528,2350,2266,2553,3080,4083
Net income available to common shareholders,2528,2350,2266,2553,3080,4083
Earnings per share
Basic,15.86,14.78,14.25,16.06,19.37,25.68
Diluted,15.82,14.75,14.25,16.06,19.37,25.66
Weighted average shares outstanding
Basic,159,159,159,159,159,159
Diluted,159,159,159,159,159,159
EBITDA,5103,4668,4619,4378,5295,6630
