﻿KAJARIA CERAMICS LTD  (500233) CashFlowFlag BALANCE SHEET
Fiscal year ends in March. INR in millions except per share data.,2017-03,2018-03,2019-03,2020-03,2021-03
Assets
Current assets
Cash
Cash and cash equivalents,498,797,221,161,248
Short-term investments,36,61,1682,2089,3671
Total cash,535,858,1903,2250,3920
Receivables,3389,4507,4750,3967,4317
Inventories,3720,3785,4058,5127,3731
Prepaid expenses,231,,280,352,228
Other current assets,362,364,721,180,732
Total current assets,8238,9513,11712,11876,12927
Non-current assets
"Property, plant and equipment"
"Gross property, plant and equipment",16522,16927,17522,18860,19320
Accumulated Depreciation,-4813,-5440,-5917,-6759,-7359
"Net property, plant and equipment",11710,11487,11605,12102,11961
Goodwill,105,115,84,84,84
Intangible assets,41,26,23,28,28
Deferred income taxes,,,14,15,13
Other long-term assets,308,263,294,282,253
Total non-current assets,12164,11890,12020,12510,12339
Total assets,20401,21403,23732,24386,25266
Liabilities and stockholders' equity
Liabilities
Current liabilities
Short-term debt,977,1109,889,1066,675
Capital leases,,,,145,118
Accounts payable,1733,2578,3091,2393,2072
Taxes payable,102,68,46,0,78
Other current liabilities,2714,1732,1840,1563,1652
Total current liabilities,5526,5487,5866,5168,4596
Non-current liabilities
Long-term debt,1155,594,314,215,313
Capital leases,,,,234,154
Deferred taxes liabilities,1106,1098,1073,730,687
Deferred revenues,,,26,20,15
Pensions and other benefits,103,52,45,,166
Minority interest,760,661,659,637,646
Other long-term liabilities,,-2,,238,
Total non-current liabilities,3124,2404,2118,2075,1982
Total liabilities,8650,7891,7983,7243,6577
Stockholders' equity
Common stock,159,159,159,159,159
Additional paid-in capital,1681,1687,1687,1691,1766
Retained earnings,6681,8689,10438,11823,13310
Accumulated other comprehensive income,3231,2976,3465,3469,3454
Total stockholders' equity,11751,13512,15749,17143,18689
Total liabilities and stockholders' equity,20401,21403,23732,24386,25266
