﻿KINETIC ENGINEERING LTD  (500240) CashFlowFlag INCOME STATEMENT
Fiscal year ends in March. INR in millions except per share data.,2017-03,2018-03,2019-03,2020-03,2021-03,TTM
Revenue,795,1006,1145,1127,826,1191
Cost of revenue,463,581,738,632,435,623
Gross profit,332,425,407,495,391,568
Operating expenses
"Sales, General and administrative",9,25,25,17,13,
Other operating expenses,443,454,481,545,407,507
Total operating expenses,451,479,507,562,420,507
Operating income,-119,-53,-100,-67,-29,61
Interest Expense,32,48,57,64,63,65
Other income (expense),9,24,76,40,30,26
Income before taxes,-142,-78,-82,-91,-62,22
Net income from continuing operations,-142,-78,-82,-91,-62,22
Net income,-142,-78,-82,-91,-62,22
Preferred dividend,18,,,,,
Net income available to common shareholders,-160,-78,-82,-91,-62,22
Earnings per share
Basic,-9.67,-4.39,-4.61,-5.15,-3.52,1.20
Diluted,-9.67,-4.39,-4.61,-5.15,-3.52,1.20
Weighted average shares outstanding
Basic,17,18,18,18,18,17
Diluted,17,18,18,18,18,17
EBITDA,-28,50,49,45,68,152
