﻿WHIRLPOOL OF INDIA LTD  (500238) CashFlowFlag BALANCE SHEET
Fiscal year ends in March. INR in millions except per share data.,2017-03,2018-03,2019-03,2020-03,2021-03
Assets
Current assets
Cash
Cash and cash equivalents,10524,9748,10531,12742,20605
Short-term investments,48,,1383,3783,139
Total cash,10572,9748,11914,16525,20743
Receivables,2049,2403,2556,2816,3790
Inventories,8888,8101,8886,11989,12738
Prepaid expenses,351,141,383,498,1482
Other current assets,473,1090,898,990,709
Total current assets,22332,21484,24637,32817,39462
Non-current assets
"Property, plant and equipment"
"Gross property, plant and equipment",5834,7344,9067,11975,13099
Accumulated Depreciation,-1619,-2619,-3601,-4500,-5720
"Net property, plant and equipment",4215,4725,5465,7476,7379
Intangible assets,58,65,50,54,104
Deferred income taxes,159,279,344,375,417
Prepaid pension benefit,,,,18,122
Other long-term assets,1996,5706,6621,2863,3001
Total non-current assets,6429,10774,12480,10786,11022
Total assets,28761,32258,37118,43603,50484
Liabilities and stockholders' equity
Liabilities
Current liabilities
Accounts payable,11208,11530,12362,14292,16571
Taxes payable,,412,569,411,640
Other current liabilities,1331,716,744,974,1715
Total current liabilities,12539,12658,13675,15677,18925
Non-current liabilities
Deferred revenues,68,62,56,51,45
Other long-term liabilities,1324,1574,1933,2240,2931
Total non-current liabilities,1392,1636,1989,2291,2976
Total liabilities,13931,14295,15664,17968,21901
Stockholders' equity
Common stock,1269,1269,1269,1269,1269
Additional paid-in capital,1650,1650,1650,1650,1650
Retained earnings,11597,14617,18051,22165,25060
Accumulated other comprehensive income,315,427,484,551,604
Total stockholders' equity,14831,17963,21454,25635,28583
Total liabilities and stockholders' equity,28761,32258,37118,43603,50484
