﻿JASCH INDUSTRIES LTD  (500220) Statement of  CASH FLOW
Fiscal year ends in March. INR in millions except per share data.,2017-03,2018-03,2019-03,2020-03,2021-03,TTM
Cash Flows From Operating Activities
Net income,84,81,80,36,156,228
Depreciation & amortization,34,34,40,32,29,28
Investments losses (gains),,-2,-1,9,,
Deferred income taxes,,,21,17,,
Change in working capital,11,-49,6,69,-170,-166
Inventory,-41,-101,23,76,-21,-69
Other working capital,52,52,-17,-8,-149,-97
Other non-cash items,8,-6,-11,2,-43,-90
Net cash provided by operating activities,137,58,135,164,-28,0
Cash Flows From Investing Activities
"Investments in property, plant, and equipment",-33,-84,-77,-28,-19,-32
"Property, plant, and equipment reductions",0,15,4,3,1,2
"Acquisitions, net",,,,40,,
Purchases of investments,,-34,-5,-20,,
Sales/Maturities of investments,,,1,19,31,
Other investing activities,,8,7,15,9,7
Net cash used for investing activities,-33,-96,-71,30,21,-24
Cash Flows From Financing Activities
Debt issued,43,60,17,7,15,11
Debt repayment,-23,-38,-14,-252,-13,-15
Other financing activities,-27,-25,-3,-24,-6,-5
Net cash provided by (used for) financing activities,-7,-3,-0,-270,-4,-9
Net change in cash,97,-41,64,-76,-11,-33
Cash at beginning of period,60,155,102,166,35,164
Cash at end of period,157,114,166,90,24,131
Free Cash Flow
Operating cash flow,137,58,135,164,-28,0
Capital expenditure,-33,-84,-77,-28,-19,-32
Free cash flow,104,-26,58,137,-47,-32
