﻿KIRLOSKAR BROTHERS LTD  (500241) CashFlowFlag BALANCE SHEET
Fiscal year ends in March. INR in millions except per share data.,2017-03,2018-03,2019-03,2020-03,2021-03
Assets
Current assets
Cash
Cash and cash equivalents,674,770,584,3170,1735
Short-term investments,86,112,122,454,1269
Total cash,761,882,705,3623,3004
Receivables,5316,8703,9219,7049,6283
Inventories,4307,5202,6167,6157,6028
Prepaid expenses,,773,1448,1779,1865
Other current assets,5626,2615,1816,1673,1480
Total current assets,16008,18176,19355,20281,18660
Non-current assets
"Property, plant and equipment"
"Gross property, plant and equipment",9532,9896,10666,11931,12543
Accumulated Depreciation,-5063,-5502,-6082,-6645,-7228
"Net property, plant and equipment",4470,4395,4584,5286,5315
Goodwill,177,176,141,142,141
Intangible assets,171,143,64,68,54
Deferred income taxes,325,348,455,320,472
Other long-term assets,3542,2309,2060,2381,2504
Total non-current assets,8684,7370,7303,8198,8486
Total assets,24692,25546,26659,28479,27146
Liabilities and stockholders' equity
Liabilities
Current liabilities
Short-term debt,3050,2642,3175,4611,2165
Capital leases,,,,304,224
Accounts payable,5497,7285,8303,7018,7118
Other current liabilities,5252,4599,4739,5096,5079
Total current liabilities,13799,14526,16217,17029,14586
Non-current liabilities
Long-term debt,502,821,622,1170,840
Capital leases,,,,202,81
Deferred taxes liabilities,91,,,,
Deferred revenues,,175,165,172,150
Minority interest,29,35,29,29,25
Other long-term liabilities,1290,565,532,446,416
Total non-current liabilities,1912,1595,1349,2019,1513
Total liabilities,15712,16121,17566,19048,16099
Stockholders' equity
Common stock,159,159,159,159,159
Additional paid-in capital,,424,424,424,424
Retained earnings,,2381,1949,2231,3826
Accumulated other comprehensive income,8822,6462,6561,6617,6638
Total stockholders' equity,8981,9425,9093,9431,11047
Total liabilities and stockholders' equity,24692,25546,26659,28479,27146
