﻿KAKATIYA CEMENT SUGAR & INDUSTRIES LTD  (500234) Statement of  CASH FLOW
Fiscal year ends in March. INR in millions except per share data.,2017-03,2018-03,2019-03,2020-03,2021-03,TTM
Cash Flows From Operating Activities
Net income,451,148,37,-2,91,214
Depreciation & amortization,24,22,24,24,25,24
Investments losses (gains),,0,0,0,-0,-0
Change in working capital,-82,126,-217,408,134,-37
Inventory,212,285,-195,251,101,38
Other working capital,-294,-159,-22,157,33,-74
Other non-cash items,-154,-147,-109,-161,-120,-125
Net cash provided by operating activities,238,149,-265,270,130,76
Cash Flows From Investing Activities
"Investments in property, plant, and equipment",-5,-10,-11,-4,-8,-7
"Property, plant, and equipment reductions",0,0,,,,
Other investing activities,108,106,160,74,119,159
Net cash used for investing activities,103,95,149,70,110,153
Cash Flows From Financing Activities
Debt issued,151,263,160,,,
Debt repayment,,-21,-21,-320,-215,-178
Dividend paid,-21,-25,-28,-28,-23,
Other financing activities,,,,,,-23
Net cash provided by (used for) financing activities,130,217,112,-348,-238,-201
Net change in cash,471,462,-4,-8,2,28
Cash at beginning of period,710,1166,20,16,8,5
Cash at end of period,1181,1628,16,8,10,33
Free Cash Flow
Operating cash flow,238,149,-265,270,130,76
Capital expenditure,-5,-10,-11,-4,-8,-7
Free cash flow,233,139,-275,266,122,70
