﻿KALYANI STEELS LTD  (500235) Statement of  CASH FLOW
Fiscal year ends in March. INR in millions except per share data.,2017-03,2018-03,2019-03,2020-03,2021-03,TTM
Cash Flows From Operating Activities
Net income,2377,1750,1918,1649,2547,3591
Depreciation & amortization,521,372,384,427,442,440
Investments losses (gains),-29,-72,-74,-50,-31,-4
Change in working capital,-536,516,1310,842,-1426,153
Inventory,-257,231,-428,285,70,-402
Other working capital,-280,285,1738,558,-1496,555
Other non-cash items,-820,-647,-681,-468,-977,-1266
Net cash provided by operating activities,1512,1920,2858,2400,554,2915
Cash Flows From Investing Activities
"Investments in property, plant, and equipment",-18,-328,-220,-182,-160,-844
"Property, plant, and equipment reductions",0,1,0,0,0,
Purchases of investments,-347,-525,,,,
Other investing activities,-7,78,-775,-1497,-2031,-3292
Net cash used for investing activities,-371,-774,-995,-1680,-2191,-4136
Cash Flows From Financing Activities
Debt issued,,,,,1686,1742
Debt repayment,-883,-694,-1503,-179,,
Dividend paid,-0,-263,-263,-526,,
Other financing activities,-99,-94,-48,-77,-82,-436
Net cash provided by (used for) financing activities,-982,-1051,-1814,-783,1603,1306
Net change in cash,159,95,49,-62,-34,84
Cash at beginning of period,95,235,330,209,147,35
Cash at end of period,254,330,379,147,113,120
Free Cash Flow
Operating cash flow,1512,1920,2858,2400,554,2915
Capital expenditure,-18,-328,-220,-182,-160,-844
Free cash flow,1494,1591,2638,2217,394,2071
