﻿JSW STEEL LTD  (500228) CashFlowFlag INCOME STATEMENT
Fiscal year ends in March. INR in millions except per share data.,2017-03,2018-03,2019-03,2020-03,2021-03,TTM
Revenue,546282,688130,824990,711160,780590,1242590
Cost of revenue,309870,420580,475870,431620,427880,647780
Gross profit,236412,267550,349120,279540,352710,594810
Operating expenses
"Sales, General and administrative",24387,23230,41730,40900,43620,
Other operating expenses,117645,127360,152650,153760,155120,267220
Total operating expenses,142032,150590,194380,194660,198740,267220
Operating income,94380,116960,154740,84880,153970,327590
Interest Expense,34976,34510,35450,39160,37980,40580
Other income (expense),-8120,-6360,-7610,-15590,4160,22420
Income before taxes,51284,76090,111680,30130,120150,309430
Provision for income taxes,16743,15380,36440,-9060,41420,91570
Net income from continuing operations,34540,60710,75240,39190,78730,217860
Extraordinary items,132,420,,,,
Other,823,1850,1150,1110,380,-1570
Net income,35231,62140,76390,40300,79110,216290
Net income available to common shareholders,35231,62140,76390,40300,79110,216290
Earnings per share
Basic,14.66,25.85,31.77,16.78,32.91,89.93
Diluted,14.58,25.71,31.60,16.67,32.73,89.48
Weighted average shares outstanding
Basic,2403,2404,2405,2402,2404,2405
Diluted,2417,2417,2417,2417,2417,2417
EBITDA,120559,144470,187540,111750,204920,404400
