﻿JCT LTD  (500223) CashFlowFlag INCOME STATEMENT
Fiscal year ends in March. INR in millions except per share data.,2017-03,2018-03,2019-03,2020-03,2021-03,TTM
Revenue,8076,7435,7691,6606,6309,7471
Cost of revenue,5874,5779,6163,5492,4775,6004
Gross profit,2202,1656,1528,1114,1534,1467
Operating expenses
"Sales, General and administrative",95,216,198,179,159,
Other operating expenses,2045,1537,1215,1098,829,1188
Total operating expenses,2140,1753,1413,1277,987,1188
Operating income,62,-97,115,-163,547,279
Interest Expense,329,314,748,382,418,491
Other income (expense),22,52,-9,99,19,84
Income before taxes,-246,-359,-642,-446,147,-128
Provision for income taxes,0,2,-0,,,
Net income from continuing operations,-246,-360,-642,-446,147,-128
Net income from discontinuing ops,55,,,,,
Net income,-191,-360,-642,-446,147,-128
Net income available to common shareholders,-191,-360,-642,-446,147,-128
Earnings per share
Basic,-0.32,-0.60,-1.05,-0.53,0.18,-0.14
Diluted,-0.32,-0.60,-1.05,-0.53,0.17,-0.15
Weighted average shares outstanding
Basic,597,598,614,838,838,885
Diluted,597,598,650,838,868,915
EBITDA,392,261,332,86,711,511
