﻿K G DENIM LTD  (500239) CashFlowFlag INCOME STATEMENT
Fiscal year ends in March. INR in millions except per share data.,2017-03,2018-03,2019-03,2020-03,2021-03,TTM
Revenue,6686,6864,6919,4734,3992,5601
Cost of revenue,5197,5731,5645,4020,3343,4517
Gross profit,1488,1133,1274,713,649,1084
Operating expenses
"Sales, General and administrative",291,342,301,240,207,
Other operating expenses,582,569,583,503,336,937
Total operating expenses,873,911,884,744,543,937
Operating income,615,222,390,-30,106,147
Interest Expense,214,200,215,205,203,229
Other income (expense),-21,-5,-51,-16,-22,-7
Income before taxes,380,17,124,-252,-118,-90
Provision for income taxes,153,8,39,-88,-52,-43
Net income from continuing operations,227,9,85,-164,-66,-47
Net income,227,9,85,-164,-66,-47
Net income available to common shareholders,227,9,85,-164,-66,-47
Earnings per share
Basic,8.86,0.36,3.32,-6.40,-2.57,-1.84
Diluted,8.86,0.36,3.32,-6.40,-2.57,-1.84
Weighted average shares outstanding
Basic,26,26,26,26,26,26
Diluted,26,26,26,26,26,26
EBITDA,739,362,509,146,240,302
