﻿KINETIC ENGINEERING LTD  (500240) Statement of  CASH FLOW
Fiscal year ends in March. INR in millions except per share data.,2017-03,2018-03,2019-03,2020-03,2021-03,TTM
Cash Flows From Operating Activities
Net income,-142,-75,-88,-94,-61,14
Depreciation & amortization,81,79,73,72,68,67
Investments losses (gains),-0,-0,-13,-2,-3,
Change in working capital,67,43,1,52,-49,-94
Inventory,-23,-26,-80,13,-1,-48
Other working capital,89,69,80,39,-47,-46
Other non-cash items,25,30,35,37,52,42
Net cash provided by operating activities,31,76,9,65,7,29
Cash Flows From Investing Activities
"Investments in property, plant, and equipment",-58,-58,-25,-19,-19,-32
"Property, plant, and equipment reductions",74,,13,,1,
Sales/Maturities of investments,,,6,12,,
Other investing activities,1,5,2,1,1,1
Net cash used for investing activities,16,-52,-5,-6,-17,-31
Cash Flows From Financing Activities
Debt issued,14,20,81,13,56,63
Debt repayment,-37,-17,-18,-21,-9,
Other financing activities,-13,-38,-70,-48,-42,-64
Net cash provided by (used for) financing activities,-37,-35,-6,-56,5,-1
Net change in cash,11,-11,-2,4,-6,-2
Cash at beginning of period,5,16,5,3,7,2
Cash at end of period,16,5,3,7,1,-0
Free Cash Flow
Operating cash flow,31,76,9,65,7,29
Capital expenditure,-58,-58,-25,-19,-19,-32
Free cash flow,-27,19,-16,47,-12,-3
