﻿INSILCO LTD  (500211) CashFlowFlag INCOME STATEMENT
Fiscal year ends in March. INR in millions except per share data.,2017-03,2018-03,2019-03,2020-03,2021-03,TTM
Revenue,870,866,951,577,,-11
Cost of revenue,390,392,434,320,8,-2
Gross profit,480,474,517,257,-8,-9
Operating expenses
"Sales, General and administrative",93,102,101,86,21,53
Other operating expenses,396,404,507,321,429,251
Total operating expenses,488,506,608,407,450,303
Operating income,-9,-33,-91,-149,-458,-313
Interest Expense,0,0,3,0,6,1
Other income (expense),25,33,33,47,-112,14
Income before taxes,16,0,-61,-103,-576,-299
Provision for income taxes,7,-3,-1,2,1,3
Net income from continuing operations,10,4,-60,-105,-577,-303
Net income,10,4,-60,-105,-577,-303
Net income available to common shareholders,10,4,-60,-105,-577,-303
Earnings per share
Basic,0.16,0.06,-0.96,-1.67,-9.20,-4.82
Diluted,0.16,0.06,-0.96,-1.67,-9.20,-4.82
Weighted average shares outstanding
Basic,63,63,63,63,63,63
Diluted,63,63,63,63,63,63
EBITDA,37,20,-33,-74,-550,-298
