﻿JASCH INDUSTRIES LTD  (500220) CashFlowFlag INCOME STATEMENT
Fiscal year ends in March. INR in millions except per share data.,2017-03,2018-03,2019-03,2020-03,2021-03,TTM
Revenue,1167,1528,1779,1326,1342,2014
Cost of revenue,706,1152,1377,987,976,1463
Gross profit,461,376,403,340,366,551
Operating expenses
"Sales, General and administrative",67,57,49,37,35,
Other operating expenses,288,222,232,195,179,307
Total operating expenses,354,279,281,231,214,307
Operating income,107,97,122,108,152,244
Interest Expense,23,23,23,22,5,4
Other income (expense),0,-2,2,-34,9,13
Income before taxes,84,72,101,52,156,253
Provision for income taxes,26,28,21,17,43,66
Other income,,0,,,,
Net income from continuing operations,59,44,80,36,114,188
Net income,59,44,80,36,114,188
Net income available to common shareholders,59,44,80,36,114,188
Earnings per share
Basic,5.18,3.87,7.04,3.14,10.02,16.56
Diluted,5.18,3.87,7.04,3.14,10.02,16.56
Weighted average shares outstanding
Basic,11,11,11,11,11,11
Diluted,11,11,11,11,11,11
EBITDA,141,130,164,107,189,286
