﻿INDIA LEASE DEVELOPMENT LTD  (500202) Statement of  CASH FLOW
Fiscal year ends in March. INR in millions except per share data.,2017-03,2018-03,2019-03,2020-03,2021-03,TTM
Cash Flows From Operating Activities
Net income,-1,0,-2,13,-0,0
Depreciation & amortization,0,0,0,0,0,0
Investments losses (gains),-0,-2,,,,
Change in working capital,2,-2,2,-2,1,-1
Other working capital,2,-2,2,-2,1,-1
Other non-cash items,-8,-7,-9,-20,-7,-8
Net cash provided by operating activities,-7,-11,-8,-9,-6,-9
Cash Flows From Investing Activities
"Investments in property, plant, and equipment",,-0,-0,,-0,
"Property, plant, and equipment reductions",,,0,,,
Sales/Maturities of investments,0,,,,,
Other investing activities,5,12,7,6,6,-69
Net cash used for investing activities,5,12,7,6,6,-69
Cash Flows From Financing Activities
Other financing activities,,,,2,76,
Net cash provided by (used for) financing activities,,,,2,76,
Net change in cash,-1,2,-2,-0,77,-78
Cash at beginning of period,2,0,2,0,0,2
Cash at end of period,0,2,0,0,77,-76
Free Cash Flow
Operating cash flow,-7,-11,-8,-9,-6,-9
Capital expenditure,,-0,-0,,-0,
Free cash flow,-7,-11,-8,-9,-6,-9
