﻿INDIA GLYCOLS LTD  (500201) CashFlowFlag BALANCE SHEET
Fiscal year ends in March. INR in millions except per share data.,2017-03,2018-03,2019-03,2020-03,2021-03
Assets
Current assets
Cash
Cash and cash equivalents,294,50,270,36,34
Short-term investments,662,466,388,351,362
Total cash,956,516,657,388,396
Receivables,3904,3337,3220,5687,3617
Inventories,5180,4478,6470,6822,6098
Prepaid expenses,,1156,1681,1424,1392
Other current assets,1276,1300,1824,1629,5600
Total current assets,11317,10787,13853,15950,17102
Non-current assets
"Property, plant and equipment"
"Gross property, plant and equipment",23368,24516,25844,27471,26841
Accumulated Depreciation,-1356,-2068,-2824,-3569,-3755
"Net property, plant and equipment",22011,22448,23020,23901,23086
Intangible assets,0,0,1,20,19
Other long-term assets,1594,980,969,991,985
Total non-current assets,23606,23428,23990,24912,24090
Total assets,34923,34215,37843,40862,41192
Liabilities and stockholders' equity
Liabilities
Current liabilities
Short-term debt,10310,6617,6042,5734,6148
Capital leases,,,,49,65
Accounts payable,6127,7810,7434,7220,5808
Deferred income taxes,,,175,56,9
Taxes payable,,109,107,108,157
Other current liabilities,2584,2117,3492,6674,5490
Total current liabilities,19022,16652,17249,19840,17677
Non-current liabilities
Long-term debt,673,1724,3961,4072,5082
Capital leases,,,,138,73
Deferred taxes liabilities,2081,2526,2890,3195,3574
Accrued liabilities,,28,,,
Deferred revenues,,4382,3668,2937,2617
Pensions and other benefits,,64,64,62,60
Other long-term liabilities,5623,387,384,279,424
Total non-current liabilities,8377,9111,10967,10684,11830
Total liabilities,27399,25763,28217,30524,29507
Stockholders' equity
Common stock,310,310,310,310,310
Additional paid-in capital,396,396,396,396,396
Retained earnings,5677,6605,7782,8508,9824
Accumulated other comprehensive income,1141,1141,1139,1126,1156
Total stockholders' equity,7523,8451,9626,10339,11685
Total liabilities and stockholders' equity,34923,34215,37843,40862,41192
