﻿INFOSYS LTD  (500209) CashFlowFlag INCOME STATEMENT
Fiscal year ends in March. USD in millions except per share data.,2017-03,2018-03,2019-03,2020-03,2021-03,TTM
Revenue,10208,10939,11799,12780,13561,15644
Cost of revenue,6446,7001,7687,8552,8828,10398
Gross profit,3762,3938,4112,4228,4733,5246
Operating expenses
"Sales, General and administrative",1020,1116,1220,1302,1223,1356
Other operating expenses,167,152,161,178,160,152
Total operating expenses,1187,1268,1381,1480,1383,1508
Operating income,2575,2670,2731,2748,3350,3738
Interest Expense,,,,24,26,27
Other income (expense),399,473,272,371,272,279
Income before taxes,2974,3143,3003,3095,3596,3990
Provision for income taxes,834,657,803,757,973,1078
Net income from continuing operations,2140,2486,2200,2338,2623,2912
Other,,,-1,-7,-10,-4
Net income,2140,2486,2199,2331,2613,2908
Net income available to common shareholders,2140,2486,2199,2331,2613,2908
Earnings per share
Basic,0.47,0.55,0.51,0.55,0.62,0.69
Diluted,0.47,0.55,0.51,0.55,0.61,0.68
Weighted average shares outstanding
Basic,4571,4511,4347,4258,4242,4222
Diluted,4573,4515,4353,4265,4251,4231
EBITDA,2829,2959,3018,3526,4063,4479
