﻿INTERNATIONAL TRAVEL HOUSE LTD  (500213) CashFlowFlag BALANCE SHEET
Fiscal year ends in March. INR in millions except per share data.,2018-03,2019-03,2020-03,2021-03,2022-03
Assets
Current assets
Cash
Cash and cash equivalents,236,139,37,41,61
Short-term investments,148,,215,37,433
Total cash,385,139,253,78,495
Receivables,1147,1331,1032,307,475
Prepaid expenses,108,138,125,,
Other current assets,55,73,40,645,38
Total current assets,1695,1681,1450,1030,1008
Non-current assets
"Property, plant and equipment"
"Gross property, plant and equipment",582,661,742,230,181
Accumulated Depreciation,-289,-336,-393,,
"Net property, plant and equipment",293,325,349,230,181
Intangible assets,31,24,14,10,14
Deferred income taxes,,4,,,
Other long-term assets,58,63,129,135,133
Total non-current assets,382,416,492,374,327
Total assets,2077,2097,1941,1404,1335
Liabilities and stockholders' equity
Liabilities
Current liabilities
Capital leases,,,9,,2
Accounts payable,292,323,253,6,280
Taxes payable,10,4,4,4,4
Other current liabilities,102,128,130,311,78
Total current liabilities,403,455,396,321,364
Non-current liabilities
Capital leases,,,17,,3
Deferred taxes liabilities,7,,,,
Other long-term liabilities,27,24,25,29,16
Total non-current liabilities,34,24,41,29,19
Total liabilities,438,479,437,350,383
Stockholders' equity
Common stock,80,80,80,80,80
Additional paid-in capital,3,119,119,,
Retained earnings,1271,1250,1136,,
Accumulated other comprehensive income,285,170,170,974,872
Total stockholders' equity,1639,1618,1504,1054,952
Total liabilities and stockholders' equity,2077,2097,1941,1404,1335
