﻿KIRLOSKAR FERROUS INDUSTRIES LTD  (500245) Statement of  CASH FLOW
Fiscal year ends in March. INR in millions except per share data.,2017-03,2018-03,2019-03,2020-03,2021-03,TTM
Cash Flows From Operating Activities
Net income,1215,544,1467,1562,3632,6377
Depreciation & amortization,459,495,542,575,760,814
Investments losses (gains),-0,10,21,-20,17,24
Stock based compensation,,14,28,16,11,9
Change in working capital,-481,305,-169,-18,-897,-1612
Inventory,-289,-953,-291,98,-479,-1686
Other working capital,-192,1258,121,-116,-417,74
Other non-cash items,-155,-83,-312,-80,-671,-1060
Net cash provided by operating activities,1038,1286,1577,2036,2852,4552
Cash Flows From Investing Activities
"Investments in property, plant, and equipment",-747,-590,-1624,-3196,-2142,-3513
"Property, plant, and equipment reductions",10,7,1,30,7,2
Purchases of investments,,,-0,-5,,105
Other investing activities,36,10,10,12,9,16
Net cash used for investing activities,-700,-574,-1612,-3159,-2126,-3390
Cash Flows From Financing Activities
Debt issued,,,,1752,,
Debt repayment,-100,,,,-215,-284
Dividend paid,,-240,-309,-413,-277,
Other financing activities,-169,-546,334,-157,-204,-1065
Net cash provided by (used for) financing activities,-269,-786,24,1182,-696,-1349
Net change in cash,69,-75,-10,59,31,-187
Cash at beginning of period,27,95,21,10,70,257
Cash at end of period,95,21,10,70,101,70
Free Cash Flow
Operating cash flow,1038,1286,1577,2036,2852,4552
Capital expenditure,-747,-590,-1624,-3196,-2142,-3513
Free cash flow,291,695,-46,-1160,711,1039
