﻿KALYANI STEELS LTD  (500235) CashFlowFlag BALANCE SHEET
Fiscal year ends in March. INR in millions except per share data.,2017-03,2018-03,2019-03,2020-03,2021-03
Assets
Current assets
Cash
Cash and cash equivalents,254,330,379,3597,6252
Short-term investments,657,1176,2036,328,
Total cash,911,1507,2415,3925,6252
Receivables,4671,3772,3559,2355,2491
Inventories,1348,1117,1544,1260,1189
Prepaid expenses,,189,116,128,190
Other current assets,470,31,127,191,161
Total current assets,7399,6615,7761,7858,10284
Non-current assets
"Property, plant and equipment"
"Gross property, plant and equipment",8566,8938,9081,9267,9397
Accumulated Depreciation,-4168,-4524,-4803,-5042,-5474
"Net property, plant and equipment",4397,4414,4278,4225,3923
Goodwill,568,,,,
Intangible assets,39,31,22,12,8
Deferred income taxes,,0,,,
Other long-term assets,1676,1738,1728,1550,2290
Total non-current assets,6681,6183,6028,5787,6221
Total assets,14080,12799,13789,13645,16505
Liabilities and stockholders' equity
Liabilities
Current liabilities
Short-term debt,1807,1520,179,,1500
Accounts payable,2373,1863,3304,3135,2355
Deferred income taxes,,,31,4,31
Taxes payable,,15,,,
Other current liabilities,407,831,842,521,505
Total current liabilities,4587,4229,4356,3660,4391
Non-current liabilities
Long-term debt,591,236,74,46,233
Deferred taxes liabilities,508,504,472,305,270
Minority interest,0,-52,-55,-36,-39
Other long-term liabilities,947,35,39,39,116
Total non-current liabilities,2046,723,531,354,580
Total liabilities,6634,4952,4887,4014,4971
Stockholders' equity
Common stock,219,219,219,219,219
Retained earnings,6808,7035,8088,8922,10831
Accumulated other comprehensive income,419,593,596,490,484
Total stockholders' equity,7446,7847,8902,9631,11533
Total liabilities and stockholders' equity,14080,12799,13789,13645,16505
