﻿JAIN IRRIGATION SYSTEMS LTD  (500219) Statement of  CASH FLOW
Fiscal year ends in March. INR in millions except per share data.,2017-03,2018-03,2019-03,2020-03,2021-03,TTM
Cash Flows From Operating Activities
Net income,2407,2956,3704,-10217,-6025,36
Depreciation & amortization,3014,3386,3129,3655,3509,3297
Investments losses (gains),115,-550,-1192,-429,-1347,-1459
Change in working capital,-3760,2211,-8944,-7299,-661,-5148
Inventory,-3922,-1334,-24,3149,-747,-4265
Other working capital,162,3545,-8920,-10448,86,-883
Other non-cash items,4962,5125,4867,7543,7227,4038
Net cash provided by operating activities,6738,13126,1563,-6747,2703,763
Cash Flows From Investing Activities
"Investments in property, plant, and equipment",-3054,-5284,-3908,-2802,-1049,-970
"Property, plant, and equipment reductions",53,68,230,120,159,201
"Acquisitions, net",-133,-4876,-1853,-26,4094,
Purchases of investments,-1487,-667,,-22,-374,-484
Sales/Maturities of investments,378,6,1993,110,6,-0
Other investing activities,75,156,75,38,192,4389
Net cash used for investing activities,-4169,-10597,-3463,-2583,3029,3136
Cash Flows From Financing Activities
Debt issued,17222,8223,5831,284,745,3551
Debt repayment,-8771,-4617,-3229,-2063,-1414,-2594
Common stock issued,153,,,,,
Dividend paid,-289,-432,-509,-2,-1,
Other financing activities,-13515,-4845,-988,12238,-3390,-2727
Net cash provided by (used for) financing activities,-5200,-1672,1105,10456,-4061,-1770
Net change in cash,-2631,858,-795,1127,1671,2129
Cash at beginning of period,3742,1111,1969,1174,2362,2558
Cash at end of period,1111,1969,1174,2301,4034,4688
Free Cash Flow
Operating cash flow,6738,13126,1563,-6747,2703,763
Capital expenditure,-3054,-5284,-3908,-2802,-1049,-970
Free cash flow,3684,7842,-2345,-9549,1654,-207
