﻿KIRLOSKAR FERROUS INDUSTRIES LTD  (500245) CashFlowFlag INCOME STATEMENT
Fiscal year ends in March. INR in millions except per share data.,2017-03,2018-03,2019-03,2020-03,2021-03,TTM
Revenue,11337,16189,21298,18316,19782,34032
Cost of revenue,5867,14892,17578,14401,13720,23247
Gross profit,5470,1297,3720,3915,6062,10785
Operating expenses
"Sales, General and administrative",297,316,795,819,871,
Other operating expenses,3877,294,1248,1412,1306,4293
Total operating expenses,4174,610,2043,2230,2177,4293
Operating income,1296,687,1677,1684,3885,6492
Interest Expense,80,108,160,170,248,209
Other income (expense),-1,-36,-50,48,-5,-1
Income before taxes,1215,544,1467,1562,3632,6281
Provision for income taxes,309,164,486,438,611,1520
Net income from continuing operations,906,380,981,1124,3021,4762
Net income,906,380,981,1124,3021,4762
Net income available to common shareholders,906,380,981,1124,3021,4762
Earnings per share
Basic,6.60,2.77,7.14,8.16,21.89,34.42
Diluted,6.60,2.76,7.12,8.15,21.82,34.30
Weighted average shares outstanding
Basic,137,137,137,138,138,138
Diluted,137,138,138,138,138,139
EBITDA,1753,1147,2169,2307,4640,7336
