﻿K G DENIM LTD  (500239) Statement of  CASH FLOW
Fiscal year ends in March. INR in millions except per share data.,2017-03,2018-03,2019-03,2020-03,2021-03,TTM
Cash Flows From Operating Activities
Net income,380,21,124,-252,-118,-32
Depreciation & amortization,145,145,169,193,155,169
Investments losses (gains),,,-0,,,
Change in working capital,61,2,-241,152,-263,-324
Inventory,-192,-137,211,14,35,-68
Other working capital,253,139,-452,139,-298,-256
Other non-cash items,124,206,209,225,229,231
Net cash provided by operating activities,710,373,261,318,2,44
Cash Flows From Investing Activities
"Investments in property, plant, and equipment",-134,-471,-422,-79,-33,-50
"Property, plant, and equipment reductions",1,52,,0,1,
Purchases of investments,-0,-25,,,,
Sales/Maturities of investments,,0,0,0,0,-0
Other investing activities,,,77,-2,-4,32
Net cash used for investing activities,-133,-444,-344,-80,-36,-18
Cash Flows From Financing Activities
Debt issued,0,373,371,139,,
Debt repayment,-265,,,-132,,
Dividend paid,-19,-19,-19,-19,,
Other financing activities,-279,-262,-263,-247,41,-12
Net cash provided by (used for) financing activities,-563,91,88,-260,41,-12
Net change in cash,13,21,5,-21,8,14
Cash at beginning of period,108,33,54,59,38,20
Cash at end of period,121,54,59,38,45,34
Free Cash Flow
Operating cash flow,710,373,261,318,2,44
Capital expenditure,-134,-471,-422,-79,-33,-50
Free cash flow,576,-98,-160,239,-30,-6
