﻿KANEL INDUSTRIES LTD  (500236) Statement of  CASH FLOW
Fiscal year ends in March. INR in millions except per share data.,2017-03,2018-03,2019-03,2020-03,2021-03,TTM
Cash Flows From Operating Activities
Net income,-16,-1,-4,-2,-2,-1
Depreciation & amortization,1,1,1,1,1,0
Change in working capital,5,-2,-5,-2,0,1
Inventory,-2,-0,1,0,1,1
Prepaid expenses,,,-97,31,11,21
Other working capital,7,-2,91,-33,-12,-21
Other non-cash items,,,-0,,0,2
Net cash provided by operating activities,-11,-2,-8,-3,-1,1
Cash Flows From Investing Activities
"Investments in property, plant, and equipment",,,-0,,,
"Property, plant, and equipment reductions",,,,,0,0
Net cash used for investing activities,,,-0,,0,0
Cash Flows From Financing Activities
Debt issued,10,10,,,,
Debt repayment,-8,-8,,,,
Other financing activities,,,9,2,1,-2
Net cash provided by (used for) financing activities,2,2,9,2,1,-2
Net change in cash,-9,-0,2,-2,-0,-0
Cash at beginning of period,9,0,0,2,0,0
Cash at end of period,0,0,2,0,0,0
Free Cash Flow
Operating cash flow,-11,-2,-8,-3,-1,1
Capital expenditure,,,-0,,,
Free cash flow,-11,-2,-8,-3,-1,1
