﻿INDO RAMA SYNTHETICS (INDIA) LTD  (500207) Statement of  CASH FLOW
Fiscal year ends in March. INR in millions except per share data.,2018-03,2019-03,2020-03,2021-03,2022-03,TTM
Cash Flows From Operating Activities
Net income,-1249,-4217,-1804,34,2194,2194
Depreciation & amortization,832,830,860,338,313,313
Investments losses (gains),-0,1,-1,-0,-0,-0
Change in working capital,-15,-2043,-943,717,-1140,-1140
Inventory,784,-705,-669,-1524,-1402,-1402
Other working capital,-799,-1338,-274,2241,262,262
Other non-cash items,713,3317,698,733,635,635
Net cash provided by operating activities,281,-2111,-1190,1822,2002,2002
Cash Flows From Investing Activities
"Investments in property, plant, and equipment",-132,-50,-108,-259,-802,-802
"Property, plant, and equipment reductions",,0,,,2,2
Sales/Maturities of investments,,,4,46,1,1
Other investing activities,73,221,501,38,45,45
Net cash used for investing activities,-58,171,397,-175,-754,-754
Cash Flows From Financing Activities
Debt issued,,2389,3442,,387,387
Debt repayment,-321,-304,-2485,-720,-736,-736
Common stock issued,,919,2988,,,
Dividend paid,-0,-1,-1,-1,-1,-1
Other financing activities,177,-1150,-3071,-1019,-877,-877
Net cash provided by (used for) financing activities,-145,1853,874,-1740,-1227,-1227
Net change in cash,77,-87,80,-93,21,21
Cash at beginning of period,59,136,50,130,37,37
Cash at end of period,136,50,130,37,58,58
Free Cash Flow
Operating cash flow,281,-2111,-1190,1822,2002,2002
Capital expenditure,-132,-50,-108,-259,-802,-802
Free cash flow,149,-2161,-1298,1562,1200,1200
