﻿AGRO TECH FOODS LTD  (500215) Statement of  CASH FLOW
Fiscal year ends in March. INR in millions except per share data.,2018-03,2019-03,2020-03,2021-03,2022-03,TTM
Cash Flows From Operating Activities
Net income,488,511,406,428,350,350
Depreciation & amortization,180,173,194,186,210,210
Investments losses (gains),-2,-28,-32,-3,-0,-0
Stock based compensation,14,5,-13,,,
Change in working capital,84,-253,-26,74,-743,-743
Inventory,216,105,60,-446,-393,-393
Other working capital,-132,-358,-86,520,-350,-350
Other non-cash items,-159,-95,-100,-62,-114,-114
Net cash provided by operating activities,604,313,429,624,-297,-297
Cash Flows From Investing Activities
"Investments in property, plant, and equipment",-173,-291,-685,-515,-301,-301
"Property, plant, and equipment reductions",1,10,6,4,0,0
Purchases of investments,-215,-3839,-3620,-1110,-185,-185
Sales/Maturities of investments,2,3734,3864,1192,245,245
Other investing activities,6,12,0,3,132,132
Net cash used for investing activities,-380,-374,-435,-425,-108,-108
Cash Flows From Financing Activities
Debt issued,,,47,,385,385
Debt repayment,-150,,,-47,,
Common stock issued,65,85,66,24,72,72
Dividend paid,-56,-71,-71,-71,-71,-71
Other financing activities,-3,-1,-36,-37,-43,-43
Net cash provided by (used for) financing activities,-144,13,6,-131,343,343
Effect of exchange rate changes,-5,6,7,-2,1,1
Net change in cash,76,-42,6,66,-62,-62
Cash at beginning of period,11,86,44,51,116,116
Cash at end of period,86,44,51,117,54,54
Free Cash Flow
Operating cash flow,604,313,429,624,-297,-297
Capital expenditure,-173,-291,-685,-515,-301,-301
Free cash flow,430,22,-256,109,-598,-598
