﻿JINDAL POLY FILMS LTD  (500227) CashFlowFlag INCOME STATEMENT
Fiscal year ends in March. INR in millions except per share data.,2017-03,2018-03,2019-03,2020-03,2021-03,TTM
Revenue,70171,64433,37249,35317,40540,52792
Cost of revenue,40875,39419,26944,23330,24237,33986
Gross profit,29296,25014,10306,11987,16302,18805
Operating expenses
"Sales, General and administrative",1337,1031,536,613,850,
"Restructuring, merger and acquisition",,,,10,0,
Other operating expenses,23827,20164,6088,5569,5235,7606
Total operating expenses,25164,21195,6624,6192,6085,7606
Operating income,4132,3819,3681,5796,10217,11200
Interest Expense,850,909,443,447,283,-432
Other income (expense),588,73,-5647,-77,470,1420
Income before taxes,3870,2982,-2408,5272,10405,13051
Provision for income taxes,1116,1458,1678,386,2496,3704
Net income from continuing operations,2754,1524,-4086,4886,7909,9347
Other,-820,-672,,,,
Net income,1934,852,-4086,4886,7909,9347
Net income available to common shareholders,1934,852,-4086,4886,7909,9347
Earnings per share
Basic,44.17,19.46,-93.33,111.60,180.62,213.47
Diluted,44.17,19.46,-93.33,111.60,180.62,213.47
Weighted average shares outstanding
Basic,44,44,44,44,44,44
Diluted,44,44,44,44,44,44
EBITDA,7603,6480,-889,6940,12174,14163
