﻿ION EXCHANGE (INDIA) LTD SHS DEMATERIALISED  (500214) Statement of  CASH FLOW
Fiscal year ends in March. INR in millions except per share data.,2017-03,2018-03,2019-03,2020-03,2021-03,TTM
Cash Flows From Operating Activities
Net income,537,663,1013,1303,1951,2027
Depreciation & amortization,133,131,196,237,277,275
Investments losses (gains),-0,-1,1,3,-1,-2
Change in working capital,1182,356,353,-150,221,-634
Inventory,-295,278,-285,-47,69,-420
Other working capital,1477,78,638,-102,152,-214
Other non-cash items,-13,-288,-296,-414,-477,-702
Net cash provided by operating activities,1839,861,1266,979,1971,965
Cash Flows From Investing Activities
"Investments in property, plant, and equipment",-440,-292,-307,-320,-300,-391
"Property, plant, and equipment reductions",1,1,2,4,0,
Purchases of investments,-405,-1576,-894,-1414,-1815,-899
Sales/Maturities of investments,46,121,401,1153,397,528
Other investing activities,22,84,94,399,373,216
Net cash used for investing activities,-776,-1662,-704,-179,-1344,-546
Cash Flows From Financing Activities
Debt issued,707,1129,426,435,72,217
Debt repayment,-568,-589,-977,-282,-553,-184
Common stock issued,10,,,,,
Dividend paid,-52,-48,-48,-116,-29,-130
Other financing activities,-148,-180,-190,-279,-236,-208
Net cash provided by (used for) financing activities,-51,311,-790,-243,-747,-304
Effect of exchange rate changes,-36,-9,6,6,27,-30
Net change in cash,976,-499,-222,563,-94,85
Cash at beginning of period,191,1171,672,452,1015,805
Cash at end of period,1167,672,451,1015,921,890
Free Cash Flow
Operating cash flow,1839,861,1266,979,1971,965
Capital expenditure,-440,-292,-307,-320,-300,-391
Free cash flow,1399,569,959,659,1671,574
