﻿KIRLOSKAR INDUSTRIES LTD  (500243) Statement of  CASH FLOW
Fiscal year ends in March. INR in millions except per share data.,2017-03,2018-03,2019-03,2020-03,2021-03,TTM
Cash Flows From Operating Activities
Net income,1589,999,1876,1999,3777,6673
Depreciation & amortization,469,511,568,605,793,849
Investments losses (gains),-397,-295,-250,-329,-101,-247
Stock based compensation,,63,65,26,39,29
Change in working capital,-481,151,-440,-183,-941,-1294
Inventory,-289,-953,-291,98,-480,-1686
Other working capital,-192,1104,-149,-282,-461,392
Other non-cash items,-298,-521,-693,-421,-1008,-1457
Net cash provided by operating activities,882,909,1126,1697,2560,4553
Cash Flows From Investing Activities
"Investments in property, plant, and equipment",-751,-885,-2,,-2206,-3589
"Property, plant, and equipment reductions",10,8,2,30,7,2
"Acquisitions, net",,,,,-0,
Purchases of investments,-3,-538,-0,-7,-136,
Sales/Maturities of investments,3,549,53,193,174,
Other investing activities,229,559,-1130,-2637,225,228
Net cash used for investing activities,-512,-307,-1077,-2420,-1936,-3359
Cash Flows From Financing Activities
Debt issued,,,530,1752,,
Debt repayment,,-245,-5,,-215,-284
Dividend paid,-11,-307,-442,-598,-136,-436
Other financing activities,-269,-155,-128,-78,-208,-377
Net cash provided by (used for) financing activities,-280,-706,-44,1077,-559,-1097
Net change in cash,91,-104,4,354,64,98
Cash at beginning of period,77,168,26,30,384,335
Cash at end of period,168,63,30,384,448,433
Free Cash Flow
Operating cash flow,882,909,1126,1697,2560,4553
Capital expenditure,-751,-885,-1644,-3223,-2206,-3589
Free cash flow,131,25,-518,-1526,354,964
