﻿INGERSOLL-RAND (INDIA) LTD  (500210) CashFlowFlag INCOME STATEMENT
Fiscal year ends in March. INR in millions except per share data.,2017-03,2018-03,2019-03,2020-03,2021-03,TTM
Revenue,6337,6055,7271,6953,6078,8655
Cost of revenue,3823,3544,4280,3987,3748,5457
Gross profit,2514,2511,2992,2967,2330,3198
Operating expenses
"Sales, General and administrative",196,232,215,213,181,
Other operating expenses,1717,1678,1832,1965,1197,1834
Total operating expenses,1913,1910,2048,2178,1378,1834
Operating income,601,601,944,789,952,1364
Interest Expense,1,1,1,19,6,9
Other income (expense),544,716,331,371,132,126
Income before taxes,1144,1316,1274,1140,1078,1480
Provision for income taxes,371,428,465,294,354,411
Net income from continuing operations,773,889,809,846,724,1069
Net income,773,889,809,846,724,1069
Net income available to common shareholders,773,889,809,846,724,1069
Earnings per share
Basic,24.48,28.16,25.64,26.80,22.92,33.87
Diluted,24.48,28.16,25.64,26.80,22.92,33.87
Weighted average shares outstanding
Basic,32,32,32,32,32,32
Diluted,32,32,32,32,32,32
EBITDA,1262,1443,1389,1342,1226,1627
