﻿KAJARIA CERAMICS LTD  (500233) Statement of  CASH FLOW
Fiscal year ends in March. INR in millions except per share data.,2017-03,2018-03,2019-03,2020-03,2021-03,TTM
Cash Flows From Operating Activities
Net income,3963,3553,3580,3124,4127,5409
Depreciation & amortization,814,885,891,1081,1067,1088
Investments losses (gains),,,-4,-12,-2,-2
Stock based compensation,,17,9,5,2,-0
Change in working capital,-481,-1009,-117,-993,868,-569
Inventory,122,-176,-373,-1069,1396,-616
Other working capital,-602,-833,256,76,-529,47
Other non-cash items,-919,-1064,-1185,-962,-974,-1468
Net cash provided by operating activities,3377,2383,3174,2244,5088,4457
Cash Flows From Investing Activities
"Investments in property, plant, and equipment",-1470,-1527,-1235,-1240,-1127,-1707
"Property, plant, and equipment reductions",45,145,96,27,115,59
"Acquisitions, net",,35,66,,,
Purchases of investments,-0,,-250,-299,-2078,-2977
Sales/Maturities of investments,,,251,210,54,4
Other investing activities,28,-21,-1536,402,81,1728
Net cash used for investing activities,-1397,-1368,-2609,-901,-2955,-2893
Cash Flows From Financing Activities
Debt repayment,,,-380,-249,-3,47
Common stock issued,,5,,3,53,
Dividend paid,-478,-475,-477,-1150,-1591,
Other financing activities,-1200,-250,-284,-8,-504,-1524
Net cash provided by (used for) financing activities,-1679,-720,-1141,-1404,-2045,-1477
Net change in cash,301,295,-576,-60,87,86
Cash at beginning of period,198,498,798,221,161,435
Cash at end of period,498,794,221,161,248,522
Free Cash Flow
Operating cash flow,3377,2383,3174,2244,5088,4457
Capital expenditure,-1470,-1527,-1235,-1240,-1127,-1707
Free cash flow,1907,856,1938,1004,3961,2750
