﻿MARGO FINANCE LTD  (500206) CashFlowFlag BALANCE SHEET
Fiscal year ends in March. INR in millions except per share data.,2017-03,2018-03,2019-03,2020-03,2021-03
Assets
Current assets
Cash
Cash and cash equivalents,13,0,0,2,1
Short-term investments,,,,181,822
Total cash,13,0,0,183,823
Receivables,0,0,0,0,0
Prepaid expenses,,0,14,0,0
Other current assets,2,1,2,1,1
Total current assets,16,2,17,185,824
Non-current assets
"Property, plant and equipment"
"Gross property, plant and equipment",2,2,1,0,0
Accumulated Depreciation,-1,-1,-1,-0,-0
"Net property, plant and equipment",0,0,0,0,0
Intangible assets,0,0,,,0
Other long-term assets,40,57,41,12,5
Total non-current assets,41,57,41,12,5
Total assets,56,59,58,197,829
Liabilities and stockholders' equity
Liabilities
Current liabilities
Short-term debt,,0,,,
Accounts payable,0,0,0,0,0
Other current liabilities,0,0,0,0,0
Total current liabilities,0,0,0,0,0
Non-current liabilities
Deferred taxes liabilities,,,,34,197
Other long-term liabilities,0,0,0,0,0
Total non-current liabilities,0,0,0,34,197
Total liabilities,0,0,0,34,197
Stockholders' equity
Common stock,46,46,46,46,46
Retained earnings,2,4,4,3,7
Accumulated other comprehensive income,8,8,8,114,579
Total stockholders' equity,56,58,58,163,632
Total liabilities and stockholders' equity,56,59,58,197,829
