﻿JSW STEEL LTD  (500228) CashFlowFlag BALANCE SHEET
Fiscal year ends in March. INR in millions except per share data.,2017-03,2018-03,2019-03,2020-03,2021-03
Assets
Current assets
Cash
Cash and cash equivalents,9175,5820,55810,39660,119430
Short-term investments,10260,6660,7920,83960,9230
Total cash,19435,12480,63730,123620,128660
Receivables,41494,47040,71600,45050,44860
Inventories,113950,125940,145480,138640,142490
Prepaid expenses,,12880,13350,16900,12840
Other current assets,37734,33580,41390,41480,29670
Total current assets,212614,231920,335550,365690,358520
Non-current assets
"Property, plant and equipment"
"Gross property, plant and equipment",694714,735740,878920,1066450,1170960
Accumulated Depreciation,-76035,-108910,-147480,-185590,-219900
"Net property, plant and equipment",618678,626830,731440,880860,951060
Goodwill,8717,7070,8400,4150,3360
Intangible assets,3536,4080,5490,6840,17820
Deferred income taxes,844,480,1170,,
Other long-term assets,36018,49800,67090,60660,152410
Total non-current assets,667793,688260,813590,952510,1124650
Total assets,880407,920180,1149140,1318200,1483170
Liabilities and stockholders' equity
Liabilities
Current liabilities
Short-term debt,109183,74490,174800,147000,103170
Capital leases,,2210,2600,3060,4050
Accounts payable,143523,159440,161590,190000,164450
Taxes payable,105,3840,1960,1290,5560
Other current liabilities,42301,49660,79130,95530,155760
Total current liabilities,295112,289640,420080,436880,432990
Non-current liabilities
Long-term debt,300400,299550,279390,446490,497050
Capital leases,17806,15600,16970,17440,19390
Deferred taxes liabilities,30736,26040,38940,16770,35090
Deferred revenues,207,1010,41960,30440,20330
Minority interest,-2457,-4640,-4500,-5750,-6190
Other long-term liabilities,12128,13000,8350,9940,16870
Total non-current liabilities,358819,350560,381110,515330,582540
Total liabilities,653931,640200,801190,952210,1015530
Stockholders' equity
Common stock,3013,3020,3010,3010,3020
Additional paid-in capital,,55660,59480,61910,61910
Retained earnings,,75280,137360,165610,240430
Accumulated other comprehensive income,223463,146020,148100,135460,162280
Total stockholders' equity,226476,279980,347950,365990,467640
Total liabilities and stockholders' equity,880407,920180,1149140,1318200,1483170
