﻿JCT LTD  (500223) Statement of  CASH FLOW
Fiscal year ends in March. INR in millions except per share data.,2017-03,2018-03,2019-03,2020-03,2021-03,TTM
Cash Flows From Operating Activities
Net income,-246,-359,-642,-446,147,30
Depreciation & amortization,308,305,226,150,146,148
Investments losses (gains),-0,-0,-0,-0,,
Change in working capital,406,243,266,696,-389,93
Inventory,1,-14,-115,169,50,-308
Other working capital,405,256,380,527,-439,401
Other non-cash items,332,275,786,287,414,426
Net cash provided by operating activities,801,463,635,688,317,698
Cash Flows From Investing Activities
"Investments in property, plant, and equipment",-145,-61,-52,-43,-49,
"Property, plant, and equipment reductions",51,77,8,126,52,81
Purchases of investments,,,,,-11,
Sales/Maturities of investments,4,,,,,
Other investing activities,23,26,17,6,15,-71
Net cash used for investing activities,-67,43,-26,89,8,10
Cash Flows From Financing Activities
Debt issued,4,56,,,,
Debt repayment,-400,-232,,,-149,
Common stock issued,,,601,,,
Other financing activities,-370,-353,-1224,-652,-299,-687
Net cash provided by (used for) financing activities,-766,-529,-623,-652,-448,-687
Net change in cash,-32,-22,-14,125,-122,21
Cash at beginning of period,81,48,26,12,137,12
Cash at end of period,48,26,12,137,15,33
Free Cash Flow
Operating cash flow,801,463,635,688,317,698
Capital expenditure,-145,-61,-52,-43,-49,
Free cash flow,656,403,583,646,268,639
