﻿KIRLOSKAR FERROUS INDUSTRIES LTD  (500245) CashFlowFlag BALANCE SHEET
Fiscal year ends in March. INR in millions except per share data.,2017-03,2018-03,2019-03,2020-03,2021-03
Assets
Current assets
Cash
Cash and cash equivalents,123,21,10,70,101
Short-term investments,,31,,,
Total cash,123,52,10,70,101
Receivables,1960,2909,3802,2926,3607
Inventories,1219,2172,2463,2364,2844
Prepaid expenses,,135,91,176,397
Other current assets,359,214,245,445,279
Total current assets,3661,5483,6611,5980,7228
Non-current assets
"Property, plant and equipment"
"Gross property, plant and equipment",9949,10724,12015,15312,17847
Accumulated Depreciation,-4060,-4355,-4855,-5319,-6059
"Net property, plant and equipment",5889,6368,7160,9993,11787
Intangible assets,42,40,33,82,146
Other long-term assets,131,91,95,127,164
Total non-current assets,6061,6500,7289,10202,12098
Total assets,9722,11982,13900,16182,19326
Liabilities and stockholders' equity
Liabilities
Current liabilities
Short-term debt,969,724,859,1535,1629
Accounts payable,1638,3578,4352,3756,3692
Taxes payable,41,51,105,16,169
Other current liabilities,430,862,627,906,1633
Total current liabilities,3077,5214,5943,6214,7124
Non-current liabilities
Long-term debt,,,410,1577,1288
Deferred taxes liabilities,805,826,940,1143,884
Pensions and other benefits,,17,25,28,36
Other long-term liabilities,14,,,,
Total non-current liabilities,818,843,1375,2749,2208
Total liabilities,3896,6057,7318,8962,9332
Stockholders' equity
Common stock,687,686,688,689,692
Additional paid-in capital,,1938,1966,1981,2026
Retained earnings,2751,2786,3346,3909,6596
Accumulated other comprehensive income,2388,514,580,640,680
Total stockholders' equity,5826,5925,6581,7220,9994
Total liabilities and stockholders' equity,9722,11982,13900,16182,19326
