﻿JAIN IRRIGATION SYSTEMS LTD  (500219) CashFlowFlag BALANCE SHEET
Fiscal year ends in March. INR in millions except per share data.,2017-03,2018-03,2019-03,2020-03,2021-03
Assets
Current assets
Cash
Cash and cash equivalents,1111,1969,1174,2301,4101
Short-term investments,1298,1999,,10,231
Total cash,2409,3968,1174,2311,4332
Receivables,22821,25274,29948,28160,24900
Inventories,23196,25321,25786,22604,20838
Prepaid expenses,5566,4335,3665,5473,6159
Other current assets,3806,5000,5638,5994,7234
Total current assets,57798,63899,66211,64542,63463
Non-current assets
"Property, plant and equipment"
"Gross property, plant and equipment",63389,69168,74413,81355,78963
Accumulated Depreciation,-19325,-22662,-26657,-30729,-32503
"Net property, plant and equipment",44065,46506,47755,50626,46460
Goodwill,3770,6527,7897,8362,8072
Intangible assets,433,527,642,687,644
Deferred income taxes,1489,1159,1208,1701,2380
Other long-term assets,4001,4061,5074,5903,5814
Total non-current assets,53757,58780,62577,67279,63370
Total assets,111555,122679,128788,131821,126833
Liabilities and stockholders' equity
Liabilities
Current liabilities
Short-term debt,18136,18044,23079,41718,42428
Capital leases,,,,562,631
Accounts payable,15552,20068,17790,11433,9771
Taxes payable,329,194,472,254,113
Other current liabilities,6521,7367,6638,9016,14946
Total current liabilities,40538,45673,47980,62984,67888
Non-current liabilities
Long-term debt,22199,26489,29395,27642,24917
Capital leases,,,,1604,1337
Deferred taxes liabilities,4882,4633,4792,1994,319
Pensions and other benefits,269,330,532,435,329
Minority interest,1089,1302,1413,1431,1127
Other long-term liabilities,1000,741,546,1020,1239
Total non-current liabilities,29439,33496,36677,34126,29267
Total liabilities,69977,79169,84657,97110,97155
Stockholders' equity
Common stock,959,1031,1031,1031,1031
Additional paid-in capital,12820,15469,15469,15469,15469
Retained earnings,21928,23713,25391,18244,13732
Accumulated other comprehensive income,5871,3297,2240,-33,-553
Total stockholders' equity,41578,43511,44131,34711,29679
Total liabilities and stockholders' equity,111555,122679,128788,131821,126833
