﻿ENVAIR ELECTRODYNE LTD  (500246) CashFlowFlag BALANCE SHEET
Fiscal year ends in March. INR in millions except per share data.,2017-03,2018-03,2019-03,2020-03,2021-03
Assets
Current assets
Cash
Cash and cash equivalents,3,6,0,36,1
Short-term investments,,,1,2,2
Total cash,3,6,1,38,3
Receivables,14,20,9,10,7
Inventories,6,7,7,7,6
Prepaid expenses,,4,0,0,0
Other current assets,9,28,19,17,42
Total current assets,32,65,36,73,58
Non-current assets
"Property, plant and equipment"
"Gross property, plant and equipment",74,71,74,75,10
Accumulated Depreciation,-65,-62,-63,-64,
"Net property, plant and equipment",9,9,11,11,10
Intangible assets,0,0,0,1,0
Other long-term assets,2,1,2,2,2
Total non-current assets,11,10,13,13,12
Total assets,43,75,50,86,71
Liabilities and stockholders' equity
Liabilities
Current liabilities
Short-term debt,12,8,6,4,5
Accounts payable,6,7,6,7,5
Taxes payable,,,4,,
Other current liabilities,6,9,5,9,8
Total current liabilities,24,23,22,20,18
Non-current liabilities
Long-term debt,,,,18,20
Pensions and other benefits,,3,0,0,0
Other long-term liabilities,3,-0,,,
Total non-current liabilities,3,3,0,18,20
Total liabilities,27,27,22,38,38
Stockholders' equity
Common stock,30,30,30,46,46
Additional paid-in capital,,12,12,44,44
Retained earnings,,3,-29,-45,-61
Accumulated other comprehensive income,-14,3,15,3,3
Total stockholders' equity,16,48,28,48,32
Total liabilities and stockholders' equity,43,75,50,86,71
