﻿JAIN IRRIGATION SYSTEMS LTD  (500219) CashFlowFlag INCOME STATEMENT
Fiscal year ends in March. INR in millions except per share data.,2017-03,2018-03,2019-03,2020-03,2021-03,TTM
Revenue,66148,77991,85131,61783,56008,67636
Cost of revenue,36411,42363,47726,36550,32981,38405
Gross profit,29738,35628,37405,25233,23027,29230
Operating expenses
"Sales, General and administrative",3266,3807,4495,3615,3131,
Other operating expenses,19391,24247,23665,24298,19322,24463
Total operating expenses,22657,28054,28160,27914,22452,24463
Operating income,7080,7574,9245,-2680,574,4767
Interest Expense,4042,4159,4481,6177,7001,7016
Other income (expense),-608,-424,-1022,-1342,435,2672
Income before taxes,2430,2992,3742,-10200,-5992,423
Provision for income taxes,667,779,1199,-3005,-2306,-711
Net income from continuing operations,1762,2213,2542,-7194,-3687,1135
Net income from discontinuing ops,,,,,-341,-148
Other,-68,-20,-151,43,71,-25
Net income,1695,2193,2391,-7151,-3957,961
Net income available to common shareholders,1695,2193,2391,-7151,-3957,961
Earnings per share
Basic,3.29,4.25,4.64,-13.87,-7.67,1.86
Diluted,3.29,4.25,4.64,-13.87,-7.67,1.86
Weighted average shares outstanding
Basic,514,516,516,516,516,516
Diluted,514,516,516,516,516,516
EBITDA,9486,10536,11351,-367,4520,10767
