﻿INDO RAMA SYNTHETICS (INDIA) LTD  (500207) CashFlowFlag INCOME STATEMENT
Fiscal year ends in March. INR in millions except per share data.,2018-03,2019-03,2020-03,2021-03,2022-03,TTM
Revenue,21992,15900,20489,19815,40381,40381
Cost of revenue,18970,13579,16402,14796,29678,29678
Gross profit,3022,2320,4088,5019,10703,10703
Operating expenses
"Sales, General and administrative",753,453,749,785,,
Other operating expenses,2599,3614,4533,3344,7977,7977
Total operating expenses,3353,4066,5282,4129,7977,7977
Operating income,-331,-1746,-1194,890,2727,2727
Interest Expense,728,701,808,600,619,619
Other income (expense),-190,-1769,198,-256,87,87
Income before taxes,-1249,-4217,-1804,34,2194,2194
Provision for income taxes,-422,-1506,1361,-1100,-503,-503
Other income,,,,,-7,-7
Net income from continuing operations,-827,-2711,-3165,1134,2691,2691
Net income,-827,-2711,-3165,1134,2691,2691
Net income available to common shareholders,-827,-2711,-3165,1134,2691,2691
Earnings per share
Basic,-5.45,-17.01,-12.14,4.34,10.30,10.30
Diluted,-5.45,-17.01,-12.14,4.34,10.30,10.30
Weighted average shares outstanding
Basic,152,159,261,261,261,261
Diluted,152,159,261,261,261,261
EBITDA,311,-2685,-136,972,3126,3126
