﻿INTERNATIONAL TRAVEL HOUSE LTD  (500213) Statement of  CASH FLOW
Fiscal year ends in March. INR in millions except per share data.,2018-03,2019-03,2020-03,2021-03,2022-03,TTM
Cash Flows From Operating Activities
Net income,115,42,-84,-451,-107,-107
Depreciation & amortization,110,105,115,95,63,63
Investments losses (gains),-16,-10,-1,-20,-13,-13
Change in working capital,-209,-180,245,638,-120,-120
Other working capital,-209,-180,245,638,-120,-120
Other non-cash items,-73,-62,-38,99,-7,-7
Net cash provided by operating activities,-72,-105,236,363,-185,-185
Cash Flows From Investing Activities
"Investments in property, plant, and equipment",-31,-145,-114,-3,-18,-18
"Property, plant, and equipment reductions",18,28,24,19,8,8
Purchases of investments,-1811,-1106,-706,-1668,-1125,-1125
Sales/Maturities of investments,2118,1265,497,1318,1339,1339
Other investing activities,5,1,2,1,9,9
Net cash used for investing activities,299,43,-297,-332,213,213
Cash Flows From Financing Activities
Dividend paid,-34,-34,-20,,,
Other financing activities,-7,-8,-15,-10,-7,-7
Net cash provided by (used for) financing activities,-41,-42,-35,-10,-7,-7
Effect of exchange rate changes,0,0,0,-0,-0,-0
Net change in cash,186,-103,-96,20,20,20
Cash at beginning of period,34,220,117,21,41,41
Cash at end of period,220,117,21,41,61,61
Free Cash Flow
Operating cash flow,-72,-105,236,363,-185,-185
Capital expenditure,-31,-145,-114,-3,-18,-18
Free cash flow,-103,-250,122,360,-203,-203
