﻿WHIRLPOOL OF INDIA LTD  (500238) CashFlowFlag INCOME STATEMENT
Fiscal year ends in March. INR in millions except per share data.,2017-03,2018-03,2019-03,2020-03,2021-03,TTM
Revenue,39388,48055,53853,59816,58984,62675
Cost of revenue,23498,30493,34425,37132,38055,42441
Gross profit,15889,17562,19428,22684,20929,20235
Operating expenses
Research and development,349,357,81,425,363,
"Sales, General and administrative",2950,3905,912,1480,5193,
Other operating expenses,8505,8696,13054,15090,11377,16832
Total operating expenses,11803,12958,14046,16995,16933,16832
Operating income,4086,4604,5381,5688,3996,3403
Interest Expense,52,36,83,190,146,107
Other income (expense),650,840,993,1169,847,3806
Income before taxes,4685,5408,6292,6668,4697,7101
Provision for income taxes,1580,1902,2194,1766,1179,972
Net income from continuing operations,3105,3507,4097,4902,3518,6130
Other,,,,,,-3
Net income,3105,3507,4097,4902,3518,6126
Net income available to common shareholders,3105,3507,4097,4902,3518,6126
Earnings per share
Basic,24.47,27.64,32.30,38.64,27.73,48.28
Diluted,24.47,27.64,32.30,38.64,27.73,48.28
Weighted average shares outstanding
Basic,127,127,127,127,127,127
Diluted,127,127,127,127,127,127
EBITDA,5611,6477,7517,8180,6285,8610
