﻿JASCH INDUSTRIES LTD  (500220) CashFlowFlag BALANCE SHEET
Fiscal year ends in March. INR in millions except per share data.,2017-03,2018-03,2019-03,2020-03,2021-03
Assets
Current assets
Cash
Cash and cash equivalents,157,102,166,90,24
Short-term investments,,45,37,31,203
Total cash,157,147,204,121,227
Receivables,199,260,270,224,282
Inventories,195,295,272,196,217
Prepaid expenses,,2,8,4,4
Other current assets,12,6,26,26,20
Total current assets,563,710,779,571,750
Non-current assets
"Property, plant and equipment"
"Gross property, plant and equipment",573,596,662,668,670
Accumulated Depreciation,-294,-311,-337,-357,-368
"Net property, plant and equipment",280,284,326,311,303
Goodwill,,,37,,
Intangible assets,42,64,20,,
Other long-term assets,76,40,36,33,12
Total non-current assets,398,388,418,344,315
Total assets,961,1098,1198,915,1064
Liabilities and stockholders' equity
Liabilities
Current liabilities
Short-term debt,176,197,228,13,24
Accounts payable,144,227,222,184,211
Deferred income taxes,,,,18,8
Taxes payable,1,2,0,,
Other current liabilities,113,94,81,50,83
Total current liabilities,435,521,532,265,326
Non-current liabilities
Long-term debt,61,61,29,22,14
Deferred taxes liabilities,32,33,30,28,30
Pensions and other benefits,16,18,24,21,
Other long-term liabilities,,,32,-0,
Total non-current liabilities,109,112,115,71,43
Total liabilities,544,634,648,336,369
Stockholders' equity
Common stock,113,113,113,113,113
Retained earnings,287,334,415,463,579
Accumulated other comprehensive income,17,17,22,3,3
Total stockholders' equity,417,465,550,579,695
Total liabilities and stockholders' equity,961,1098,1198,915,1064
