﻿UMANG DAIRIES LTD  (500231) CashFlowFlag INCOME STATEMENT
Fiscal year ends in March. INR in millions except per share data.,2017-03,2018-03,2019-03,2020-03,2021-03,TTM
Revenue,2100,2449,2238,2448,2479,2089
Cost of revenue,1554,1712,1444,1627,1633,1481
Gross profit,546,737,793,820,846,608
Operating expenses
Research and development,,,0,,,
"Sales, General and administrative",143,157,172,88,119,
Other operating expenses,368,483,522,659,631,752
Total operating expenses,511,640,694,747,750,752
Operating income,35,96,100,73,96,-144
Interest Expense,11,36,31,27,37,42
Other income (expense),1,0,-3,-5,2,5
Income before taxes,26,61,65,41,61,-181
Provision for income taxes,9,8,15,12,20,-45
Net income from continuing operations,17,53,50,28,41,-135
Net income,17,53,50,28,41,-135
Net income available to common shareholders,17,53,50,28,41,-135
Earnings per share
Basic,0.77,2.40,2.29,1.29,1.86,-6.16
Diluted,0.77,2.40,2.29,1.29,1.86,-6.16
Weighted average shares outstanding
Basic,22,22,22,22,22,22
Diluted,22,22,22,22,22,22
EBITDA,68,132,132,111,146,-88
