﻿INGERSOLL-RAND (INDIA) LTD  (500210) Statement of  CASH FLOW
Fiscal year ends in March. INR in millions except per share data.,2017-03,2018-03,2019-03,2020-03,2021-03,TTM
Cash Flows From Operating Activities
Net income,1144,1316,1274,1140,1078,1427
Depreciation & amortization,118,126,114,183,143,137
Stock based compensation,6,7,8,8,10,12
Change in working capital,748,309,-467,181,-153,83
Inventory,78,96,-126,116,-161,-339
Other working capital,670,213,-341,66,8,422
Other non-cash items,-801,-987,-563,-418,-312,-382
Net cash provided by operating activities,1215,771,366,1094,765,1277
Cash Flows From Investing Activities
"Investments in property, plant, and equipment",-333,-98,-89,-64,-67,-129
"Property, plant, and equipment reductions",63,5,0,40,5,4
Purchases of investments,-426,,,,,
Sales/Maturities of investments,925,500,875,521,,
Other investing activities,1178,529,214,92,48,56
Net cash used for investing activities,1407,935,999,590,-13,-70
Cash Flows From Financing Activities
Dividend paid,-189,-189,-6566,-979,,
Other financing activities,-42,-42,-1349,-272,-45,-133
Net cash provided by (used for) financing activities,-231,-231,-7915,-1251,-45,-133
Net change in cash,2391,1475,-6549,434,707,1074
Cash at beginning of period,3834,6225,7700,1151,1584,1856
Cash at end of period,6225,7700,1151,1584,2292,2930
Free Cash Flow
Operating cash flow,1215,771,366,1094,765,1277
Capital expenditure,-333,-98,-89,-64,-67,-129
Free cash flow,881,673,277,1031,698,1147
