﻿JCT LTD  (500223) CashFlowFlag BALANCE SHEET
Fiscal year ends in March. INR in millions except per share data.,2017-03,2018-03,2019-03,2020-03,2021-03
Assets
Current assets
Cash
Cash and cash equivalents,130,26,12,137,15
Short-term investments,1,1,1,1,1
Total cash,131,27,13,138,16
Receivables,671,531,450,238,517
Inventories,1632,1646,1760,1591,1542
Prepaid expenses,,4,14,15,25
Other current assets,234,471,446,466,450
Total current assets,2669,2679,2683,2449,2551
Non-current assets
"Property, plant and equipment"
"Gross property, plant and equipment",10565,3846,6691,6821,6604
Accumulated Depreciation,-7062,-610,-828,-874,-775
"Net property, plant and equipment",3504,3236,5863,5947,5830
Intangible assets,1,18,15,11,7
Other long-term assets,94,73,65,62,67
Total non-current assets,3600,3328,5942,6020,5904
Total assets,6268,6007,8626,8469,8455
Liabilities and stockholders' equity
Liabilities
Current liabilities
Short-term debt,1872,1988,1003,843,1227
Capital leases,,,,13,4
Accounts payable,1062,1471,1386,1261,1325
Other current liabilities,627,566,874,1403,985
Total current liabilities,3562,4025,3263,3521,3541
Non-current liabilities
Long-term debt,737,416,955,883,688
Capital leases,,,,5,5
Deferred revenues,,1,0,1,2
Other long-term liabilities,1024,968,944,887,815
Total non-current liabilities,1761,1385,1899,1776,1510
Total liabilities,5323,5410,5162,5297,5051
Stockholders' equity
Common stock,1495,1495,2096,2096,2096
Additional paid-in capital,885,885,919,919,919
Retained earnings,-2386,-2271,-2361,-2808,-2661
Accumulated other comprehensive income,951,487,2810,2964,3049
Total stockholders' equity,945,597,3463,3172,3404
Total liabilities and stockholders' equity,6268,6007,8626,8469,8455
